/* Generated by tools/product_fonts.py. Source/license: Graphics/Assets/Fonts/source/ddin/D-DIN.otf. */

#include "Product_NumberFonts.h"

#if NOODOE_PRODUCT
#include "Resources.h"
#include "Product_FontBinding.h"
#endif

#if !NOODOE_PRODUCT
static const uint8_t product_number_20_bitmap[]={
0x00,0x08,0x60,0x09,0x60,0x00,0x0c,0x60,0x0d,0x50,0x00,0x0e,0x40,0x0f,0x30,0x00,0x1f,0x20,0x2f,0x10,0x0a,0xbf,0xaa,0xbf,
0xa7,0x06,0x9e,0x66,0xad,0x64,0x00,0x7b,0x00,0x8a,0x00,0x00,0x99,0x00,0xa8,0x00,0x48,0xdb,0x88,0xdb,0x82,0x49,0xeb,0x99,
0xfb,0x92,0x00,0xf3,0x00,0xf3,0x00,0x02,0xf1,0x02,0xf1,0x00,0x04,0xe0,0x04,0xe0,0x00,0x06,0xc0,0x06,0xc0,0x00,0x00,0x00,
0x46,0x00,0x00,0x00,0x00,0x8b,0x00,0x00,0x00,0x00,0x8b,0x00,0x00,0x02,0x33,0x9c,0x33,0x30,0x0d,0xff,0xff,0xff,0xf1,0x02,
0x22,0x9c,0x22,0x20,0x00,0x00,0x8b,0x00,0x00,0x00,0x00,0x8b,0x00,0x00,0x00,0x00,0x45,0x00,0x00,0x00,0x00,0x00,0x00,0x00,
0x0c,0x50,0x0e,0x60,0x0e,0x60,0x0e,0x40,0x05,0x00,0x07,0x99,0x99,0x60,0x09,0xbb,0xbb,0x70,0x00,0x00,0x00,0x00,0x00,0x00,
0x00,0x00,0x00,0x00,0x00,0x00,0x00,0x00,0x00,0x00,0x00,0x00,0x00,0x00,0x00,0x00,0x00,0x00,0x0c,0xa0,0x0e,0xc0,0x00,0x00,
0x08,0x60,0x00,0x00,0x0e,0x40,0x00,0x00,0x4e,0x00,0x00,0x00,0x8a,0x00,0x00,0x00,0xd5,0x00,0x00,0x02,0xf1,0x00,0x00,0x07,
0xb0,0x00,0x00,0x0c,0x60,0x00,0x00,0x1f,0x20,0x00,0x00,0x6c,0x00,0x00,0x00,0xa8,0x00,0x00,0x01,0xe3,0x00,0x00,0x05,0xd0,
0x00,0x00,0x09,0x90,0x00,0x00,0x02,0x10,0x00,0x00,0x00,0x2b,0xed,0xa1,0x00,0x01,0xed,0x67,0xec,0x00,0x06,0xf2,0x00,0x4f,
0x40,0x09,0xd0,0x00,0x0f,0x60,0x0a,0xc0,0x00,0x0e,0x80,0x0a,0xb0,0x00,0x0e,0x80,0x0a,0xb0,0x00,0x0e,0x80,0x0a,0xb0,0x00,
0x0e,0x80,0x0a,0xb0,0x00,0x0e,0x80,0x0a,0xc0,0x00,0x0e,0x80,0x09,0xd0,0x00,0x0f,0x70,0x07,0xf1,0x00,0x3f,0x50,0x02,0xfa,
0x33,0xcd,0x00,0x00,0x5e,0xff,0xd3,0x00,0x00,0x00,0x21,0x00,0x00,0x00,0x3b,0xa0,0x00,0x05,0xef,0xc0,0x00,0x0f,0x8a,0xc0,
0x00,0x04,0x09,0xc0,0x00,0x00,0x09,0xc0,0x00,0x00,0x09,0xc0,0x00,0x00,0x09,0xc0,0x00,0x00,0x09,0xc0,0x00,0x00,0x09,0xc0,
0x00,0x00,0x09,0xc0,0x00,0x00,0x09,0xc0,0x00,0x00,0x09,0xc0,0x00,0x00,0x09,0xc0,0x00,0x00,0x09,0xc0,0x00,0x00,0x4c,0xec,
0x70,0x00,0x04,0xfa,0x58,0xf8,0x00,0x0a,0xc0,0x00,0x8e,0x00,0x0b,0x90,0x00,0x5f,0x20,0x00,0x00,0x00,0x7f,0x10,0x00,0x00,
0x00,0xcc,0x00,0x00,0x00,0x06,0xf3,0x00,0x00,0x00,0x2e,0x90,0x00,0x00,0x00,0xcd,0x10,0x00,0x00,0x08,0xf3,0x00,0x00,0x00,
0x3f,0x70,0x00,0x00,0x01,0xdc,0x00,0x00,0x00,0x09,0xf7,0x44,0x44,0x10,0x0c,0xff,0xff,0xff,0x30,0x00,0x3b,0xed,0x91,0x00,
0x02,0xeb,0x67,0xeb,0x00,0x07,0xe1,0x00,0x5f,0x30,0x06,0x80,0x00,0x2f,0x50,0x00,0x00,0x00,0x3f,0x20,0x00,0x00,0x01,0xac,
0x00,0x00,0x00,0xce,0xd1,0x00,0x00,0x00,0x7a,0xfa,0x00,0x00,0x00,0x00,0x5f,0x40,0x00,0x00,0x00,0x0e,0x80,0x05,0x40,0x00,
0x0e,0x80,0x0a,0xc0,0x00,0x2f,0x60,0x05,0xf8,0x23,0xbe,0x10,0x00,0x7e,0xff,0xc3,0x00,0x00,0x00,0x21,0x00,0x00,0x00,0x00,
0x1c,0x40,0x00,0x00,0x00,0x8e,0x10,0x00,0x00,0x00,0xe8,0x00,0x00,0x00,0x05,0xf2,0x00,0x00,0x00,0x0c,0xa0,0x00,0x00,0x00,
0x3f,0x40,0x00,0x00,0x00,0x9d,0x00,0xb6,0x00,0x01,0xf6,0x00,0xe8,0x00,0x07,0xe1,0x00,0xe8,0x00,0x0d,0x90,0x00,0xe8,0x00,
0x1f,0xff,0xff,0xff,0xf1,0x05,0x55,0x55,0xea,0x50,0x00,0x00,0x00,0xe8,0x00,0x00,0x00,0x00,0xe8,0x00,0x06,0xcc,0xcc,0xcc,
0x20,0x07,0xe8,0x88,0x88,0x10,0x07,0xd0,0x00,0x00,0x00,0x07,0xd0,0x00,0x00,0x00,0x07,0xd0,0x00,0x00,0x00,0x07,0xd7,0xdd,
0x91,0x00,0x07,0xfc,0x78,0xeb,0x00,0x05,0xb1,0x00,0x6f,0x20,0x00,0x00,0x00,0x2f,0x50,0x00,0x00,0x00,0x2f,0x50,0x03,0x30,
0x00,0x2f,0x50,0x09,0xc0,0x00,0x5f,0x30,0x05,0xf8,0x24,0xdc,0x00,0x00,0x7e,0xff,0xc2,0x00,0x00,0x00,0x21,0x00,0x00,0x00,
0x00,0x0b,0x60,0x00,0x00,0x00,0x6f,0x20,0x00,0x00,0x00,0xd9,0x00,0x00,0x00,0x06,0xf2,0x00,0x00,0x00,0x0d,0x90,0x00,0x00,
0x00,0x6f,0x31,0x00,0x00,0x00,0xde,0xff,0xd5,0x00,0x05,0xfa,0x44,0xcf,0x20,0x0a,0xd0,0x00,0x1e,0x80,0x0c,0xa0,0x00,0x0c,
0xa0,0x0c,0xa0,0x00,0x0c,0x90,0x0a,0xd0,0x00,0x1e,0x60,0x03,0xf9,0x33,0xbe,0x20,0x00,0x5e,0xff,0xc3,0x00,0x00,0x00,0x21,
0x00,0x00,0x2c,0xcc,0xcc,0xca,0x00,0x28,0x88,0x88,0xdc,0x00,0x00,0x00,0x00,0xe7,0x00,0x00,0x00,0x05,0xf2,0x00,0x00,0x00,
0x0a,0xb0,0x00,0x00,0x00,0x1f,0x60,0x00,0x00,0x00,0x6e,0x10,0x00,0x00,0x00,0xca,0x00,0x00,0x00,0x02,0xf4,0x00,0x00,0x00,
0x08,0xe0,0x00,0x00,0x00,0x0d,0x90,0x00,0x00,0x00,0x3f,0x30,0x00,0x00,0x00,0x9d,0x00,0x00,0x00,0x00,0xe7,0x00,0x00,0x00,
0x00,0x08,0xdd,0xa2,0x00,0x00,0xbe,0x76,0xcd,0x10,0x02,0xf4,0x00,0x1f,0x60,0x06,0xf1,0x00,0x0d,0x90,0x04,0xf2,0x00,0x0e,
0x70,0x00,0xea,0x10,0x7f,0x30,0x00,0x2e,0xfe,0xf5,0x00,0x00,0x9e,0x87,0xdc,0x10,0x06,0xf3,0x00,0x1d,0x90,0x0a,0xc0,0x00,
0x09,0xd0,0x0a,0xc0,0x00,0x09,0xd0,0x06,0xe1,0x00,0x0c,0xa0,0x02,0xeb,0x32,0x9f,0x40,0x00,0x3c,0xff,0xd5,0x00,0x00,0x00,
0x12,0x00,0x00,0x00,0x2a,0xde,0xa2,0x00,0x02,0xdc,0x66,0xdd,0x10,0x08,0xe1,0x00,0x2f,0x70,0x0b,0xa0,0x00,0x0d,0x90,0x0c,
0xa0,0x00,0x0c,0xa0,0x0a,0xc0,0x00,0x0e,0x80,0x06,0xf7,0x11,0x9f,0x40,0x00,0x9f,0xff,0xfd,0x00,0x00,0x02,0x55,0xf6,0x00,
0x00,0x00,0x0a,0xd0,0x00,0x00,0x00,0x2f,0x60,0x00,0x00,0x00,0x9d,0x00,0x00,0x00,0x02,0xf6,0x00,0x00,0x00,0x09,0xd0,0x00,
0x00,0x08,0x70,0x0e,0xc0,0x04,0x30,0x00,0x00,0x00,0x00,0x00,0x00,0x00,0x00,0x0c,0xa0,0x0e,0xc0,
};
#endif

static const lv_font_fmt_txt_glyph_dsc_t product_number_20_glyphs[]={
{.bitmap_index=0,.adv_w=0,.box_w=0,.box_h=0,.ofs_x=0,.ofs_y=0},
{.bitmap_index=0,.adv_w=64,.box_w=4,.box_h=0,.ofs_x=0,.ofs_y=0},
{.bitmap_index=0,.adv_w=160,.box_w=10,.box_h=14,.ofs_x=0,.ofs_y=0},
{.bitmap_index=70,.adv_w=160,.box_w=10,.box_h=10,.ofs_x=0,.ofs_y=0},
{.bitmap_index=120,.adv_w=48,.box_w=3,.box_h=5,.ofs_x=0,.ofs_y=-3},
{.bitmap_index=130,.adv_w=128,.box_w=8,.box_h=8,.ofs_x=0,.ofs_y=0},
{.bitmap_index=162,.adv_w=64,.box_w=4,.box_h=2,.ofs_x=0,.ofs_y=0},
{.bitmap_index=166,.adv_w=128,.box_w=8,.box_h=15,.ofs_x=0,.ofs_y=-1},
{.bitmap_index=226,.adv_w=160,.box_w=10,.box_h=15,.ofs_x=0,.ofs_y=-1},
{.bitmap_index=301,.adv_w=160,.box_w=7,.box_h=14,.ofs_x=1,.ofs_y=0},
{.bitmap_index=357,.adv_w=160,.box_w=9,.box_h=14,.ofs_x=0,.ofs_y=0},
{.bitmap_index=427,.adv_w=160,.box_w=10,.box_h=15,.ofs_x=0,.ofs_y=-1},
{.bitmap_index=502,.adv_w=160,.box_w=10,.box_h=14,.ofs_x=0,.ofs_y=0},
{.bitmap_index=572,.adv_w=160,.box_w=10,.box_h=15,.ofs_x=0,.ofs_y=-1},
{.bitmap_index=647,.adv_w=160,.box_w=10,.box_h=15,.ofs_x=0,.ofs_y=-1},
{.bitmap_index=722,.adv_w=160,.box_w=9,.box_h=14,.ofs_x=0,.ofs_y=0},
{.bitmap_index=792,.adv_w=160,.box_w=10,.box_h=15,.ofs_x=0,.ofs_y=-1},
{.bitmap_index=867,.adv_w=160,.box_w=10,.box_h=14,.ofs_x=0,.ofs_y=0},
{.bitmap_index=937,.adv_w=64,.box_w=4,.box_h=9,.ofs_x=0,.ofs_y=0},
};

static const uint16_t product_number_20_unicode[]={0,3,11,12,13,14,15,16,17,18,19,20,21,22,23,24,25,26};

static const lv_font_fmt_txt_cmap_t product_number_20_map[]={{.range_start=32,.range_length=27,.glyph_id_start=1,.unicode_list=product_number_20_unicode,.list_length=18,.type=LV_FONT_FMT_TXT_CMAP_SPARSE_TINY}};

static lv_font_fmt_txt_dsc_t product_number_20_dsc={
#if !NOODOE_PRODUCT
.glyph_bitmap=product_number_20_bitmap,
#endif
.glyph_dsc=product_number_20_glyphs,.cmaps=product_number_20_map,.cmap_num=1,.bpp=4,.bitmap_format=0,.stride=1};

const lv_font_t product_number_20={.get_glyph_dsc=lv_font_get_glyph_dsc_fmt_txt,.get_glyph_bitmap=lv_font_get_bitmap_fmt_txt,.line_height=21,.base_line=5,.dsc=&product_number_20_dsc};

#if !NOODOE_PRODUCT
static const uint8_t product_number_32_bitmap[]={
0x00,0x11,0x00,0x11,0x00,0x05,0xfc,0x00,0xef,0x20,0x05,0xfc,0x00,0xef,0x20,0x05,0xfc,0x00,0xef,0x20,0x05,0xfc,0x00,0xef,
0x20,0x05,0xfc,0x00,0xef,0x20,0x05,0xfc,0x00,0xef,0x20,0x05,0xfc,0x00,0xef,0x20,0x01,0x43,0x00,0x44,0x10,0x00,0x00,0x00,
0x00,0x00,0x00,0x00,0x00,0x00,0x00,0x00,0x00,0x00,0x00,0x00,0x00,0x00,0x00,0x00,0x00,0x00,0x00,0x00,0x00,0x00,0x00,0x00,
0x00,0x00,0x00,0x00,0x00,0x00,0x00,0x00,0x00,0x00,0x00,0x00,0x00,0x00,0x00,0x00,0x00,0x00,0x00,0x00,0x00,0x00,0x00,0x00,
0x00,0x00,0x00,0x00,0x00,0x00,0x00,0x00,0x00,0x00,0x00,0x00,0x00,0x00,0x00,0x00,0x00,0x00,0x00,0x00,0x00,0x01,0x10,0x00,
0x00,0x11,0x00,0x00,0x00,0x0a,0xf3,0x00,0x06,0xf8,0x00,0x00,0x00,0x0c,0xf1,0x00,0x08,0xf6,0x00,0x00,0x00,0x0e,0xe0,0x00,
0x0a,0xf4,0x00,0x00,0x00,0x1f,0xc0,0x00,0x0c,0xf2,0x00,0x00,0x00,0x3f,0xa0,0x00,0x0d,0xf0,0x00,0x00,0x00,0x5f,0x80,0x00,
0x0f,0xd0,0x00,0x03,0x88,0xbf,0xb8,0x88,0x9f,0xe8,0x84,0x07,0xff,0xff,0xff,0xff,0xff,0xff,0xf8,0x02,0x44,0xcf,0x54,0x44,
0x9f,0x94,0x42,0x00,0x00,0xdf,0x10,0x00,0x8f,0x50,0x00,0x00,0x00,0xfe,0x00,0x00,0xaf,0x30,0x00,0x00,0x02,0xfc,0x00,0x00,
0xcf,0x20,0x00,0x00,0x04,0xfa,0x00,0x00,0xef,0x00,0x00,0x3d,0xde,0xfe,0xdd,0xdd,0xff,0xdd,0xa0,0x3e,0xef,0xfe,0xee,0xee,
0xff,0xee,0xb0,0x00,0x0a,0xf4,0x00,0x05,0xf9,0x00,0x00,0x00,0x0c,0xf2,0x00,0x07,0xf7,0x00,0x00,0x00,0x0e,0xf0,0x00,0x09,
0xf5,0x00,0x00,0x00,0x1f,0xd0,0x00,0x0b,0xf3,0x00,0x00,0x00,0x3f,0xb0,0x00,0x0d,0xf1,0x00,0x00,0x00,0x5f,0x90,0x00,0x0f,
0xe0,0x00,0x00,0x00,0x7f,0x70,0x00,0x2f,0xc0,0x00,0x00,0x00,0x11,0x00,0x05,0xfc,0x00,0x05,0xfc,0x00,0x05,0xfc,0x00,0x05,
0xfc,0x00,0x05,0xfc,0x00,0x05,0xfc,0x00,0x05,0xfc,0x00,0x01,0x43,0x00,0x00,0x00,0x00,0x00,0x00,0x00,0x00,0x00,0x00,0x00,
0x00,0x00,0x00,0x00,0x00,0x00,0x00,0x00,0x00,0x00,0x00,0x00,0x00,0x00,0x00,0x00,0x00,0x00,0x00,0x00,0x00,0x00,0x00,0x00,
0x00,0x00,0x00,0x00,0x00,0x00,0x00,0x00,0x00,0x00,0x00,0x02,0x31,0x00,0x00,0x00,0x00,0x00,0x00,0x0d,0xf3,0x00,0x00,0x00,
0x00,0x00,0x00,0x0d,0xf3,0x00,0x00,0x00,0x00,0x00,0x00,0x0d,0xf3,0x00,0x00,0x00,0x00,0x00,0x00,0x0d,0xf3,0x00,0x00,0x00,
0x00,0x00,0x00,0x0d,0xf3,0x00,0x00,0x00,0x02,0xdd,0xdd,0xdf,0xfe,0xdd,0xdd,0x70,0x03,0xff,0xff,0xff,0xff,0xff,0xff,0x80,
0x01,0x33,0x33,0x3e,0xf6,0x33,0x33,0x20,0x00,0x00,0x00,0x0d,0xf3,0x00,0x00,0x00,0x00,0x00,0x00,0x0d,0xf3,0x00,0x00,0x00,
0x00,0x00,0x00,0x0d,0xf3,0x00,0x00,0x00,0x00,0x00,0x00,0x0d,0xf3,0x00,0x00,0x00,0x00,0x00,0x00,0x07,0x82,0x00,0x00,0x00,
0x00,0x00,0x00,0x00,0x00,0x00,0x00,0x00,0x00,0x00,0x00,0x00,0x00,0x00,0x00,0x00,0x05,0xfc,0x00,0x05,0xfc,0x00,0x05,0xfc,
0x00,0x05,0xfc,0x00,0x05,0xfc,0x00,0x05,0xf9,0x00,0x05,0x90,0x00,0x01,0x00,0x00,0x00,0x22,0x22,0x22,0x22,0x20,0x00,0x02,
0xff,0xff,0xff,0xff,0xa0,0x00,0x02,0xee,0xee,0xee,0xee,0xa0,0x00,0x00,0x00,0x00,0x00,0x00,0x00,0x00,0x00,0x00,0x00,0x00,
0x00,0x00,0x00,0x00,0x00,0x00,0x00,0x00,0x00,0x00,0x00,0x00,0x00,0x00,0x00,0x00,0x00,0x00,0x00,0x00,0x00,0x00,0x00,0x00,
0x00,0x00,0x00,0x00,0x00,0x00,0x00,0x00,0x00,0x00,0x00,0x00,0x00,0x00,0x00,0x00,0x00,0x00,0x00,0x00,0x00,0x00,0x00,0x00,
0x00,0x00,0x00,0x00,0x00,0x00,0x00,0x00,0x00,0x00,0x00,0x04,0xee,0x70,0x05,0xff,0x70,0x05,0xff,0x70,0x00,0x00,0x00,0x00,
0x01,0x10,0x00,0x00,0x00,0x00,0x00,0x7f,0x70,0x00,0x00,0x00,0x00,0x00,0xbf,0x20,0x00,0x00,0x00,0x00,0x01,0xfd,0x00,0x00,
0x00,0x00,0x00,0x05,0xf8,0x00,0x00,0x00,0x00,0x00,0x0a,0xf4,0x00,0x00,0x00,0x00,0x00,0x0e,0xe0,0x00,0x00,0x00,0x00,0x00,
0x4f,0x90,0x00,0x00,0x00,0x00,0x00,0x9f,0x50,0x00,0x00,0x00,0x00,0x00,0xdf,0x10,0x00,0x00,0x00,0x00,0x03,0xfb,0x00,0x00,
0x00,0x00,0x00,0x08,0xf6,0x00,0x00,0x00,0x00,0x00,0x0c,0xf2,0x00,0x00,0x00,0x00,0x00,0x2f,0xc0,0x00,0x00,0x00,0x00,0x00,
0x6f,0x70,0x00,0x00,0x00,0x00,0x00,0xbf,0x30,0x00,0x00,0x00,0x00,0x01,0xfd,0x00,0x00,0x00,0x00,0x00,0x05,0xf9,0x00,0x00,
0x00,0x00,0x00,0x0a,0xf4,0x00,0x00,0x00,0x00,0x00,0x0e,0xe0,0x00,0x00,0x00,0x00,0x00,0x4f,0xa0,0x00,0x00,0x00,0x00,0x00,
0x8f,0x50,0x00,0x00,0x00,0x00,0x00,0xdf,0x10,0x00,0x00,0x00,0x00,0x00,0x54,0x00,0x00,0x00,0x00,0x00,0x00,0x00,0x00,0x25,
0x42,0x00,0x00,0x00,0x00,0x00,0x5e,0xff,0xff,0xd3,0x00,0x00,0x00,0x07,0xff,0xfc,0xdf,0xff,0x40,0x00,0x00,0x1e,0xfb,0x10,
0x02,0xdf,0xc0,0x00,0x00,0x7f,0xf1,0x00,0x00,0x4f,0xf4,0x00,0x00,0xaf,0xa0,0x00,0x00,0x0e,0xf6,0x00,0x00,0xcf,0x80,0x00,
0x00,0x0c,0xf8,0x00,0x00,0xdf,0x70,0x00,0x00,0x0b,0xfa,0x00,0x00,0xdf,0x70,0x00,0x00,0x0a,0xfa,0x00,0x00,0xdf,0x70,0x00,
0x00,0x0a,0xfa,0x00,0x00,0xdf,0x70,0x00,0x00,0x0a,0xfa,0x00,0x00,0xdf,0x70,0x00,0x00,0x0a,0xfa,0x00,0x00,0xdf,0x70,0x00,
0x00,0x0a,0xfa,0x00,0x00,0xdf,0x70,0x00,0x00,0x0a,0xfa,0x00,0x00,0xdf,0x70,0x00,0x00,0x0a,0xfa,0x00,0x00,0xdf,0x70,0x00,
0x00,0x0a,0xfa,0x00,0x00,0xdf,0x70,0x00,0x00,0x0b,0xf9,0x00,0x00,0xbf,0x80,0x00,0x00,0x0c,0xf8,0x00,0x00,0x9f,0xb0,0x00,
0x00,0x0e,0xf6,0x00,0x00,0x7f,0xf1,0x00,0x00,0x5f,0xf3,0x00,0x00,0x1e,0xfb,0x10,0x03,0xef,0xb0,0x00,0x00,0x06,0xff,0xfd,
0xef,0xfe,0x30,0x00,0x00,0x00,0x4d,0xff,0xff,0xb2,0x00,0x00,0x00,0x00,0x00,0x14,0x31,0x00,0x00,0x00,0x00,0x00,0x01,0x11,
0x00,0x00,0x00,0x00,0x6f,0xfb,0x00,0x00,0x00,0x19,0xff,0xfb,0x00,0x00,0x02,0xcf,0xfe,0xfb,0x00,0x00,0x06,0xfe,0x59,0xfb,
0x00,0x00,0x06,0xc2,0x09,0xfb,0x00,0x00,0x02,0x00,0x09,0xfb,0x00,0x00,0x00,0x00,0x09,0xfb,0x00,0x00,0x00,0x00,0x09,0xfb,
0x00,0x00,0x00,0x00,0x09,0xfb,0x00,0x00,0x00,0x00,0x09,0xfb,0x00,0x00,0x00,0x00,0x09,0xfb,0x00,0x00,0x00,0x00,0x09,0xfb,
0x00,0x00,0x00,0x00,0x09,0xfb,0x00,0x00,0x00,0x00,0x09,0xfb,0x00,0x00,0x00,0x00,0x09,0xfb,0x00,0x00,0x00,0x00,0x09,0xfb,
0x00,0x00,0x00,0x00,0x09,0xfb,0x00,0x00,0x00,0x00,0x09,0xfb,0x00,0x00,0x00,0x00,0x09,0xfb,0x00,0x00,0x00,0x00,0x09,0xfb,
0x00,0x00,0x00,0x00,0x09,0xfb,0x00,0x00,0x00,0x00,0x09,0xfb,0x00,0x00,0x00,0x00,0x01,0x35,0x41,0x00,0x00,0x00,0x00,0x01,
0x9f,0xff,0xff,0x91,0x00,0x00,0x00,0x0c,0xff,0xdb,0xdf,0xfb,0x00,0x00,0x00,0x7f,0xf4,0x00,0x06,0xff,0x70,0x00,0x00,0xdf,
0x80,0x00,0x00,0xaf,0xd0,0x00,0x00,0xff,0x40,0x00,0x00,0x6f,0xf0,0x00,0x02,0xdd,0x20,0x00,0x00,0x4f,0xf1,0x00,0x00,0x00,
0x00,0x00,0x00,0x7f,0xe0,0x00,0x00,0x00,0x00,0x00,0x00,0xaf,0xb0,0x00,0x00,0x00,0x00,0x00,0x03,0xff,0x60,0x00,0x00,0x00,
0x00,0x00,0x0b,0xfd,0x00,0x00,0x00,0x00,0x00,0x00,0x6f,0xf4,0x00,0x00,0x00,0x00,0x00,0x02,0xef,0x90,0x00,0x00,0x00,0x00,
0x00,0x0c,0xfd,0x10,0x00,0x00,0x00,0x00,0x00,0x7f,0xf4,0x00,0x00,0x00,0x00,0x00,0x03,0xff,0x80,0x00,0x00,0x00,0x00,0x00,
0x1d,0xfc,0x00,0x00,0x00,0x00,0x00,0x00,0x9f,0xf3,0x00,0x00,0x00,0x00,0x00,0x04,0xff,0x70,0x00,0x00,0x00,0x00,0x00,0x1e,
0xfb,0x00,0x00,0x00,0x00,0x00,0x00,0xaf,0xe3,0x11,0x11,0x11,0x10,0x00,0x02,0xff,0xff,0xff,0xff,0xff,0xf1,0x00,0x02,0xff,
0xff,0xff,0xff,0xff,0xf1,0x00,0x00,0x00,0x01,0x35,0x42,0x00,0x00,0x00,0x00,0x00,0x7e,0xff,0xff,0xb2,0x00,0x00,0x00,0x09,
0xff,0xeb,0xcf,0xfe,0x20,0x00,0x00,0x4f,0xf7,0x00,0x03,0xef,0xb0,0x00,0x00,0x8f,0xc0,0x00,0x00,0x5f,0xf1,0x00,0x00,0xbf,
0x80,0x00,0x00,0x1f,0xf3,0x00,0x00,0x67,0x30,0x00,0x00,0x0f,0xf5,0x00,0x00,0x00,0x00,0x00,0x00,0x1f,0xf3,0x00,0x00,0x00,
0x00,0x00,0x00,0x5f,0xe1,0x00,0x00,0x00,0x00,0x00,0x02,0xdf,0x80,0x00,0x00,0x00,0x00,0x48,0xae,0xfa,0x00,0x00,0x00,0x00,
0x00,0x8f,0xff,0xd2,0x00,0x00,0x00,0x00,0x00,0x59,0xbf,0xff,0x40,0x00,0x00,0x00,0x00,0x00,0x02,0xcf,0xe1,0x00,0x00,0x00,
0x00,0x00,0x00,0x2f,0xf6,0x00,0x00,0x00,0x00,0x00,0x00,0x0c,0xf9,0x00,0x00,0x00,0x00,0x00,0x00,0x0a,0xfb,0x00,0x00,0x77,
0x20,0x00,0x00,0x0a,0xfa,0x00,0x00,0xff,0x60,0x00,0x00,0x0c,0xf8,0x00,0x00,0xcf,0xa0,0x00,0x00,0x3f,0xf5,0x00,0x00,0x7f,
0xf7,0x00,0x03,0xdf,0xc0,0x00,0x00,0x0b,0xff,0xec,0xdf,0xfe,0x30,0x00,0x00,0x00,0x7e,0xff,0xff,0xa2,0x00,0x00,0x00,0x00,
0x00,0x24,0x31,0x00,0x00,0x00,0x00,0x00,0x00,0x00,0x11,0x00,0x00,0x00,0x00,0x00,0x00,0x02,0xff,0x30,0x00,0x00,0x00,0x00,
0x00,0x09,0xfb,0x00,0x00,0x00,0x00,0x00,0x00,0x1e,0xf5,0x00,0x00,0x00,0x00,0x00,0x00,0x6f,0xd0,0x00,0x00,0x00,0x00,0x00,
0x00,0xdf,0x70,0x00,0x00,0x00,0x00,0x00,0x04,0xff,0x10,0x00,0x00,0x00,0x00,0x00,0x0a,0xfa,0x00,0x00,0x00,0x00,0x00,0x00,
0x2f,0xf3,0x00,0x00,0x00,0x00,0x00,0x00,0x8f,0xc0,0x00,0x00,0x00,0x00,0x00,0x00,0xef,0x50,0x02,0x77,0x10,0x00,0x00,0x06,
0xfe,0x00,0x04,0xff,0x10,0x00,0x00,0x0c,0xf8,0x00,0x04,0xff,0x10,0x00,0x00,0x3f,0xf2,0x00,0x04,0xff,0x10,0x00,0x00,0xaf,
0xa0,0x00,0x04,0xff,0x10,0x00,0x01,0xff,0x40,0x00,0x04,0xff,0x10,0x00,0x07,0xfe,0x66,0x66,0x68,0xff,0x76,0x30,0x08,0xff,
0xff,0xff,0xff,0xff,0xff,0x70,0x05,0xaa,0xaa,0xaa,0xab,0xff,0xba,0x50,0x00,0x00,0x00,0x00,0x04,0xff,0x10,0x00,0x00,0x00,
0x00,0x00,0x04,0xff,0x10,0x00,0x00,0x00,0x00,0x00,0x04,0xff,0x10,0x00,0x00,0x00,0x00,0x00,0x04,0xff,0x10,0x00,0x00,0x11,
0x11,0x11,0x11,0x11,0x10,0x00,0x00,0x8f,0xff,0xff,0xff,0xff,0xf0,0x00,0x00,0x8f,0xff,0xff,0xff,0xff,0xf0,0x00,0x00,0x8f,
0x91,0x11,0x11,0x11,0x10,0x00,0x00,0x8f,0x90,0x00,0x00,0x00,0x00,0x00,0x00,0x8f,0x90,0x00,0x00,0x00,0x00,0x00,0x00,0x8f,
0x90,0x00,0x00,0x00,0x00,0x00,0x00,0x8f,0x90,0x00,0x00,0x00,0x00,0x00,0x00,0x8f,0x90,0x03,0x41,0x00,0x00,0x00,0x00,0x8f,
0x98,0xff,0xff,0xc2,0x00,0x00,0x00,0x8f,0xff,0xec,0xef,0xfe,0x20,0x00,0x00,0x8f,0xfa,0x10,0x04,0xef,0xa0,0x00,0x00,0x8f,
0xd1,0x00,0x00,0x7f,0xf1,0x00,0x00,0x00,0x00,0x00,0x00,0x2f,0xf3,0x00,0x00,0x00,0x00,0x00,0x00,0x0f,0xf5,0x00,0x00,0x00,
0x00,0x00,0x00,0x0f,0xf6,0x00,0x00,0x00,0x00,0x00,0x00,0x0f,0xf6,0x00,0x00,0x33,0x10,0x00,0x00,0x0f,0xf5,0x00,0x00,0xdf,
0x60,0x00,0x00,0x2f,0xf3,0x00,0x00,0xaf,0xa0,0x00,0x00,0x7f,0xf1,0x00,0x00,0x6f,0xf7,0x00,0x05,0xef,0x90,0x00,0x00,0x0b,
0xff,0xec,0xef,0xfd,0x10,0x00,0x00,0x00,0x7e,0xff,0xff,0xa1,0x00,0x00,0x00,0x00,0x00,0x24,0x31,0x00,0x00,0x00,0x00,0x00,
0x00,0x00,0x11,0x10,0x00,0x00,0x00,0x00,0x00,0x01,0xef,0x70,0x00,0x00,0x00,0x00,0x00,0x07,0xfe,0x10,0x00,0x00,0x00,0x00,
0x00,0x0e,0xf8,0x00,0x00,0x00,0x00,0x00,0x00,0x6f,0xe1,0x00,0x00,0x00,0x00,0x00,0x00,0xdf,0x80,0x00,0x00,0x00,0x00,0x00,
0x06,0xfe,0x10,0x00,0x00,0x00,0x00,0x00,0x0d,0xf8,0x00,0x00,0x00,0x00,0x00,0x00,0x6f,0xe1,0x00,0x00,0x00,0x00,0x00,0x00,
0xdf,0x80,0x00,0x00,0x00,0x00,0x00,0x06,0xff,0xbe,0xfd,0x92,0x00,0x00,0x00,0x0d,0xff,0xff,0xff,0xfe,0x40,0x00,0x00,0x4f,
0xfd,0x52,0x37,0xef,0xd1,0x00,0x00,0xaf,0xe1,0x00,0x00,0x4f,0xf7,0x00,0x00,0xdf,0x80,0x00,0x00,0x0b,0xfa,0x00,0x01,0xff,
0x50,0x00,0x00,0x08,0xfd,0x00,0x02,0xff,0x40,0x00,0x00,0x06,0xfe,0x00,0x01,0xff,0x40,0x00,0x00,0x07,0xfd,0x00,0x00,0xef,
0x70,0x00,0x00,0x09,0xfb,0x00,0x00,0xbf,0xd0,0x00,0x00,0x1e,0xf7,0x00,0x00,0x3f,0xfa,0x10,0x02,0xcf,0xe1,0x00,0x00,0x08,
0xff,0xfc,0xdf,0xff,0x50,0x00,0x00,0x00,0x4d,0xff,0xff,0xc3,0x00,0x00,0x00,0x00,0x00,0x14,0x42,0x00,0x00,0x00,0x01,0x11,
0x11,0x11,0x11,0x11,0x10,0x0b,0xff,0xff,0xff,0xff,0xff,0x70,0x0b,0xff,0xff,0xff,0xff,0xff,0x70,0x00,0x11,0x11,0x11,0x11,
0xef,0x50,0x00,0x00,0x00,0x00,0x04,0xfe,0x00,0x00,0x00,0x00,0x00,0x09,0xf9,0x00,0x00,0x00,0x00,0x00,0x1e,0xf4,0x00,0x00,
0x00,0x00,0x00,0x5f,0xd0,0x00,0x00,0x00,0x00,0x00,0xbf,0x80,0x00,0x00,0x00,0x00,0x02,0xff,0x30,0x00,0x00,0x00,0x00,0x07,
0xfc,0x00,0x00,0x00,0x00,0x00,0x0c,0xf7,0x00,0x00,0x00,0x00,0x00,0x3f,0xf1,0x00,0x00,0x00,0x00,0x00,0x8f,0xb0,0x00,0x00,
0x00,0x00,0x00,0xef,0x50,0x00,0x00,0x00,0x00,0x04,0xfe,0x10,0x00,0x00,0x00,0x00,0x0a,0xfa,0x00,0x00,0x00,0x00,0x00,0x1e,
0xf4,0x00,0x00,0x00,0x00,0x00,0x6f,0xe0,0x00,0x00,0x00,0x00,0x00,0xbf,0x80,0x00,0x00,0x00,0x00,0x02,0xff,0x30,0x00,0x00,
0x00,0x00,0x07,0xfd,0x00,0x00,0x00,0x00,0x00,0x0d,0xf7,0x00,0x00,0x00,0x00,0x00,0x00,0x00,0x25,0x53,0x00,0x00,0x00,0x00,
0x00,0x2b,0xff,0xff,0xe6,0x00,0x00,0x00,0x02,0xef,0xfc,0xbe,0xff,0x80,0x00,0x00,0x0c,0xfd,0x30,0x01,0xaf,0xf3,0x00,0x00,
0x3f,0xf4,0x00,0x00,0x1d,0xf9,0x00,0x00,0x6f,0xf0,0x00,0x00,0x09,0xfc,0x00,0x00,0x7f,0xd0,0x00,0x00,0x07,0xfd,0x00,0x00,
0x6f,0xf0,0x00,0x00,0x09,0xfb,0x00,0x00,0x3f,0xf4,0x00,0x00,0x0d,0xf9,0x00,0x00,0x0b,0xfd,0x20,0x00,0x9f,0xf2,0x00,0x00,
0x02,0xdf,0xfb,0xad,0xff,0x50,0x00,0x00,0x00,0x4f,0xff,0xff,0xf9,0x00,0x00,0x00,0x05,0xff,0xd9,0x8b,0xff,0xa0,0x00,0x00,
0x2e,0xf9,0x00,0x00,0x4f,0xf7,0x00,0x00,0x8f,0xd1,0x00,0x00,0x08,0xfd,0x00,0x00,0xcf,0x90,0x00,0x00,0x03,0xff,0x20,0x00,
0xdf,0x70,0x00,0x00,0x01,0xff,0x40,0x00,0xdf,0x70,0x00,0x00,0x02,0xff,0x30,0x00,0xbf,0xa0,0x00,0x00,0x04,0xff,0x20,0x00,
0x7f,0xe2,0x00,0x00,0x0b,0xfd,0x00,0x00,0x2e,0xfc,0x30,0x01,0x9f,0xf6,0x00,0x00,0x05,0xff,0xfd,0xcf,0xff,0xa0,0x00,0x00,
0x00,0x3b,0xff,0xff,0xd6,0x00,0x00,0x00,0x00,0x00,0x24,0x43,0x00,0x00,0x00,0x00,0x00,0x00,0x35,0x42,0x00,0x00,0x00,0x00,
0x00,0x6d,0xff,0xff,0xd3,0x00,0x00,0x00,0x08,0xff,0xeb,0xcf,0xff,0x60,0x00,0x00,0x4f,0xf9,0x10,0x02,0xbf,0xe1,0x00,0x00,
0xbf,0xc0,0x00,0x00,0x1e,0xf8,0x00,0x00,0xff,0x60,0x00,0x00,0x0a,0xfa,0x00,0x01,0xff,0x40,0x00,0x00,0x07,0xfd,0x00,0x02,
0xff,0x30,0x00,0x00,0x07,0xfe,0x00,0x01,0xff,0x50,0x00,0x00,0x08,0xfc,0x00,0x00,0xdf,0x80,0x00,0x00,0x0b,0xfa,0x00,0x00,
0xaf,0xe2,0x00,0x00,0x4f,0xf7,0x00,0x00,0x2f,0xfe,0x63,0x37,0xff,0xf1,0x00,0x00,0x05,0xef,0xff,0xff,0xff,0x90,0x00,0x00,
0x00,0x29,0xce,0xcb,0xff,0x20,0x00,0x00,0x00,0x00,0x00,0x0c,0xfa,0x00,0x00,0x00,0x00,0x00,0x00,0x4f,0xf3,0x00,0x00,0x00,
0x00,0x00,0x00,0xcf,0xa0,0x00,0x00,0x00,0x00,0x00,0x04,0xff,0x30,0x00,0x00,0x00,0x00,0x00,0x0b,0xfa,0x00,0x00,0x00,0x00,
0x00,0x00,0x4f,0xf3,0x00,0x00,0x00,0x00,0x00,0x00,0xbf,0xb0,0x00,0x00,0x00,0x00,0x00,0x03,0xff,0x30,0x00,0x00,0x00,0x00,
0x00,0x0b,0xfb,0x00,0x00,0x00,0x00,0x03,0xbb,0x60,0x05,0xff,0x70,0x05,0xff,0x70,0x01,0x33,0x10,0x00,0x00,0x00,0x00,0x00,
0x00,0x00,0x00,0x00,0x00,0x00,0x00,0x00,0x00,0x00,0x00,0x00,0x00,0x00,0x00,0x00,0x04,0xee,0x70,0x05,0xff,0x70,0x05,0xff,
0x70,
};
#endif

static const lv_font_fmt_txt_glyph_dsc_t product_number_32_glyphs[]={
{.bitmap_index=0,.adv_w=0,.box_w=0,.box_h=0,.ofs_x=0,.ofs_y=0},
{.bitmap_index=0,.adv_w=112,.box_w=7,.box_h=0,.ofs_x=0,.ofs_y=0},
{.bitmap_index=0,.adv_w=160,.box_w=10,.box_h=23,.ofs_x=0,.ofs_y=0},
{.bitmap_index=115,.adv_w=256,.box_w=16,.box_h=23,.ofs_x=0,.ofs_y=0},
{.bitmap_index=299,.adv_w=96,.box_w=6,.box_h=23,.ofs_x=0,.ofs_y=0},
{.bitmap_index=368,.adv_w=256,.box_w=16,.box_h=16,.ofs_x=0,.ofs_y=0},
{.bitmap_index=496,.adv_w=96,.box_w=6,.box_h=8,.ofs_x=0,.ofs_y=-5},
{.bitmap_index=520,.adv_w=208,.box_w=13,.box_h=13,.ofs_x=0,.ofs_y=0},
{.bitmap_index=611,.adv_w=96,.box_w=6,.box_h=3,.ofs_x=0,.ofs_y=0},
{.bitmap_index=620,.adv_w=208,.box_w=13,.box_h=24,.ofs_x=0,.ofs_y=-1},
{.bitmap_index=788,.adv_w=256,.box_w=16,.box_h=24,.ofs_x=0,.ofs_y=-1},
{.bitmap_index=980,.adv_w=256,.box_w=11,.box_h=23,.ofs_x=2,.ofs_y=0},
{.bitmap_index=1118,.adv_w=256,.box_w=15,.box_h=23,.ofs_x=0,.ofs_y=0},
{.bitmap_index=1302,.adv_w=256,.box_w=16,.box_h=24,.ofs_x=0,.ofs_y=-1},
{.bitmap_index=1494,.adv_w=256,.box_w=16,.box_h=23,.ofs_x=0,.ofs_y=0},
{.bitmap_index=1678,.adv_w=256,.box_w=15,.box_h=24,.ofs_x=0,.ofs_y=-1},
{.bitmap_index=1870,.adv_w=256,.box_w=16,.box_h=24,.ofs_x=0,.ofs_y=-1},
{.bitmap_index=2062,.adv_w=256,.box_w=14,.box_h=23,.ofs_x=1,.ofs_y=0},
{.bitmap_index=2223,.adv_w=256,.box_w=16,.box_h=24,.ofs_x=0,.ofs_y=-1},
{.bitmap_index=2415,.adv_w=256,.box_w=16,.box_h=23,.ofs_x=0,.ofs_y=0},
{.bitmap_index=2599,.adv_w=96,.box_w=6,.box_h=14,.ofs_x=0,.ofs_y=0},
};

static const uint16_t product_number_32_unicode[]={0,2,3,7,11,12,13,14,15,16,17,18,19,20,21,22,23,24,25,26};

static const lv_font_fmt_txt_cmap_t product_number_32_map[]={{.range_start=32,.range_length=27,.glyph_id_start=1,.unicode_list=product_number_32_unicode,.list_length=20,.type=LV_FONT_FMT_TXT_CMAP_SPARSE_TINY}};

static lv_font_fmt_txt_dsc_t product_number_32_dsc={
#if !NOODOE_PRODUCT
.glyph_bitmap=product_number_32_bitmap,
#endif
.glyph_dsc=product_number_32_glyphs,.cmaps=product_number_32_map,.cmap_num=1,.bpp=4,.bitmap_format=0,.stride=1};

const lv_font_t product_number_32={.get_glyph_dsc=lv_font_get_glyph_dsc_fmt_txt,.get_glyph_bitmap=lv_font_get_bitmap_fmt_txt,.line_height=32,.base_line=7,.dsc=&product_number_32_dsc};

#if !NOODOE_PRODUCT
static const uint8_t product_number_36_bitmap[]={
0x00,0x00,0x00,0xcc,0x20,0x00,0x0b,0xc3,0x00,0x00,0x00,0x01,0xff,0x00,0x00,0x0f,0xf2,0x00,0x00,0x00,0x03,0xfd,0x00,0x00,
0x2f,0xf0,0x00,0x00,0x00,0x05,0xfb,0x00,0x00,0x4f,0xd0,0x00,0x00,0x00,0x07,0xf9,0x00,0x00,0x6f,0xb0,0x00,0x00,0x00,0x09,
0xf8,0x00,0x00,0x8f,0x90,0x00,0x00,0x00,0x0b,0xf6,0x00,0x00,0xaf,0x70,0x00,0x02,0x77,0x7e,0xf9,0x77,0x77,0xdf,0xa7,0x73,
0x04,0xff,0xff,0xff,0xff,0xff,0xff,0xff,0xf7,0x02,0x88,0x9f,0xf8,0x88,0x89,0xff,0x98,0x84,0x00,0x00,0x4f,0xd0,0x00,0x03,
0xff,0x00,0x00,0x00,0x00,0x6f,0xb0,0x00,0x05,0xfd,0x00,0x00,0x00,0x00,0x8f,0x90,0x00,0x07,0xfb,0x00,0x00,0x00,0x00,0xaf,
0x70,0x00,0x09,0xf9,0x00,0x00,0x00,0x00,0xcf,0x50,0x00,0x0b,0xf7,0x00,0x00,0x2f,0xff,0xff,0xff,0xff,0xff,0xff,0xff,0x90,
0x2f,0xff,0xff,0xff,0xff,0xff,0xff,0xff,0x90,0x01,0x14,0xfe,0x11,0x11,0x2f,0xf2,0x11,0x00,0x00,0x05,0xfc,0x00,0x00,0x3f,
0xe0,0x00,0x00,0x00,0x07,0xfa,0x00,0x00,0x5f,0xc0,0x00,0x00,0x00,0x09,0xf8,0x00,0x00,0x7f,0xa0,0x00,0x00,0x00,0x0b,0xf6,
0x00,0x00,0x9f,0x80,0x00,0x00,0x00,0x0d,0xf4,0x00,0x00,0xbf,0x60,0x00,0x00,0x00,0x0f,0xf2,0x00,0x00,0xdf,0x40,0x00,0x00,
0x00,0x2f,0xf0,0x00,0x00,0xff,0x20,0x00,0x00,0x00,0x00,0x00,0x00,0x11,0x10,0x00,0x00,0x00,0x00,0x00,0x00,0x00,0xff,0x60,
0x00,0x00,0x00,0x00,0x00,0x00,0x00,0xff,0x60,0x00,0x00,0x00,0x00,0x00,0x00,0x00,0xff,0x60,0x00,0x00,0x00,0x00,0x00,0x00,
0x00,0xff,0x60,0x00,0x00,0x00,0x00,0x00,0x00,0x00,0xff,0x60,0x00,0x00,0x00,0x00,0x22,0x22,0x22,0xff,0x72,0x22,0x22,0x10,
0x00,0xef,0xff,0xff,0xff,0xff,0xff,0xff,0x60,0x00,0xef,0xff,0xff,0xff,0xff,0xff,0xff,0x60,0x00,0x44,0x44,0x44,0xff,0x84,
0x44,0x44,0x10,0x00,0x00,0x00,0x00,0xff,0x60,0x00,0x00,0x00,0x00,0x00,0x00,0x00,0xff,0x60,0x00,0x00,0x00,0x00,0x00,0x00,
0x00,0xff,0x60,0x00,0x00,0x00,0x00,0x00,0x00,0x00,0xff,0x60,0x00,0x00,0x00,0x00,0x00,0x00,0x00,0xff,0x60,0x00,0x00,0x00,
0x00,0x00,0x00,0x00,0x33,0x10,0x00,0x00,0x00,0x00,0x00,0x00,0x00,0x00,0x00,0x00,0x00,0x00,0x00,0x00,0x00,0x00,0x00,0x00,
0x00,0x00,0x00,0x00,0x55,0x10,0x01,0xff,0x40,0x01,0xff,0x40,0x01,0xff,0x40,0x01,0xff,0x40,0x01,0xff,0x40,0x01,0xff,0x40,
0x01,0xf7,0x00,0x01,0x60,0x00,0x00,0x9a,0xaa,0xaa,0xaa,0xaa,0x00,0x00,0xdf,0xff,0xff,0xff,0xff,0x00,0x00,0x9b,0xbb,0xbb,
0xbb,0xbb,0x00,0x00,0x00,0x00,0x00,0x00,0x00,0x00,0x00,0x00,0x00,0x00,0x00,0x00,0x00,0x00,0x00,0x00,0x00,0x00,0x00,0x00,
0x00,0x00,0x00,0x00,0x00,0x00,0x00,0x00,0x00,0x00,0x00,0x00,0x00,0x00,0x00,0x00,0x00,0x00,0x00,0x00,0x00,0x00,0x00,0x00,
0x00,0x00,0x00,0x00,0x00,0x00,0x00,0x00,0x00,0x00,0x00,0x00,0x00,0x00,0x00,0x00,0x00,0x00,0x00,0x00,0x00,0x00,0x00,0x00,
0x00,0x00,0x00,0x00,0x00,0x00,0x00,0x00,0x00,0x44,0x40,0x00,0x01,0xff,0xf1,0x00,0x01,0xff,0xf1,0x00,0x01,0xff,0xf1,0x00,
0x00,0x00,0x00,0x00,0x04,0xcb,0x00,0x00,0x00,0x00,0x00,0x09,0xf9,0x00,0x00,0x00,0x00,0x00,0x0d,0xf4,0x00,0x00,0x00,0x00,
0x00,0x3f,0xe0,0x00,0x00,0x00,0x00,0x00,0x8f,0xa0,0x00,0x00,0x00,0x00,0x00,0xcf,0x50,0x00,0x00,0x00,0x00,0x02,0xff,0x10,
0x00,0x00,0x00,0x00,0x06,0xfb,0x00,0x00,0x00,0x00,0x00,0x0b,0xf7,0x00,0x00,0x00,0x00,0x00,0x1f,0xf2,0x00,0x00,0x00,0x00,
0x00,0x5f,0xc0,0x00,0x00,0x00,0x00,0x00,0xaf,0x80,0x00,0x00,0x00,0x00,0x00,0xef,0x30,0x00,0x00,0x00,0x00,0x04,0xfe,0x00,
0x00,0x00,0x00,0x00,0x09,0xf9,0x00,0x00,0x00,0x00,0x00,0x0d,0xf4,0x00,0x00,0x00,0x00,0x00,0x3f,0xe0,0x00,0x00,0x00,0x00,
0x00,0x7f,0xa0,0x00,0x00,0x00,0x00,0x00,0xcf,0x60,0x00,0x00,0x00,0x00,0x01,0xff,0x10,0x00,0x00,0x00,0x00,0x06,0xfc,0x00,
0x00,0x00,0x00,0x00,0x0b,0xf7,0x00,0x00,0x00,0x00,0x00,0x1f,0xf2,0x00,0x00,0x00,0x00,0x00,0x5f,0xd0,0x00,0x00,0x00,0x00,
0x00,0x9f,0x80,0x00,0x00,0x00,0x00,0x00,0x56,0x20,0x00,0x00,0x00,0x00,0x00,0x00,0x00,0x00,0x21,0x00,0x00,0x00,0x00,0x00,
0x00,0x05,0xce,0xff,0xdb,0x20,0x00,0x00,0x00,0x00,0x9f,0xff,0xff,0xff,0xe6,0x00,0x00,0x00,0x06,0xff,0xe7,0x45,0x8f,0xff,
0x20,0x00,0x00,0x0d,0xfe,0x20,0x00,0x05,0xff,0x90,0x00,0x00,0x4f,0xf8,0x00,0x00,0x00,0xdf,0xf0,0x00,0x00,0x6f,0xf4,0x00,
0x00,0x00,0x8f,0xf2,0x00,0x00,0x7f,0xf2,0x00,0x00,0x00,0x6f,0xf3,0x00,0x00,0x9f,0xf1,0x00,0x00,0x00,0x5f,0xf5,0x00,0x00,
0x9f,0xf0,0x00,0x00,0x00,0x4f,0xf5,0x00,0x00,0x9f,0xf0,0x00,0x00,0x00,0x4f,0xf5,0x00,0x00,0x9f,0xf0,0x00,0x00,0x00,0x4f,
0xf5,0x00,0x00,0x9f,0xf0,0x00,0x00,0x00,0x4f,0xf5,0x00,0x00,0x9f,0xf0,0x00,0x00,0x00,0x4f,0xf5,0x00,0x00,0x9f,0xf0,0x00,
0x00,0x00,0x4f,0xf5,0x00,0x00,0x9f,0xf0,0x00,0x00,0x00,0x4f,0xf5,0x00,0x00,0x9f,0xf0,0x00,0x00,0x00,0x4f,0xf5,0x00,0x00,
0x9f,0xf0,0x00,0x00,0x00,0x4f,0xf5,0x00,0x00,0x9f,0xf1,0x00,0x00,0x00,0x5f,0xf5,0x00,0x00,0x7f,0xf2,0x00,0x00,0x00,0x6f,
0xf3,0x00,0x00,0x6f,0xf3,0x00,0x00,0x00,0x7f,0xf2,0x00,0x00,0x4f,0xf7,0x00,0x00,0x00,0xcf,0xf0,0x00,0x00,0x0d,0xfd,0x10,
0x00,0x03,0xff,0xa0,0x00,0x00,0x07,0xff,0xc4,0x12,0x6e,0xff,0x30,0x00,0x00,0x01,0xbf,0xff,0xff,0xff,0xf8,0x00,0x00,0x00,
0x00,0x08,0xef,0xff,0xfd,0x40,0x00,0x00,0x00,0x00,0x00,0x02,0x54,0x10,0x00,0x00,0x00,0x00,0x00,0x06,0xcc,0x80,0x00,0x00,
0x01,0xaf,0xff,0xa0,0x00,0x00,0x2c,0xff,0xff,0xa0,0x00,0x02,0xef,0xf9,0xef,0xa0,0x00,0x03,0xfe,0x60,0xef,0xa0,0x00,0x03,
0xc2,0x00,0xef,0xa0,0x00,0x01,0x10,0x00,0xef,0xa0,0x00,0x00,0x00,0x00,0xef,0xa0,0x00,0x00,0x00,0x00,0xef,0xa0,0x00,0x00,
0x00,0x00,0xef,0xa0,0x00,0x00,0x00,0x00,0xef,0xa0,0x00,0x00,0x00,0x00,0xef,0xa0,0x00,0x00,0x00,0x00,0xef,0xa0,0x00,0x00,
0x00,0x00,0xef,0xa0,0x00,0x00,0x00,0x00,0xef,0xa0,0x00,0x00,0x00,0x00,0xef,0xa0,0x00,0x00,0x00,0x00,0xef,0xa0,0x00,0x00,
0x00,0x00,0xef,0xa0,0x00,0x00,0x00,0x00,0xef,0xa0,0x00,0x00,0x00,0x00,0xef,0xa0,0x00,0x00,0x00,0x00,0xef,0xa0,0x00,0x00,
0x00,0x00,0xef,0xa0,0x00,0x00,0x00,0x00,0xef,0xa0,0x00,0x00,0x00,0x00,0xef,0xa0,0x00,0x00,0x00,0x00,0xef,0xa0,0x00,0x00,
0x00,0x00,0x01,0x21,0x00,0x00,0x00,0x00,0x00,0x00,0x18,0xdf,0xff,0xd7,0x00,0x00,0x00,0x00,0x03,0xdf,0xff,0xff,0xff,0xc1,
0x00,0x00,0x00,0x0c,0xff,0xa5,0x35,0xcf,0xfa,0x00,0x00,0x00,0x6f,0xf7,0x00,0x00,0x0b,0xff,0x30,0x00,0x00,0x9f,0xe0,0x00,
0x00,0x04,0xff,0x80,0x00,0x00,0xcf,0xc0,0x00,0x00,0x01,0xff,0xa0,0x00,0x00,0xbc,0x90,0x00,0x00,0x00,0xff,0xb0,0x00,0x00,
0x00,0x00,0x00,0x00,0x02,0xff,0x90,0x00,0x00,0x00,0x00,0x00,0x00,0x05,0xff,0x70,0x00,0x00,0x00,0x00,0x00,0x00,0x0c,0xff,
0x20,0x00,0x00,0x00,0x00,0x00,0x00,0x5f,0xfa,0x00,0x00,0x00,0x00,0x00,0x00,0x01,0xdf,0xe2,0x00,0x00,0x00,0x00,0x00,0x00,
0x09,0xff,0x60,0x00,0x00,0x00,0x00,0x00,0x00,0x5f,0xfb,0x00,0x00,0x00,0x00,0x00,0x00,0x01,0xef,0xe1,0x00,0x00,0x00,0x00,
0x00,0x00,0x0b,0xff,0x50,0x00,0x00,0x00,0x00,0x00,0x00,0x6f,0xf9,0x00,0x00,0x00,0x00,0x00,0x00,0x02,0xef,0xd1,0x00,0x00,
0x00,0x00,0x00,0x00,0x0c,0xff,0x40,0x00,0x00,0x00,0x00,0x00,0x00,0x8f,0xf8,0x00,0x00,0x00,0x00,0x00,0x00,0x03,0xff,0xc0,
0x00,0x00,0x00,0x00,0x00,0x00,0x1d,0xff,0x30,0x00,0x00,0x00,0x00,0x00,0x00,0x9f,0xfb,0x55,0x55,0x55,0x55,0x40,0x00,0x00,
0xdf,0xff,0xff,0xff,0xff,0xff,0xb0,0x00,0x00,0xdf,0xff,0xff,0xff,0xff,0xff,0xb0,0x00,0x00,0x00,0x00,0x00,0x21,0x00,0x00,
0x00,0x00,0x00,0x00,0x06,0xdf,0xff,0xd9,0x10,0x00,0x00,0x00,0x01,0xbf,0xff,0xff,0xff,0xe4,0x00,0x00,0x00,0x08,0xff,0xc5,
0x35,0x9f,0xfe,0x10,0x00,0x00,0x2f,0xfb,0x00,0x00,0x07,0xff,0x80,0x00,0x00,0x5f,0xf4,0x00,0x00,0x00,0xdf,0xb0,0x00,0x00,
0x7f,0xf1,0x00,0x00,0x00,0xaf,0xe0,0x00,0x00,0x37,0x70,0x00,0x00,0x00,0x9f,0xf0,0x00,0x00,0x00,0x00,0x00,0x00,0x00,0xbf,
0xe0,0x00,0x00,0x00,0x00,0x00,0x00,0x00,0xdf,0xb0,0x00,0x00,0x00,0x00,0x00,0x00,0x07,0xff,0x50,0x00,0x00,0x00,0x00,0x01,
0x13,0x9f,0xf9,0x00,0x00,0x00,0x00,0x00,0x0b,0xff,0xff,0x70,0x00,0x00,0x00,0x00,0x00,0x0b,0xff,0xff,0xc3,0x00,0x00,0x00,
0x00,0x00,0x03,0x57,0xbf,0xfe,0x20,0x00,0x00,0x00,0x00,0x00,0x00,0x07,0xff,0xb0,0x00,0x00,0x00,0x00,0x00,0x00,0x00,0xbf,
0xf2,0x00,0x00,0x00,0x00,0x00,0x00,0x00,0x6f,0xf4,0x00,0x00,0x00,0x00,0x00,0x00,0x00,0x3f,0xf6,0x00,0x00,0x22,0x20,0x00,
0x00,0x00,0x3f,0xf6,0x00,0x00,0xcf,0xd0,0x00,0x00,0x00,0x5f,0xf4,0x00,0x00,0x9f,0xf0,0x00,0x00,0x00,0x8f,0xf2,0x00,0x00,
0x7f,0xf8,0x00,0x00,0x02,0xef,0xd0,0x00,0x00,0x1d,0xff,0x92,0x01,0x5e,0xff,0x40,0x00,0x00,0x04,0xef,0xff,0xff,0xff,0xf7,
0x00,0x00,0x00,0x00,0x2a,0xff,0xff,0xfc,0x30,0x00,0x00,0x00,0x00,0x00,0x13,0x54,0x10,0x00,0x00,0x00,0x00,0x00,0x00,0x00,
0x1c,0xc7,0x00,0x00,0x00,0x00,0x00,0x00,0x00,0x7f,0xf3,0x00,0x00,0x00,0x00,0x00,0x00,0x00,0xdf,0xb0,0x00,0x00,0x00,0x00,
0x00,0x00,0x05,0xff,0x50,0x00,0x00,0x00,0x00,0x00,0x00,0x0b,0xfd,0x00,0x00,0x00,0x00,0x00,0x00,0x00,0x2f,0xf7,0x00,0x00,
0x00,0x00,0x00,0x00,0x00,0x9f,0xf1,0x00,0x00,0x00,0x00,0x00,0x00,0x01,0xef,0x90,0x00,0x00,0x00,0x00,0x00,0x00,0x07,0xff,
0x30,0x00,0x00,0x00,0x00,0x00,0x00,0x0d,0xfc,0x00,0x00,0x00,0x00,0x00,0x00,0x00,0x4f,0xf5,0x00,0x00,0x00,0x00,0x00,0x00,
0x00,0xbf,0xe0,0x00,0x0f,0xf9,0x00,0x00,0x00,0x02,0xff,0x80,0x00,0x0f,0xf9,0x00,0x00,0x00,0x08,0xff,0x20,0x00,0x0f,0xf9,
0x00,0x00,0x00,0x1e,0xfa,0x00,0x00,0x0f,0xf9,0x00,0x00,0x00,0x6f,0xf4,0x00,0x00,0x0f,0xf9,0x00,0x00,0x00,0xcf,0xc0,0x00,
0x00,0x0f,0xf9,0x00,0x00,0x04,0xff,0x93,0x33,0x33,0x4f,0xfa,0x33,0x10,0x05,0xff,0xff,0xff,0xff,0xff,0xff,0xff,0x40,0x05,
0xff,0xff,0xff,0xff,0xff,0xff,0xff,0x40,0x01,0x22,0x22,0x22,0x22,0x2f,0xfa,0x22,0x10,0x00,0x00,0x00,0x00,0x00,0x0f,0xf9,
0x00,0x00,0x00,0x00,0x00,0x00,0x00,0x0f,0xf9,0x00,0x00,0x00,0x00,0x00,0x00,0x00,0x0f,0xf9,0x00,0x00,0x00,0x00,0x00,0x00,
0x00,0x0f,0xf9,0x00,0x00,0x00,0x3c,0xcc,0xcc,0xcc,0xcc,0xcc,0x80,0x00,0x00,0x3f,0xff,0xff,0xff,0xff,0xff,0xa0,0x00,0x00,
0x3f,0xfa,0x99,0x99,0x99,0x99,0x60,0x00,0x00,0x3f,0xf3,0x00,0x00,0x00,0x00,0x00,0x00,0x00,0x3f,0xf3,0x00,0x00,0x00,0x00,
0x00,0x00,0x00,0x3f,0xf3,0x00,0x00,0x00,0x00,0x00,0x00,0x00,0x3f,0xf3,0x00,0x00,0x00,0x00,0x00,0x00,0x00,0x3f,0xf3,0x00,
0x00,0x00,0x00,0x00,0x00,0x00,0x3f,0xf3,0x00,0x01,0x00,0x00,0x00,0x00,0x00,0x3f,0xf3,0x6c,0xff,0xda,0x20,0x00,0x00,0x00,
0x3f,0xfc,0xff,0xff,0xff,0xe4,0x00,0x00,0x00,0x3f,0xff,0xd7,0x46,0xbf,0xfe,0x10,0x00,0x00,0x3f,0xfc,0x10,0x00,0x08,0xff,
0x70,0x00,0x00,0x3c,0xc3,0x00,0x00,0x01,0xef,0xb0,0x00,0x00,0x00,0x00,0x00,0x00,0x00,0xbf,0xd0,0x00,0x00,0x00,0x00,0x00,
0x00,0x00,0xaf,0xf0,0x00,0x00,0x00,0x00,0x00,0x00,0x00,0x9f,0xf0,0x00,0x00,0x00,0x00,0x00,0x00,0x00,0x9f,0xf0,0x00,0x00,
0x00,0x00,0x00,0x00,0x00,0x9f,0xf0,0x00,0x00,0x8d,0xc0,0x00,0x00,0x00,0xbf,0xd0,0x00,0x00,0x7f,0xf1,0x00,0x00,0x00,0xef,
0xb0,0x00,0x00,0x4f,0xf7,0x00,0x00,0x06,0xff,0x80,0x00,0x00,0x0c,0xff,0x83,0x12,0x7f,0xfe,0x10,0x00,0x00,0x03,0xef,0xff,
0xff,0xff,0xf5,0x00,0x00,0x00,0x00,0x2a,0xff,0xff,0xfc,0x20,0x00,0x00,0x00,0x00,0x00,0x13,0x54,0x10,0x00,0x00,0x00,0x00,
0x00,0x00,0x00,0x0a,0xcb,0x00,0x00,0x00,0x00,0x00,0x00,0x00,0x4f,0xf7,0x00,0x00,0x00,0x00,0x00,0x00,0x00,0xbf,0xe1,0x00,
0x00,0x00,0x00,0x00,0x00,0x04,0xff,0x70,0x00,0x00,0x00,0x00,0x00,0x00,0x0b,0xfe,0x10,0x00,0x00,0x00,0x00,0x00,0x00,0x4f,
0xf8,0x00,0x00,0x00,0x00,0x00,0x00,0x00,0xbf,0xe1,0x00,0x00,0x00,0x00,0x00,0x00,0x04,0xff,0x80,0x00,0x00,0x00,0x00,0x00,
0x00,0x0b,0xfe,0x10,0x00,0x00,0x00,0x00,0x00,0x00,0x3f,0xf8,0x00,0x00,0x00,0x00,0x00,0x00,0x00,0xbf,0xe5,0x89,0x74,0x00,
0x00,0x00,0x00,0x03,0xff,0xff,0xff,0xff,0xc3,0x00,0x00,0x00,0x0a,0xff,0xfe,0xcc,0xff,0xff,0x20,0x00,0x00,0x1f,0xff,0x70,
0x00,0x1a,0xff,0xb0,0x00,0x00,0x7f,0xf8,0x00,0x00,0x00,0xbf,0xf3,0x00,0x00,0xaf,0xf1,0x00,0x00,0x00,0x4f,0xf6,0x00,0x00,
0xcf,0xd0,0x00,0x00,0x00,0x1f,0xf8,0x00,0x00,0xdf,0xc0,0x00,0x00,0x00,0x0f,0xfa,0x00,0x00,0xdf,0xc0,0x00,0x00,0x00,0x0f,
0xf9,0x00,0x00,0xbf,0xe0,0x00,0x00,0x00,0x2f,0xf8,0x00,0x00,0x8f,0xf3,0x00,0x00,0x00,0x6f,0xf5,0x00,0x00,0x4f,0xfb,0x00,
0x00,0x01,0xdf,0xe1,0x00,0x00,0x0a,0xff,0xb3,0x11,0x5d,0xff,0x70,0x00,0x00,0x01,0xcf,0xff,0xff,0xff,0xfa,0x00,0x00,0x00,
0x00,0x08,0xef,0xff,0xfd,0x60,0x00,0x00,0x00,0x00,0x00,0x02,0x55,0x30,0x00,0x00,0x00,0x07,0xcc,0xcc,0xcc,0xcc,0xcc,0xcc,
0x10,0x08,0xff,0xff,0xff,0xff,0xff,0xff,0x10,0x05,0x88,0x88,0x88,0x88,0x8c,0xff,0x10,0x00,0x00,0x00,0x00,0x00,0x0c,0xfb,
0x00,0x00,0x00,0x00,0x00,0x00,0x2f,0xf5,0x00,0x00,0x00,0x00,0x00,0x00,0x8f,0xe1,0x00,0x00,0x00,0x00,0x00,0x00,0xdf,0xa0,
0x00,0x00,0x00,0x00,0x00,0x04,0xff,0x40,0x00,0x00,0x00,0x00,0x00,0x09,0xfe,0x00,0x00,0x00,0x00,0x00,0x00,0x1e,0xf8,0x00,
0x00,0x00,0x00,0x00,0x00,0x5f,0xf3,0x00,0x00,0x00,0x00,0x00,0x00,0xbf,0xd0,0x00,0x00,0x00,0x00,0x00,0x01,0xff,0x70,0x00,
0x00,0x00,0x00,0x00,0x07,0xff,0x20,0x00,0x00,0x00,0x00,0x00,0x0c,0xfb,0x00,0x00,0x00,0x00,0x00,0x00,0x3f,0xf6,0x00,0x00,
0x00,0x00,0x00,0x00,0x8f,0xf1,0x00,0x00,0x00,0x00,0x00,0x00,0xef,0xa0,0x00,0x00,0x00,0x00,0x00,0x04,0xff,0x50,0x00,0x00,
0x00,0x00,0x00,0x0a,0xfe,0x00,0x00,0x00,0x00,0x00,0x00,0x1e,0xf9,0x00,0x00,0x00,0x00,0x00,0x00,0x6f,0xf3,0x00,0x00,0x00,
0x00,0x00,0x00,0xbf,0xd0,0x00,0x00,0x00,0x00,0x00,0x02,0xff,0x80,0x00,0x00,0x00,0x00,0x00,0x07,0xff,0x20,0x00,0x00,0x00,
0x00,0x00,0x00,0x00,0x00,0x12,0x10,0x00,0x00,0x00,0x00,0x00,0x02,0x9e,0xff,0xfc,0x50,0x00,0x00,0x00,0x00,0x4e,0xff,0xff,
0xff,0xfa,0x00,0x00,0x00,0x02,0xef,0xf9,0x43,0x6e,0xff,0x80,0x00,0x00,0x09,0xff,0x60,0x00,0x01,0xdf,0xf1,0x00,0x00,0x0e,
0xfc,0x00,0x00,0x00,0x5f,0xf6,0x00,0x00,0x1f,0xf9,0x00,0x00,0x00,0x2f,0xf8,0x00,0x00,0x2f,0xf8,0x00,0x00,0x00,0x1f,0xf9,
0x00,0x00,0x1f,0xf9,0x00,0x00,0x00,0x2f,0xf7,0x00,0x00,0x0d,0xfc,0x00,0x00,0x00,0x6f,0xf5,0x00,0x00,0x08,0xff,0x70,0x00,
0x02,0xef,0xe0,0x00,0x00,0x01,0xcf,0xfa,0x54,0x7e,0xff,0x40,0x00,0x00,0x00,0x1a,0xff,0xff,0xff,0xe4,0x00,0x00,0x00,0x00,
0x3d,0xff,0xff,0xff,0xf7,0x00,0x00,0x00,0x03,0xef,0xf8,0x43,0x5c,0xff,0x80,0x00,0x00,0x0d,0xfe,0x30,0x00,0x00,0xaf,0xf4,
0x00,0x00,0x4f,0xf7,0x00,0x00,0x00,0x1e,0xfa,0x00,0x00,0x7f,0xf3,0x00,0x00,0x00,0x0b,0xfe,0x00,0x00,0x9f,0xf0,0x00,0x00,
0x00,0x09,0xff,0x00,0x00,0x9f,0xf0,0x00,0x00,0x00,0x09,0xff,0x00,0x00,0x8f,0xf2,0x00,0x00,0x00,0x0b,0xfe,0x00,0x00,0x6f,
0xf6,0x00,0x00,0x00,0x1e,0xfc,0x00,0x00,0x1e,0xfe,0x10,0x00,0x00,0x9f,0xf6,0x00,0x00,0x07,0xff,0xe5,0x11,0x3a,0xff,0xd1,
0x00,0x00,0x00,0xaf,0xff,0xff,0xff,0xfd,0x20,0x00,0x00,0x00,0x06,0xdf,0xff,0xfe,0x91,0x00,0x00,0x00,0x00,0x00,0x03,0x45,
0x31,0x00,0x00,0x00,0x00,0x00,0x00,0x00,0x21,0x00,0x00,0x00,0x00,0x00,0x00,0x05,0xbf,0xff,0xeb,0x30,0x00,0x00,0x00,0x00,
0xaf,0xff,0xff,0xff,0xf7,0x00,0x00,0x00,0x08,0xff,0xd6,0x34,0x7e,0xff,0x50,0x00,0x00,0x2f,0xfc,0x10,0x00,0x02,0xef,0xd1,
0x00,0x00,0x8f,0xf3,0x00,0x00,0x00,0x7f,0xf4,0x00,0x00,0xbf,0xe0,0x00,0x00,0x00,0x3f,0xf7,0x00,0x00,0xdf,0xc0,0x00,0x00,
0x00,0x1f,0xf9,0x00,0x00,0xdf,0xb0,0x00,0x00,0x00,0x0f,0xfa,0x00,0x00,0xcf,0xc0,0x00,0x00,0x00,0x1f,0xf9,0x00,0x00,0xaf,
0xf0,0x00,0x00,0x00,0x4f,0xf6,0x00,0x00,0x8f,0xf6,0x00,0x00,0x00,0xaf,0xf4,0x00,0x00,0x2e,0xfe,0x40,0x00,0x07,0xff,0xd0,
0x00,0x00,0x07,0xff,0xfc,0x99,0xdf,0xff,0x70,0x00,0x00,0x00,0x7f,0xff,0xff,0xff,0xff,0x20,0x00,0x00,0x00,0x03,0x8b,0xca,
0x8f,0xf9,0x00,0x00,0x00,0x00,0x00,0x00,0x00,0xaf,0xf2,0x00,0x00,0x00,0x00,0x00,0x00,0x03,0xff,0x90,0x00,0x00,0x00,0x00,
0x00,0x00,0x0a,0xff,0x20,0x00,0x00,0x00,0x00,0x00,0x00,0x2f,0xf9,0x00,0x00,0x00,0x00,0x00,0x00,0x00,0xaf,0xf2,0x00,0x00,
0x00,0x00,0x00,0x00,0x02,0xff,0x90,0x00,0x00,0x00,0x00,0x00,0x00,0x09,0xff,0x20,0x00,0x00,0x00,0x00,0x00,0x00,0x2f,0xfa,
0x00,0x00,0x00,0x00,0x00,0x00,0x00,0x9f,0xf2,0x00,0x00,0x00,0x00,0x00,0x00,0x02,0xff,0xa0,0x00,0x00,0x00,0x00,0x01,0x77,
0x70,0x00,0x01,0xff,0xf1,0x00,0x01,0xff,0xf1,0x00,0x01,0xdd,0xd1,0x00,0x00,0x00,0x00,0x00,0x00,0x00,0x00,0x00,0x00,0x00,
0x00,0x00,0x00,0x00,0x00,0x00,0x00,0x00,0x00,0x00,0x00,0x00,0x00,0x00,0x00,0x00,0x00,0x00,0x00,0x00,0x00,0x00,0x00,0x44,
0x40,0x00,0x01,0xff,0xf1,0x00,0x01,0xff,0xf1,0x00,0x01,0xff,0xf1,0x00,
};
#endif

static const lv_font_fmt_txt_glyph_dsc_t product_number_36_glyphs[]={
{.bitmap_index=0,.adv_w=0,.box_w=0,.box_h=0,.ofs_x=0,.ofs_y=0},
{.bitmap_index=0,.adv_w=128,.box_w=8,.box_h=0,.ofs_x=0,.ofs_y=0},
{.bitmap_index=0,.adv_w=288,.box_w=18,.box_h=25,.ofs_x=0,.ofs_y=0},
{.bitmap_index=225,.adv_w=288,.box_w=18,.box_h=18,.ofs_x=0,.ofs_y=0},
{.bitmap_index=387,.adv_w=96,.box_w=6,.box_h=9,.ofs_x=0,.ofs_y=-5},
{.bitmap_index=414,.adv_w=224,.box_w=14,.box_h=14,.ofs_x=0,.ofs_y=0},
{.bitmap_index=512,.adv_w=112,.box_w=7,.box_h=4,.ofs_x=0,.ofs_y=0},
{.bitmap_index=528,.adv_w=224,.box_w=14,.box_h=26,.ofs_x=0,.ofs_y=-1},
{.bitmap_index=710,.adv_w=288,.box_w=18,.box_h=27,.ofs_x=0,.ofs_y=-1},
{.bitmap_index=953,.adv_w=288,.box_w=12,.box_h=25,.ofs_x=3,.ofs_y=0},
{.bitmap_index=1103,.adv_w=288,.box_w=17,.box_h=26,.ofs_x=0,.ofs_y=0},
{.bitmap_index=1337,.adv_w=288,.box_w=18,.box_h=27,.ofs_x=0,.ofs_y=-1},
{.bitmap_index=1580,.adv_w=288,.box_w=18,.box_h=25,.ofs_x=0,.ofs_y=0},
{.bitmap_index=1805,.adv_w=288,.box_w=17,.box_h=26,.ofs_x=0,.ofs_y=-1},
{.bitmap_index=2039,.adv_w=288,.box_w=18,.box_h=26,.ofs_x=0,.ofs_y=-1},
{.bitmap_index=2273,.adv_w=288,.box_w=16,.box_h=25,.ofs_x=1,.ofs_y=0},
{.bitmap_index=2473,.adv_w=288,.box_w=18,.box_h=27,.ofs_x=0,.ofs_y=-1},
{.bitmap_index=2716,.adv_w=288,.box_w=18,.box_h=26,.ofs_x=0,.ofs_y=0},
{.bitmap_index=2950,.adv_w=112,.box_w=7,.box_h=16,.ofs_x=0,.ofs_y=0},
};

static lv_font_fmt_txt_dsc_t product_number_36_dsc={
#if !NOODOE_PRODUCT
.glyph_bitmap=product_number_36_bitmap,
#endif
.glyph_dsc=product_number_36_glyphs,.cmaps=product_number_20_map,.cmap_num=1,.bpp=4,.bitmap_format=0,.stride=1};

const lv_font_t product_number_36={.get_glyph_dsc=lv_font_get_glyph_dsc_fmt_txt,.get_glyph_bitmap=lv_font_get_bitmap_fmt_txt,.line_height=35,.base_line=7,.dsc=&product_number_36_dsc};

#if !NOODOE_PRODUCT
static const uint8_t product_number_40_bitmap[]={
0x00,0x00,0x00,0x39,0x91,0x00,0x00,0x49,0x90,0x00,0x00,0x00,0x00,0x6f,0xe0,0x00,0x00,0x8f,0xd0,0x00,0x00,0x00,0x00,0x8f,
0xc0,0x00,0x00,0xaf,0xb0,0x00,0x00,0x00,0x00,0xaf,0xb0,0x00,0x00,0xcf,0x90,0x00,0x00,0x00,0x00,0xcf,0x90,0x00,0x00,0xef,
0x70,0x00,0x00,0x00,0x00,0xef,0x70,0x00,0x01,0xff,0x50,0x00,0x00,0x00,0x01,0xff,0x50,0x00,0x03,0xff,0x30,0x00,0x00,0x00,
0x03,0xff,0x30,0x00,0x05,0xff,0x10,0x00,0x00,0x66,0x69,0xff,0x66,0x66,0x6a,0xff,0x66,0x62,0x01,0xff,0xff,0xff,0xff,0xff,
0xff,0xff,0xff,0xf6,0x01,0xcc,0xce,0xfe,0xcc,0xcc,0xce,0xfe,0xcc,0xc5,0x00,0x00,0x0b,0xfa,0x00,0x00,0x0c,0xf9,0x00,0x00,
0x00,0x00,0x0c,0xf8,0x00,0x00,0x0e,0xf7,0x00,0x00,0x00,0x00,0x0e,0xf6,0x00,0x00,0x1f,0xf5,0x00,0x00,0x00,0x00,0x1f,0xf4,
0x00,0x00,0x3f,0xf3,0x00,0x00,0x00,0x00,0x3f,0xf2,0x00,0x00,0x5f,0xf1,0x00,0x00,0x01,0x11,0x6f,0xf1,0x11,0x11,0x8f,0xe1,
0x11,0x10,0x0f,0xff,0xff,0xff,0xff,0xff,0xff,0xff,0xff,0x70,0x0f,0xff,0xff,0xff,0xff,0xff,0xff,0xff,0xff,0x70,0x03,0x33,
0xcf,0xa3,0x33,0x33,0xdf,0x93,0x33,0x10,0x00,0x00,0xef,0x70,0x00,0x00,0xff,0x60,0x00,0x00,0x00,0x01,0xff,0x50,0x00,0x02,
0xff,0x40,0x00,0x00,0x00,0x03,0xff,0x30,0x00,0x04,0xff,0x20,0x00,0x00,0x00,0x05,0xff,0x20,0x00,0x06,0xff,0x00,0x00,0x00,
0x00,0x06,0xff,0x00,0x00,0x08,0xfd,0x00,0x00,0x00,0x00,0x08,0xfd,0x00,0x00,0x0a,0xfb,0x00,0x00,0x00,0x00,0x0a,0xfb,0x00,
0x00,0x0c,0xf9,0x00,0x00,0x00,0x00,0x0c,0xf9,0x00,0x00,0x0e,0xf8,0x00,0x00,0x00,0x00,0x00,0x00,0x00,0x1f,0xf8,0x00,0x00,
0x00,0x00,0x00,0x00,0x00,0x00,0x1f,0xf8,0x00,0x00,0x00,0x00,0x00,0x00,0x00,0x00,0x1f,0xf8,0x00,0x00,0x00,0x00,0x00,0x00,
0x00,0x00,0x1f,0xf8,0x00,0x00,0x00,0x00,0x00,0x00,0x00,0x00,0x1f,0xf8,0x00,0x00,0x00,0x00,0x00,0x00,0x00,0x00,0x1f,0xf8,
0x00,0x00,0x00,0x00,0x00,0x45,0x55,0x55,0x6f,0xfb,0x55,0x55,0x55,0x10,0x00,0xbf,0xff,0xff,0xff,0xff,0xff,0xff,0xff,0x30,
0x00,0xbf,0xff,0xff,0xff,0xff,0xff,0xff,0xff,0x30,0x00,0x34,0x44,0x44,0x5f,0xfa,0x44,0x44,0x44,0x10,0x00,0x00,0x00,0x00,
0x1f,0xf8,0x00,0x00,0x00,0x00,0x00,0x00,0x00,0x00,0x1f,0xf8,0x00,0x00,0x00,0x00,0x00,0x00,0x00,0x00,0x1f,0xf8,0x00,0x00,
0x00,0x00,0x00,0x00,0x00,0x00,0x1f,0xf8,0x00,0x00,0x00,0x00,0x00,0x00,0x00,0x00,0x1f,0xf8,0x00,0x00,0x00,0x00,0x00,0x00,
0x00,0x00,0x1e,0xe8,0x00,0x00,0x00,0x00,0x00,0x00,0x00,0x00,0x00,0x00,0x00,0x00,0x00,0x00,0x00,0x00,0x00,0x00,0x00,0x00,
0x00,0x00,0x00,0x00,0x00,0x00,0x00,0x00,0x00,0x00,0x00,0x00,0x00,0x00,0x00,0xab,0x80,0x00,0x00,0xdf,0xb0,0x00,0x00,0xdf,
0xb0,0x00,0x00,0xdf,0xb0,0x00,0x00,0xdf,0xb0,0x00,0x00,0xdf,0xb0,0x00,0x00,0xdf,0xb0,0x00,0x00,0xde,0x40,0x00,0x00,0xc3,
0x00,0x00,0x00,0x20,0x00,0x00,0x00,0x23,0x33,0x33,0x33,0x33,0x31,0x00,0x00,0xaf,0xff,0xff,0xff,0xff,0xf5,0x00,0x00,0xaf,
0xff,0xff,0xff,0xff,0xf5,0x00,0x00,0x47,0x77,0x77,0x77,0x77,0x72,0x00,0x00,0x00,0x00,0x00,0x00,0x00,0x00,0x00,0x00,0x00,
0x00,0x00,0x00,0x00,0x00,0x00,0x00,0x00,0x00,0x00,0x00,0x00,0x00,0x00,0x00,0x00,0x00,0x00,0x00,0x00,0x00,0x00,0x00,0x00,
0x00,0x00,0x00,0x00,0x00,0x00,0x00,0x00,0x00,0x00,0x00,0x00,0x00,0x00,0x00,0x00,0x00,0x00,0x00,0x00,0x00,0x00,0x00,0x00,
0x00,0x00,0x00,0x00,0x00,0x00,0x00,0x00,0x00,0x00,0x00,0x00,0x00,0x00,0x00,0x00,0x00,0x00,0x00,0x00,0x00,0x00,0x00,0x00,
0x00,0x00,0x00,0x00,0x00,0x00,0x00,0x00,0x00,0x00,0x00,0x00,0x00,0x00,0x00,0x9a,0xa6,0x00,0x00,0xdf,0xf9,0x00,0x00,0xdf,
0xf9,0x00,0x00,0xdf,0xf9,0x00,0x00,0x00,0x00,0x00,0x00,0x29,0x92,0x00,0x00,0x00,0x00,0x00,0x00,0x6f,0xe0,0x00,0x00,0x00,
0x00,0x00,0x00,0xbf,0xa0,0x00,0x00,0x00,0x00,0x00,0x01,0xff,0x50,0x00,0x00,0x00,0x00,0x00,0x05,0xff,0x10,0x00,0x00,0x00,
0x00,0x00,0x0a,0xfb,0x00,0x00,0x00,0x00,0x00,0x00,0x0e,0xf7,0x00,0x00,0x00,0x00,0x00,0x00,0x4f,0xf2,0x00,0x00,0x00,0x00,
0x00,0x00,0x8f,0xd0,0x00,0x00,0x00,0x00,0x00,0x00,0xdf,0x80,0x00,0x00,0x00,0x00,0x00,0x03,0xff,0x30,0x00,0x00,0x00,0x00,
0x00,0x07,0xfe,0x00,0x00,0x00,0x00,0x00,0x00,0x0c,0xf9,0x00,0x00,0x00,0x00,0x00,0x00,0x1f,0xf5,0x00,0x00,0x00,0x00,0x00,
0x00,0x6f,0xe1,0x00,0x00,0x00,0x00,0x00,0x00,0xbf,0xa0,0x00,0x00,0x00,0x00,0x00,0x01,0xff,0x60,0x00,0x00,0x00,0x00,0x00,
0x05,0xff,0x10,0x00,0x00,0x00,0x00,0x00,0x09,0xfc,0x00,0x00,0x00,0x00,0x00,0x00,0x0e,0xf7,0x00,0x00,0x00,0x00,0x00,0x00,
0x3f,0xf2,0x00,0x00,0x00,0x00,0x00,0x00,0x8f,0xd0,0x00,0x00,0x00,0x00,0x00,0x00,0xdf,0x80,0x00,0x00,0x00,0x00,0x00,0x02,
0xff,0x40,0x00,0x00,0x00,0x00,0x00,0x07,0xfe,0x00,0x00,0x00,0x00,0x00,0x00,0x0b,0xfa,0x00,0x00,0x00,0x00,0x00,0x00,0x1f,
0xf5,0x00,0x00,0x00,0x00,0x00,0x00,0x5f,0xf1,0x00,0x00,0x00,0x00,0x00,0x00,0x46,0x50,0x00,0x00,0x00,0x00,0x00,0x00,0x00,
0x00,0x5a,0xde,0xec,0x93,0x00,0x00,0x00,0x00,0x00,0x1b,0xff,0xff,0xff,0xff,0x80,0x00,0x00,0x00,0x00,0xbf,0xff,0xeb,0xcf,
0xff,0xf7,0x00,0x00,0x00,0x06,0xff,0xf5,0x00,0x00,0xaf,0xfe,0x10,0x00,0x00,0x0c,0xff,0x60,0x00,0x00,0x0b,0xff,0x70,0x00,
0x00,0x1f,0xff,0x00,0x00,0x00,0x05,0xff,0xb0,0x00,0x00,0x3f,0xfc,0x00,0x00,0x00,0x01,0xff,0xe0,0x00,0x00,0x5f,0xfa,0x00,
0x00,0x00,0x00,0xef,0xf0,0x00,0x00,0x5f,0xf9,0x00,0x00,0x00,0x00,0xdf,0xf1,0x00,0x00,0x6f,0xf8,0x00,0x00,0x00,0x00,0xdf,
0xf1,0x00,0x00,0x6f,0xf8,0x00,0x00,0x00,0x00,0xdf,0xf1,0x00,0x00,0x6f,0xf8,0x00,0x00,0x00,0x00,0xdf,0xf1,0x00,0x00,0x6f,
0xf8,0x00,0x00,0x00,0x00,0xdf,0xf1,0x00,0x00,0x6f,0xf8,0x00,0x00,0x00,0x00,0xdf,0xf1,0x00,0x00,0x6f,0xf8,0x00,0x00,0x00,
0x00,0xdf,0xf1,0x00,0x00,0x6f,0xf8,0x00,0x00,0x00,0x00,0xdf,0xf1,0x00,0x00,0x6f,0xf8,0x00,0x00,0x00,0x00,0xdf,0xf1,0x00,
0x00,0x6f,0xf8,0x00,0x00,0x00,0x00,0xdf,0xf1,0x00,0x00,0x6f,0xf8,0x00,0x00,0x00,0x00,0xdf,0xf1,0x00,0x00,0x6f,0xf8,0x00,
0x00,0x00,0x00,0xdf,0xf1,0x00,0x00,0x5f,0xf9,0x00,0x00,0x00,0x00,0xef,0xf0,0x00,0x00,0x4f,0xfb,0x00,0x00,0x00,0x00,0xff,
0xe0,0x00,0x00,0x2f,0xfd,0x00,0x00,0x00,0x03,0xff,0xc0,0x00,0x00,0x0d,0xff,0x30,0x00,0x00,0x08,0xff,0x90,0x00,0x00,0x08,
0xff,0xc1,0x00,0x00,0x4e,0xff,0x30,0x00,0x00,0x01,0xef,0xfd,0x75,0x59,0xff,0xfa,0x00,0x00,0x00,0x00,0x4f,0xff,0xff,0xff,
0xff,0xd1,0x00,0x00,0x00,0x00,0x03,0xbf,0xff,0xff,0xe9,0x10,0x00,0x00,0x00,0x00,0x00,0x01,0x46,0x54,0x00,0x00,0x00,0x00,
0x00,0x00,0x00,0x69,0x96,0x00,0x00,0x00,0x00,0x1a,0xff,0xf9,0x00,0x00,0x00,0x02,0xdf,0xff,0xf9,0x00,0x00,0x00,0x5e,0xff,
0xef,0xf9,0x00,0x00,0x00,0xff,0xfa,0x5f,0xf9,0x00,0x00,0x00,0xff,0x70,0x4f,0xf9,0x00,0x00,0x00,0xd3,0x00,0x4f,0xf9,0x00,
0x00,0x00,0x10,0x00,0x4f,0xf9,0x00,0x00,0x00,0x00,0x00,0x4f,0xf9,0x00,0x00,0x00,0x00,0x00,0x4f,0xf9,0x00,0x00,0x00,0x00,
0x00,0x4f,0xf9,0x00,0x00,0x00,0x00,0x00,0x4f,0xf9,0x00,0x00,0x00,0x00,0x00,0x4f,0xf9,0x00,0x00,0x00,0x00,0x00,0x4f,0xf9,
0x00,0x00,0x00,0x00,0x00,0x4f,0xf9,0x00,0x00,0x00,0x00,0x00,0x4f,0xf9,0x00,0x00,0x00,0x00,0x00,0x4f,0xf9,0x00,0x00,0x00,
0x00,0x00,0x4f,0xf9,0x00,0x00,0x00,0x00,0x00,0x4f,0xf9,0x00,0x00,0x00,0x00,0x00,0x4f,0xf9,0x00,0x00,0x00,0x00,0x00,0x4f,
0xf9,0x00,0x00,0x00,0x00,0x00,0x4f,0xf9,0x00,0x00,0x00,0x00,0x00,0x4f,0xf9,0x00,0x00,0x00,0x00,0x00,0x4f,0xf9,0x00,0x00,
0x00,0x00,0x00,0x4f,0xf9,0x00,0x00,0x00,0x00,0x00,0x4f,0xf9,0x00,0x00,0x00,0x00,0x00,0x4f,0xf9,0x00,0x00,0x00,0x00,0x00,
0x4f,0xf9,0x00,0x00,0x00,0x00,0x00,0x7a,0xde,0xda,0x40,0x00,0x00,0x00,0x00,0x00,0x4d,0xff,0xff,0xff,0xfb,0x10,0x00,0x00,
0x00,0x02,0xff,0xfe,0xba,0xcf,0xff,0xc0,0x00,0x00,0x00,0x0c,0xff,0xa1,0x00,0x04,0xdf,0xf8,0x00,0x00,0x00,0x3f,0xfd,0x00,
0x00,0x00,0x4f,0xfe,0x00,0x00,0x00,0x6f,0xf7,0x00,0x00,0x00,0x0d,0xff,0x30,0x00,0x00,0x9f,0xf5,0x00,0x00,0x00,0x0a,0xff,
0x50,0x00,0x00,0x8c,0xc3,0x00,0x00,0x00,0x09,0xff,0x50,0x00,0x00,0x00,0x00,0x00,0x00,0x00,0x0c,0xff,0x40,0x00,0x00,0x00,
0x00,0x00,0x00,0x00,0x0f,0xff,0x20,0x00,0x00,0x00,0x00,0x00,0x00,0x00,0x6f,0xfc,0x00,0x00,0x00,0x00,0x00,0x00,0x00,0x00,
0xdf,0xf6,0x00,0x00,0x00,0x00,0x00,0x00,0x00,0x07,0xff,0xc0,0x00,0x00,0x00,0x00,0x00,0x00,0x00,0x3f,0xff,0x30,0x00,0x00,
0x00,0x00,0x00,0x00,0x00,0xcf,0xf8,0x00,0x00,0x00,0x00,0x00,0x00,0x00,0x08,0xff,0xc0,0x00,0x00,0x00,0x00,0x00,0x00,0x00,
0x4f,0xff,0x30,0x00,0x00,0x00,0x00,0x00,0x00,0x01,0xdf,0xf7,0x00,0x00,0x00,0x00,0x00,0x00,0x00,0x0a,0xff,0xb0,0x00,0x00,
0x00,0x00,0x00,0x00,0x00,0x5f,0xfe,0x20,0x00,0x00,0x00,0x00,0x00,0x00,0x02,0xef,0xf5,0x00,0x00,0x00,0x00,0x00,0x00,0x00,
0x0b,0xff,0xa0,0x00,0x00,0x00,0x00,0x00,0x00,0x00,0x7f,0xfd,0x10,0x00,0x00,0x00,0x00,0x00,0x00,0x03,0xff,0xf4,0x00,0x00,
0x00,0x00,0x00,0x00,0x00,0x0c,0xff,0x90,0x00,0x00,0x00,0x00,0x00,0x00,0x00,0x7f,0xff,0xa9,0x99,0x99,0x99,0x99,0x30,0x00,
0x00,0xaf,0xff,0xff,0xff,0xff,0xff,0xff,0x50,0x00,0x00,0xaf,0xff,0xff,0xff,0xff,0xff,0xff,0x50,0x00,0x00,0x00,0x00,0x5a,
0xce,0xda,0x71,0x00,0x00,0x00,0x00,0x00,0x2b,0xff,0xff,0xff,0xfd,0x50,0x00,0x00,0x00,0x00,0xcf,0xff,0xca,0xbe,0xff,0xf3,
0x00,0x00,0x00,0x08,0xff,0xd3,0x00,0x01,0xbf,0xfc,0x00,0x00,0x00,0x0d,0xff,0x30,0x00,0x00,0x1d,0xff,0x40,0x00,0x00,0x1f,
0xfb,0x00,0x00,0x00,0x07,0xff,0x70,0x00,0x00,0x3f,0xf9,0x00,0x00,0x00,0x04,0xff,0x90,0x00,0x00,0x16,0x63,0x00,0x00,0x00,
0x03,0xff,0xa0,0x00,0x00,0x00,0x00,0x00,0x00,0x00,0x05,0xff,0x90,0x00,0x00,0x00,0x00,0x00,0x00,0x00,0x07,0xff,0x60,0x00,
0x00,0x00,0x00,0x00,0x00,0x00,0x1e,0xfe,0x10,0x00,0x00,0x00,0x00,0x00,0x00,0x02,0xcf,0xf7,0x00,0x00,0x00,0x00,0x00,0x00,
0x9a,0xcf,0xff,0x80,0x00,0x00,0x00,0x00,0x00,0x00,0xef,0xff,0xf9,0x00,0x00,0x00,0x00,0x00,0x00,0x00,0xef,0xff,0xff,0xc1,
0x00,0x00,0x00,0x00,0x00,0x00,0x01,0x36,0xef,0xfc,0x10,0x00,0x00,0x00,0x00,0x00,0x00,0x00,0x1d,0xff,0x60,0x00,0x00,0x00,
0x00,0x00,0x00,0x00,0x05,0xff,0xc0,0x00,0x00,0x00,0x00,0x00,0x00,0x00,0x00,0xff,0xf0,0x00,0x00,0x00,0x00,0x00,0x00,0x00,
0x00,0xdf,0xf2,0x00,0x00,0x00,0x00,0x00,0x00,0x00,0x00,0xbf,0xf2,0x00,0x00,0x7c,0xc4,0x00,0x00,0x00,0x00,0xdf,0xf1,0x00,
0x00,0x7f,0xf7,0x00,0x00,0x00,0x00,0xff,0xf0,0x00,0x00,0x4f,0xfb,0x00,0x00,0x00,0x06,0xff,0xb0,0x00,0x00,0x1e,0xff,0x70,
0x00,0x00,0x2e,0xff,0x50,0x00,0x00,0x06,0xff,0xfb,0x63,0x58,0xff,0xfb,0x00,0x00,0x00,0x00,0x9f,0xff,0xff,0xff,0xff,0xc1,
0x00,0x00,0x00,0x00,0x04,0xcf,0xff,0xff,0xe7,0x00,0x00,0x00,0x00,0x00,0x00,0x01,0x36,0x53,0x00,0x00,0x00,0x00,0x00,0x00,
0x00,0x00,0x00,0x99,0x80,0x00,0x00,0x00,0x00,0x00,0x00,0x00,0x05,0xff,0x80,0x00,0x00,0x00,0x00,0x00,0x00,0x00,0x0c,0xff,
0x20,0x00,0x00,0x00,0x00,0x00,0x00,0x00,0x3f,0xfb,0x00,0x00,0x00,0x00,0x00,0x00,0x00,0x00,0x9f,0xf4,0x00,0x00,0x00,0x00,
0x00,0x00,0x00,0x01,0xff,0xd0,0x00,0x00,0x00,0x00,0x00,0x00,0x00,0x07,0xff,0x70,0x00,0x00,0x00,0x00,0x00,0x00,0x00,0x0d,
0xfe,0x10,0x00,0x00,0x00,0x00,0x00,0x00,0x00,0x5f,0xf9,0x00,0x00,0x00,0x00,0x00,0x00,0x00,0x00,0xbf,0xf3,0x00,0x00,0x00,
0x00,0x00,0x00,0x00,0x02,0xff,0xb0,0x00,0x00,0x00,0x00,0x00,0x00,0x00,0x09,0xff,0x50,0x00,0x00,0x00,0x00,0x00,0x00,0x00,
0x1e,0xfd,0x00,0x00,0x78,0x81,0x00,0x00,0x00,0x00,0x7f,0xf7,0x00,0x00,0xcf,0xf2,0x00,0x00,0x00,0x00,0xdf,0xf1,0x00,0x00,
0xcf,0xf2,0x00,0x00,0x00,0x04,0xff,0xa0,0x00,0x00,0xcf,0xf2,0x00,0x00,0x00,0x0b,0xff,0x30,0x00,0x00,0xcf,0xf2,0x00,0x00,
0x00,0x2f,0xfc,0x00,0x00,0x00,0xcf,0xf2,0x00,0x00,0x00,0x8f,0xf6,0x00,0x00,0x00,0xcf,0xf2,0x00,0x00,0x01,0xef,0xe1,0x00,
0x00,0x00,0xcf,0xf2,0x00,0x00,0x03,0xff,0xff,0xff,0xff,0xff,0xff,0xff,0xff,0x20,0x03,0xff,0xff,0xff,0xff,0xff,0xff,0xff,
0xff,0x20,0x02,0x99,0x99,0x99,0x99,0x99,0xef,0xfa,0x99,0x10,0x00,0x00,0x00,0x00,0x00,0x00,0xcf,0xf2,0x00,0x00,0x00,0x00,
0x00,0x00,0x00,0x00,0xcf,0xf2,0x00,0x00,0x00,0x00,0x00,0x00,0x00,0x00,0xcf,0xf2,0x00,0x00,0x00,0x00,0x00,0x00,0x00,0x00,
0xcf,0xf2,0x00,0x00,0x00,0x00,0x00,0x00,0x00,0x00,0xcf,0xf2,0x00,0x00,0x00,0x08,0x99,0x99,0x99,0x99,0x99,0x99,0x20,0x00,
0x00,0x0e,0xff,0xff,0xff,0xff,0xff,0xff,0x40,0x00,0x00,0x0e,0xff,0xff,0xff,0xff,0xff,0xff,0x40,0x00,0x00,0x0e,0xfc,0x11,
0x11,0x11,0x11,0x11,0x00,0x00,0x00,0x0e,0xfb,0x00,0x00,0x00,0x00,0x00,0x00,0x00,0x00,0x0e,0xfb,0x00,0x00,0x00,0x00,0x00,
0x00,0x00,0x00,0x0e,0xfb,0x00,0x00,0x00,0x00,0x00,0x00,0x00,0x00,0x0e,0xfb,0x00,0x00,0x00,0x00,0x00,0x00,0x00,0x00,0x0e,
0xfb,0x00,0x00,0x00,0x00,0x00,0x00,0x00,0x00,0x0e,0xfb,0x00,0x00,0x00,0x00,0x00,0x00,0x00,0x00,0x0e,0xfb,0x05,0xad,0xca,
0x72,0x00,0x00,0x00,0x00,0x0e,0xfc,0xaf,0xff,0xff,0xff,0x60,0x00,0x00,0x00,0x0e,0xff,0xff,0xdc,0xdf,0xff,0xf4,0x00,0x00,
0x00,0x0e,0xff,0xe4,0x00,0x02,0xcf,0xfb,0x00,0x00,0x00,0x0e,0xff,0x30,0x00,0x00,0x1e,0xff,0x30,0x00,0x00,0x07,0x86,0x00,
0x00,0x00,0x08,0xff,0x60,0x00,0x00,0x00,0x00,0x00,0x00,0x00,0x06,0xff,0x80,0x00,0x00,0x00,0x00,0x00,0x00,0x00,0x04,0xff,
0xa0,0x00,0x00,0x00,0x00,0x00,0x00,0x00,0x03,0xff,0xb0,0x00,0x00,0x00,0x00,0x00,0x00,0x00,0x03,0xff,0xb0,0x00,0x00,0x00,
0x00,0x00,0x00,0x00,0x03,0xff,0xb0,0x00,0x00,0x38,0x83,0x00,0x00,0x00,0x05,0xff,0x90,0x00,0x00,0x4f,0xf8,0x00,0x00,0x00,
0x07,0xff,0x70,0x00,0x00,0x2f,0xfc,0x00,0x00,0x00,0x0c,0xff,0x50,0x00,0x00,0x0e,0xff,0x60,0x00,0x00,0x6f,0xfd,0x10,0x00,
0x00,0x05,0xff,0xfa,0x64,0x6a,0xff,0xf5,0x00,0x00,0x00,0x00,0x9f,0xff,0xff,0xff,0xff,0x90,0x00,0x00,0x00,0x00,0x04,0xdf,
0xff,0xff,0xd4,0x00,0x00,0x00,0x00,0x00,0x00,0x01,0x45,0x41,0x00,0x00,0x00,0x00,0x00,0x00,0x00,0x00,0x00,0x69,0x93,0x00,
0x00,0x00,0x00,0x00,0x00,0x00,0x02,0xff,0xe0,0x00,0x00,0x00,0x00,0x00,0x00,0x00,0x09,0xff,0x70,0x00,0x00,0x00,0x00,0x00,
0x00,0x00,0x2f,0xfe,0x10,0x00,0x00,0x00,0x00,0x00,0x00,0x00,0x9f,0xf7,0x00,0x00,0x00,0x00,0x00,0x00,0x00,0x02,0xff,0xe1,
0x00,0x00,0x00,0x00,0x00,0x00,0x00,0x09,0xff,0x70,0x00,0x00,0x00,0x00,0x00,0x00,0x00,0x2f,0xfe,0x10,0x00,0x00,0x00,0x00,
0x00,0x00,0x00,0x9f,0xf7,0x00,0x00,0x00,0x00,0x00,0x00,0x00,0x02,0xff,0xe1,0x00,0x00,0x00,0x00,0x00,0x00,0x00,0x09,0xff,
0x80,0x00,0x00,0x00,0x00,0x00,0x00,0x00,0x2f,0xfe,0x12,0x43,0x10,0x00,0x00,0x00,0x00,0x00,0x9f,0xfd,0xdf,0xff,0xfa,0x20,
0x00,0x00,0x00,0x01,0xff,0xff,0xff,0xff,0xff,0xe4,0x00,0x00,0x00,0x07,0xff,0xfe,0x96,0x7a,0xff,0xfd,0x10,0x00,0x00,0x0d,
0xff,0xb1,0x00,0x00,0x3d,0xff,0x80,0x00,0x00,0x3f,0xfe,0x20,0x00,0x00,0x04,0xff,0xe0,0x00,0x00,0x6f,0xf9,0x00,0x00,0x00,
0x00,0xcf,0xf2,0x00,0x00,0x8f,0xf6,0x00,0x00,0x00,0x00,0xaf,0xf4,0x00,0x00,0xaf,0xf5,0x00,0x00,0x00,0x00,0x8f,0xf6,0x00,
0x00,0xaf,0xf5,0x00,0x00,0x00,0x00,0x8f,0xf6,0x00,0x00,0x9f,0xf6,0x00,0x00,0x00,0x00,0xaf,0xf4,0x00,0x00,0x7f,0xf9,0x00,
0x00,0x00,0x00,0xcf,0xf3,0x00,0x00,0x3f,0xfe,0x10,0x00,0x00,0x04,0xff,0xd0,0x00,0x00,0x0c,0xff,0xa1,0x00,0x00,0x2c,0xff,
0x70,0x00,0x00,0x04,0xff,0xfd,0x74,0x47,0xef,0xfc,0x10,0x00,0x00,0x00,0x6f,0xff,0xff,0xff,0xff,0xd2,0x00,0x00,0x00,0x00,
0x03,0xbf,0xff,0xff,0xe8,0x10,0x00,0x00,0x00,0x00,0x00,0x01,0x46,0x53,0x00,0x00,0x00,0x00,0x04,0x99,0x99,0x99,0x99,0x99,
0x99,0x96,0x00,0x06,0xff,0xff,0xff,0xff,0xff,0xff,0xf9,0x00,0x06,0xff,0xff,0xff,0xff,0xff,0xff,0xf9,0x00,0x00,0x11,0x11,
0x11,0x11,0x11,0x6f,0xf7,0x00,0x00,0x00,0x00,0x00,0x00,0x00,0xbf,0xf2,0x00,0x00,0x00,0x00,0x00,0x00,0x01,0xff,0xb0,0x00,
0x00,0x00,0x00,0x00,0x00,0x06,0xff,0x60,0x00,0x00,0x00,0x00,0x00,0x00,0x0c,0xfe,0x10,0x00,0x00,0x00,0x00,0x00,0x00,0x2f,
0xfa,0x00,0x00,0x00,0x00,0x00,0x00,0x00,0x8f,0xf4,0x00,0x00,0x00,0x00,0x00,0x00,0x00,0xdf,0xe0,0x00,0x00,0x00,0x00,0x00,
0x00,0x04,0xff,0x90,0x00,0x00,0x00,0x00,0x00,0x00,0x09,0xff,0x30,0x00,0x00,0x00,0x00,0x00,0x00,0x1e,0xfd,0x00,0x00,0x00,
0x00,0x00,0x00,0x00,0x5f,0xf7,0x00,0x00,0x00,0x00,0x00,0x00,0x00,0xbf,0xf2,0x00,0x00,0x00,0x00,0x00,0x00,0x01,0xff,0xc0,
0x00,0x00,0x00,0x00,0x00,0x00,0x07,0xff,0x60,0x00,0x00,0x00,0x00,0x00,0x00,0x0c,0xff,0x10,0x00,0x00,0x00,0x00,0x00,0x00,
0x3f,0xfa,0x00,0x00,0x00,0x00,0x00,0x00,0x00,0x8f,0xf5,0x00,0x00,0x00,0x00,0x00,0x00,0x00,0xdf,0xe0,0x00,0x00,0x00,0x00,
0x00,0x00,0x04,0xff,0x90,0x00,0x00,0x00,0x00,0x00,0x00,0x0a,0xff,0x40,0x00,0x00,0x00,0x00,0x00,0x00,0x1e,0xfd,0x00,0x00,
0x00,0x00,0x00,0x00,0x00,0x6f,0xf8,0x00,0x00,0x00,0x00,0x00,0x00,0x00,0xbf,0xf2,0x00,0x00,0x00,0x00,0x00,0x00,0x02,0xff,
0xc0,0x00,0x00,0x00,0x00,0x00,0x00,0x00,0x00,0x17,0xcd,0xed,0xa4,0x00,0x00,0x00,0x00,0x00,0x04,0xef,0xff,0xff,0xff,0xa1,
0x00,0x00,0x00,0x00,0x4f,0xff,0xeb,0xad,0xff,0xfb,0x00,0x00,0x00,0x00,0xdf,0xfa,0x10,0x00,0x5e,0xff,0x70,0x00,0x00,0x05,
0xff,0xc0,0x00,0x00,0x05,0xff,0xd0,0x00,0x00,0x0a,0xff,0x50,0x00,0x00,0x00,0xdf,0xf2,0x00,0x00,0x0b,0xff,0x30,0x00,0x00,
0x00,0xaf,0xf4,0x00,0x00,0x0c,0xff,0x20,0x00,0x00,0x00,0x9f,0xf5,0x00,0x00,0x0b,0xff,0x30,0x00,0x00,0x00,0xbf,0xf3,0x00,
0x00,0x09,0xff,0x60,0x00,0x00,0x00,0xef,0xf1,0x00,0x00,0x03,0xff,0xe1,0x00,0x00,0x07,0xff,0xb0,0x00,0x00,0x00,0xaf,0xfc,
0x30,0x01,0x8f,0xff,0x30,0x00,0x00,0x00,0x1c,0xff,0xfe,0xdf,0xff,0xe5,0x00,0x00,0x00,0x00,0x01,0xdf,0xff,0xff,0xff,0x50,
0x00,0x00,0x00,0x00,0x3d,0xff,0xfe,0xdf,0xff,0xf8,0x00,0x00,0x00,0x01,0xdf,0xfb,0x20,0x01,0x6e,0xff,0x60,0x00,0x00,0x08,
0xff,0xa0,0x00,0x00,0x03,0xff,0xe1,0x00,0x00,0x1e,0xfe,0x20,0x00,0x00,0x00,0x9f,0xf7,0x00,0x00,0x3f,0xfb,0x00,0x00,0x00,
0x00,0x4f,0xfa,0x00,0x00,0x5f,0xf9,0x00,0x00,0x00,0x00,0x2f,0xfc,0x00,0x00,0x6f,0xf8,0x00,0x00,0x00,0x00,0x1f,0xfc,0x00,
0x00,0x5f,0xfa,0x00,0x00,0x00,0x00,0x3f,0xfb,0x00,0x00,0x3f,0xfc,0x00,0x00,0x00,0x00,0x6f,0xf9,0x00,0x00,0x0e,0xff,0x40,
0x00,0x00,0x00,0xcf,0xf5,0x00,0x00,0x08,0xff,0xd2,0x00,0x00,0x08,0xff,0xe0,0x00,0x00,0x01,0xdf,0xfe,0x85,0x46,0xcf,0xff,
0x50,0x00,0x00,0x00,0x2d,0xff,0xff,0xff,0xff,0xf7,0x00,0x00,0x00,0x00,0x01,0x8e,0xff,0xff,0xfb,0x30,0x00,0x00,0x00,0x00,
0x00,0x00,0x35,0x64,0x10,0x00,0x00,0x00,0x00,0x00,0x00,0x39,0xce,0xec,0x93,0x00,0x00,0x00,0x00,0x00,0x1a,0xff,0xff,0xff,
0xff,0x90,0x00,0x00,0x00,0x00,0xcf,0xff,0xda,0xbe,0xff,0xfa,0x00,0x00,0x00,0x08,0xff,0xe4,0x00,0x00,0x7f,0xff,0x50,0x00,
0x00,0x1e,0xff,0x30,0x00,0x00,0x08,0xff,0xc0,0x00,0x00,0x5f,0xfa,0x00,0x00,0x00,0x01,0xef,0xf2,0x00,0x00,0x8f,0xf7,0x00,
0x00,0x00,0x00,0xbf,0xf4,0x00,0x00,0x9f,0xf4,0x00,0x00,0x00,0x00,0x9f,0xf6,0x00,0x00,0xaf,0xf4,0x00,0x00,0x00,0x00,0x8f,
0xf6,0x00,0x00,0x9f,0xf5,0x00,0x00,0x00,0x00,0x9f,0xf5,0x00,0x00,0x7f,0xf7,0x00,0x00,0x00,0x00,0xcf,0xf3,0x00,0x00,0x4f,
0xfc,0x00,0x00,0x00,0x02,0xef,0xf1,0x00,0x00,0x1e,0xff,0x60,0x00,0x00,0x0a,0xff,0xb0,0x00,0x00,0x07,0xff,0xf9,0x20,0x03,
0xbf,0xff,0x50,0x00,0x00,0x00,0xcf,0xff,0xfe,0xff,0xff,0xfe,0x00,0x00,0x00,0x00,0x1a,0xff,0xff,0xff,0xff,0xf8,0x00,0x00,
0x00,0x00,0x00,0x38,0xaa,0x85,0xff,0xe1,0x00,0x00,0x00,0x00,0x00,0x00,0x00,0x08,0xff,0x80,0x00,0x00,0x00,0x00,0x00,0x00,
0x00,0x1e,0xfe,0x10,0x00,0x00,0x00,0x00,0x00,0x00,0x00,0x8f,0xf8,0x00,0x00,0x00,0x00,0x00,0x00,0x00,0x01,0xef,0xe1,0x00,
0x00,0x00,0x00,0x00,0x00,0x00,0x08,0xff,0x80,0x00,0x00,0x00,0x00,0x00,0x00,0x00,0x1e,0xfe,0x10,0x00,0x00,0x00,0x00,0x00,
0x00,0x00,0x7f,0xf8,0x00,0x00,0x00,0x00,0x00,0x00,0x00,0x01,0xef,0xf2,0x00,0x00,0x00,0x00,0x00,0x00,0x00,0x07,0xff,0x90,
0x00,0x00,0x00,0x00,0x00,0x00,0x00,0x1e,0xff,0x20,0x00,0x00,0x00,0x00,0x00,0x00,0x00,0x7f,0xf9,0x00,0x00,0x00,0x00,0x00,
0x00,0x23,0x32,0x00,0x00,0xdf,0xf9,0x00,0x00,0xdf,0xf9,0x00,0x00,0xdf,0xf9,0x00,0x00,0x67,0x75,0x00,0x00,0x00,0x00,0x00,
0x00,0x00,0x00,0x00,0x00,0x00,0x00,0x00,0x00,0x00,0x00,0x00,0x00,0x00,0x00,0x00,0x00,0x00,0x00,0x00,0x00,0x00,0x00,0x00,
0x00,0x00,0x00,0x00,0x00,0x00,0x00,0x00,0x00,0x9a,0xa6,0x00,0x00,0xdf,0xf9,0x00,0x00,0xdf,0xf9,0x00,0x00,0xdf,0xf9,0x00,
};
#endif

static const lv_font_fmt_txt_glyph_dsc_t product_number_40_glyphs[]={
{.bitmap_index=0,.adv_w=0,.box_w=0,.box_h=0,.ofs_x=0,.ofs_y=0},
{.bitmap_index=0,.adv_w=144,.box_w=9,.box_h=0,.ofs_x=0,.ofs_y=0},
{.bitmap_index=0,.adv_w=320,.box_w=20,.box_h=28,.ofs_x=0,.ofs_y=0},
{.bitmap_index=280,.adv_w=320,.box_w=20,.box_h=19,.ofs_x=0,.ofs_y=0},
{.bitmap_index=470,.adv_w=112,.box_w=7,.box_h=10,.ofs_x=0,.ofs_y=-6},
{.bitmap_index=510,.adv_w=256,.box_w=16,.box_h=16,.ofs_x=0,.ofs_y=0},
{.bitmap_index=638,.adv_w=128,.box_w=8,.box_h=4,.ofs_x=0,.ofs_y=0},
{.bitmap_index=654,.adv_w=256,.box_w=16,.box_h=29,.ofs_x=0,.ofs_y=-1},
{.bitmap_index=886,.adv_w=320,.box_w=20,.box_h=29,.ofs_x=0,.ofs_y=-1},
{.bitmap_index=1176,.adv_w=320,.box_w=13,.box_h=28,.ofs_x=3,.ofs_y=0},
{.bitmap_index=1372,.adv_w=320,.box_w=19,.box_h=28,.ofs_x=0,.ofs_y=0},
{.bitmap_index=1652,.adv_w=320,.box_w=20,.box_h=29,.ofs_x=0,.ofs_y=-1},
{.bitmap_index=1942,.adv_w=320,.box_w=20,.box_h=28,.ofs_x=0,.ofs_y=0},
{.bitmap_index=2222,.adv_w=320,.box_w=19,.box_h=29,.ofs_x=0,.ofs_y=-1},
{.bitmap_index=2512,.adv_w=320,.box_w=20,.box_h=29,.ofs_x=0,.ofs_y=-1},
{.bitmap_index=2802,.adv_w=320,.box_w=17,.box_h=28,.ofs_x=1,.ofs_y=0},
{.bitmap_index=3054,.adv_w=320,.box_w=20,.box_h=29,.ofs_x=0,.ofs_y=-1},
{.bitmap_index=3344,.adv_w=320,.box_w=20,.box_h=28,.ofs_x=0,.ofs_y=0},
{.bitmap_index=3624,.adv_w=128,.box_w=8,.box_h=18,.ofs_x=0,.ofs_y=0},
};

static lv_font_fmt_txt_dsc_t product_number_40_dsc={
#if !NOODOE_PRODUCT
.glyph_bitmap=product_number_40_bitmap,
#endif
.glyph_dsc=product_number_40_glyphs,.cmaps=product_number_20_map,.cmap_num=1,.bpp=4,.bitmap_format=0,.stride=1};

const lv_font_t product_number_40={.get_glyph_dsc=lv_font_get_glyph_dsc_fmt_txt,.get_glyph_bitmap=lv_font_get_bitmap_fmt_txt,.line_height=38,.base_line=8,.dsc=&product_number_40_dsc};

#if !NOODOE_PRODUCT
static const uint8_t product_number_48_bitmap[]={
0x00,0x00,0x00,0x00,0x12,0x20,0x00,0x00,0x01,0x22,0x10,0x00,0x00,0x00,0x00,0x00,0x00,0xff,0xd0,0x00,0x00,0x08,0xff,0x50,
0x00,0x00,0x00,0x00,0x00,0x02,0xff,0xb0,0x00,0x00,0x0a,0xff,0x30,0x00,0x00,0x00,0x00,0x00,0x04,0xff,0x90,0x00,0x00,0x0c,
0xff,0x10,0x00,0x00,0x00,0x00,0x00,0x06,0xff,0x70,0x00,0x00,0x0e,0xfe,0x00,0x00,0x00,0x00,0x00,0x00,0x07,0xff,0x50,0x00,
0x00,0x1f,0xfc,0x00,0x00,0x00,0x00,0x00,0x00,0x09,0xff,0x30,0x00,0x00,0x3f,0xfa,0x00,0x00,0x00,0x00,0x00,0x00,0x0b,0xff,
0x10,0x00,0x00,0x5f,0xf8,0x00,0x00,0x00,0x00,0x00,0x00,0x0d,0xfe,0x00,0x00,0x00,0x7f,0xf6,0x00,0x00,0x00,0x00,0x00,0x00,
0x0f,0xfc,0x00,0x00,0x00,0x9f,0xf4,0x00,0x00,0x00,0x00,0x34,0x44,0x6f,0xfc,0x44,0x44,0x44,0xcf,0xf6,0x44,0x41,0x00,0x00,
0xaf,0xff,0xff,0xff,0xff,0xff,0xff,0xff,0xff,0xff,0xf5,0x00,0x00,0xaf,0xff,0xff,0xff,0xff,0xff,0xff,0xff,0xff,0xff,0xf5,
0x00,0x00,0x45,0x55,0xbf,0xf8,0x55,0x55,0x57,0xff,0xd5,0x55,0x52,0x00,0x00,0x00,0x00,0xaf,0xf2,0x00,0x00,0x03,0xff,0xa0,
0x00,0x00,0x00,0x00,0x00,0x00,0xcf,0xf0,0x00,0x00,0x05,0xff,0x80,0x00,0x00,0x00,0x00,0x00,0x00,0xef,0xd0,0x00,0x00,0x07,
0xff,0x60,0x00,0x00,0x00,0x00,0x00,0x01,0xff,0xb0,0x00,0x00,0x09,0xff,0x40,0x00,0x00,0x00,0x00,0x00,0x03,0xff,0x90,0x00,
0x00,0x0b,0xff,0x20,0x00,0x00,0x00,0x00,0x00,0x05,0xff,0x70,0x00,0x00,0x0d,0xff,0x00,0x00,0x00,0x00,0x04,0x44,0x49,0xff,
0x94,0x44,0x44,0x4f,0xfe,0x44,0x44,0x10,0x00,0x0c,0xff,0xff,0xff,0xff,0xff,0xff,0xff,0xff,0xff,0xff,0x30,0x00,0x0c,0xff,
0xff,0xff,0xff,0xff,0xff,0xff,0xff,0xff,0xff,0x30,0x00,0x05,0x66,0x6e,0xff,0x66,0x66,0x66,0xaf,0xfa,0x66,0x66,0x10,0x00,
0x00,0x00,0x0f,0xfd,0x00,0x00,0x00,0x8f,0xf6,0x00,0x00,0x00,0x00,0x00,0x00,0x2f,0xfb,0x00,0x00,0x00,0xaf,0xf4,0x00,0x00,
0x00,0x00,0x00,0x00,0x4f,0xf9,0x00,0x00,0x00,0xcf,0xf2,0x00,0x00,0x00,0x00,0x00,0x00,0x6f,0xf7,0x00,0x00,0x00,0xef,0xf0,
0x00,0x00,0x00,0x00,0x00,0x00,0x8f,0xf5,0x00,0x00,0x01,0xff,0xd0,0x00,0x00,0x00,0x00,0x00,0x00,0xaf,0xf3,0x00,0x00,0x03,
0xff,0xb0,0x00,0x00,0x00,0x00,0x00,0x00,0xcf,0xf1,0x00,0x00,0x05,0xff,0x90,0x00,0x00,0x00,0x00,0x00,0x00,0xef,0xe0,0x00,
0x00,0x07,0xff,0x70,0x00,0x00,0x00,0x00,0x00,0x01,0xff,0xc0,0x00,0x00,0x09,0xff,0x50,0x00,0x00,0x00,0x00,0x00,0x03,0xff,
0xa0,0x00,0x00,0x0b,0xff,0x30,0x00,0x00,0x00,0x00,0x00,0x00,0x00,0x00,0x00,0x4c,0xca,0x00,0x00,0x00,0x00,0x00,0x00,0x00,
0x00,0x00,0x00,0x00,0x4f,0xfd,0x00,0x00,0x00,0x00,0x00,0x00,0x00,0x00,0x00,0x00,0x00,0x4f,0xfd,0x00,0x00,0x00,0x00,0x00,
0x00,0x00,0x00,0x00,0x00,0x00,0x4f,0xfd,0x00,0x00,0x00,0x00,0x00,0x00,0x00,0x00,0x00,0x00,0x00,0x4f,0xfd,0x00,0x00,0x00,
0x00,0x00,0x00,0x00,0x00,0x00,0x00,0x00,0x4f,0xfd,0x00,0x00,0x00,0x00,0x00,0x00,0x00,0x00,0x00,0x00,0x00,0x4f,0xfd,0x00,
0x00,0x00,0x00,0x00,0x00,0x00,0x00,0x00,0x00,0x00,0x4f,0xfd,0x00,0x00,0x00,0x00,0x00,0x00,0x00,0x3c,0xcc,0xcc,0xcc,0xdf,
0xff,0xcc,0xcc,0xcc,0xca,0x00,0x00,0x00,0x4f,0xff,0xff,0xff,0xff,0xff,0xff,0xff,0xff,0xfc,0x00,0x00,0x00,0x4f,0xff,0xff,
0xff,0xff,0xff,0xff,0xff,0xff,0xfc,0x00,0x00,0x00,0x15,0x55,0x55,0x55,0x8f,0xfe,0x55,0x55,0x55,0x54,0x00,0x00,0x00,0x00,
0x00,0x00,0x00,0x4f,0xfd,0x00,0x00,0x00,0x00,0x00,0x00,0x00,0x00,0x00,0x00,0x00,0x4f,0xfd,0x00,0x00,0x00,0x00,0x00,0x00,
0x00,0x00,0x00,0x00,0x00,0x4f,0xfd,0x00,0x00,0x00,0x00,0x00,0x00,0x00,0x00,0x00,0x00,0x00,0x4f,0xfd,0x00,0x00,0x00,0x00,
0x00,0x00,0x00,0x00,0x00,0x00,0x00,0x4f,0xfd,0x00,0x00,0x00,0x00,0x00,0x00,0x00,0x00,0x00,0x00,0x00,0x4f,0xfd,0x00,0x00,
0x00,0x00,0x00,0x00,0x00,0x00,0x00,0x00,0x00,0x4f,0xfd,0x00,0x00,0x00,0x00,0x00,0x00,0x00,0x00,0x00,0x00,0x00,0x15,0x54,
0x00,0x00,0x00,0x00,0x00,0x00,0x00,0x00,0x00,0x00,0x00,0x00,0x00,0x00,0x00,0x00,0x00,0x00,0x00,0x00,0x00,0x00,0x00,0x00,
0x00,0x00,0x00,0x00,0x00,0x00,0x00,0x00,0x00,0x00,0x00,0x00,0x00,0x00,0x00,0x00,0x00,0x00,0x00,0x00,0x00,0x00,0x37,0x75,
0x00,0x00,0x7f,0xfb,0x00,0x00,0x7f,0xfb,0x00,0x00,0x7f,0xfb,0x00,0x00,0x7f,0xfb,0x00,0x00,0x7f,0xfb,0x00,0x00,0x7f,0xfb,
0x00,0x00,0x7f,0xfb,0x00,0x00,0x7f,0xf9,0x00,0x00,0x7f,0xb1,0x00,0x00,0x7a,0x00,0x00,0x00,0x30,0x00,0x00,0x00,0x13,0x33,
0x33,0x33,0x33,0x33,0x33,0x00,0x00,0x00,0x3f,0xff,0xff,0xff,0xff,0xff,0xff,0x00,0x00,0x00,0x3f,0xff,0xff,0xff,0xff,0xff,
0xff,0x00,0x00,0x00,0x2e,0xee,0xee,0xee,0xee,0xee,0xee,0x00,0x00,0x00,0x00,0x00,0x00,0x00,0x00,0x00,0x00,0x00,0x00,0x00,
0x00,0x00,0x00,0x00,0x00,0x00,0x00,0x00,0x00,0x00,0x00,0x00,0x00,0x00,0x00,0x00,0x00,0x00,0x00,0x00,0x00,0x00,0x00,0x00,
0x00,0x00,0x00,0x00,0x00,0x00,0x00,0x00,0x00,0x00,0x00,0x00,0x00,0x00,0x00,0x00,0x00,0x00,0x00,0x00,0x00,0x00,0x00,0x00,
0x00,0x00,0x00,0x00,0x00,0x00,0x00,0x00,0x00,0x00,0x00,0x00,0x00,0x00,0x00,0x00,0x00,0x00,0x00,0x00,0x00,0x00,0x00,0x00,
0x00,0x00,0x00,0x00,0x00,0x00,0x00,0x00,0x00,0x00,0x00,0x00,0x00,0x00,0x00,0x00,0x00,0x00,0x00,0x00,0x00,0x00,0x00,0x00,
0x00,0x00,0x00,0x00,0x00,0x00,0x00,0x00,0x00,0x00,0x00,0x00,0x00,0x00,0x00,0x00,0x00,0x00,0x00,0x00,0x00,0x00,0x00,0x00,
0x00,0x00,0x00,0x00,0x00,0x00,0x00,0x00,0x00,0x00,0x00,0x00,0x00,0x00,0x00,0x00,0x00,0x00,0x00,0x00,0x36,0x66,0x50,0x00,
0x00,0x7f,0xff,0xb0,0x00,0x00,0x7f,0xff,0xb0,0x00,0x00,0x7f,0xff,0xb0,0x00,0x00,0x7f,0xff,0xb0,0x00,0x00,0x00,0x00,0x00,
0x00,0x00,0x01,0x22,0x00,0x00,0x00,0x00,0x00,0x00,0x00,0x00,0x1f,0xfc,0x00,0x00,0x00,0x00,0x00,0x00,0x00,0x00,0x6f,0xf7,
0x00,0x00,0x00,0x00,0x00,0x00,0x00,0x00,0xbf,0xf3,0x00,0x00,0x00,0x00,0x00,0x00,0x00,0x01,0xff,0xd0,0x00,0x00,0x00,0x00,
0x00,0x00,0x00,0x05,0xff,0x90,0x00,0x00,0x00,0x00,0x00,0x00,0x00,0x09,0xff,0x40,0x00,0x00,0x00,0x00,0x00,0x00,0x00,0x0e,
0xfe,0x00,0x00,0x00,0x00,0x00,0x00,0x00,0x00,0x3f,0xfa,0x00,0x00,0x00,0x00,0x00,0x00,0x00,0x00,0x8f,0xf5,0x00,0x00,0x00,
0x00,0x00,0x00,0x00,0x00,0xdf,0xf1,0x00,0x00,0x00,0x00,0x00,0x00,0x00,0x02,0xff,0xb0,0x00,0x00,0x00,0x00,0x00,0x00,0x00,
0x07,0xff,0x60,0x00,0x00,0x00,0x00,0x00,0x00,0x00,0x0b,0xff,0x20,0x00,0x00,0x00,0x00,0x00,0x00,0x00,0x1f,0xfc,0x00,0x00,
0x00,0x00,0x00,0x00,0x00,0x00,0x6f,0xf8,0x00,0x00,0x00,0x00,0x00,0x00,0x00,0x00,0xaf,0xf3,0x00,0x00,0x00,0x00,0x00,0x00,
0x00,0x00,0xef,0xd0,0x00,0x00,0x00,0x00,0x00,0x00,0x00,0x04,0xff,0x90,0x00,0x00,0x00,0x00,0x00,0x00,0x00,0x09,0xff,0x40,
0x00,0x00,0x00,0x00,0x00,0x00,0x00,0x0d,0xfe,0x00,0x00,0x00,0x00,0x00,0x00,0x00,0x00,0x3f,0xfa,0x00,0x00,0x00,0x00,0x00,
0x00,0x00,0x00,0x8f,0xf6,0x00,0x00,0x00,0x00,0x00,0x00,0x00,0x00,0xcf,0xf1,0x00,0x00,0x00,0x00,0x00,0x00,0x00,0x02,0xff,
0xb0,0x00,0x00,0x00,0x00,0x00,0x00,0x00,0x06,0xff,0x70,0x00,0x00,0x00,0x00,0x00,0x00,0x00,0x0b,0xff,0x20,0x00,0x00,0x00,
0x00,0x00,0x00,0x00,0x1f,0xfd,0x00,0x00,0x00,0x00,0x00,0x00,0x00,0x00,0x5f,0xf8,0x00,0x00,0x00,0x00,0x00,0x00,0x00,0x00,
0xaf,0xf3,0x00,0x00,0x00,0x00,0x00,0x00,0x00,0x00,0xef,0xe0,0x00,0x00,0x00,0x00,0x00,0x00,0x00,0x04,0xff,0x90,0x00,0x00,
0x00,0x00,0x00,0x00,0x00,0x08,0xff,0x50,0x00,0x00,0x00,0x00,0x00,0x00,0x00,0x0d,0xfe,0x10,0x00,0x00,0x00,0x00,0x00,0x00,
0x00,0x17,0x76,0x00,0x00,0x00,0x00,0x00,0x00,0x00,0x00,0x00,0x00,0x00,0x15,0x78,0x87,0x40,0x00,0x00,0x00,0x00,0x00,0x00,
0x00,0x2a,0xff,0xff,0xff,0xfe,0x70,0x00,0x00,0x00,0x00,0x00,0x03,0xef,0xff,0xff,0xff,0xff,0xfb,0x10,0x00,0x00,0x00,0x00,
0x1e,0xff,0xff,0xda,0xbe,0xff,0xff,0x90,0x00,0x00,0x00,0x00,0x9f,0xff,0xc2,0x00,0x00,0x5f,0xff,0xf4,0x00,0x00,0x00,0x01,
0xef,0xfd,0x10,0x00,0x00,0x04,0xff,0xfa,0x00,0x00,0x00,0x05,0xff,0xf6,0x00,0x00,0x00,0x00,0xbf,0xfe,0x00,0x00,0x00,0x08,
0xff,0xf1,0x00,0x00,0x00,0x00,0x7f,0xff,0x30,0x00,0x00,0x0b,0xff,0xd0,0x00,0x00,0x00,0x00,0x4f,0xff,0x50,0x00,0x00,0x0c,
0xff,0xc0,0x00,0x00,0x00,0x00,0x2f,0xff,0x60,0x00,0x00,0x0c,0xff,0xb0,0x00,0x00,0x00,0x00,0x1f,0xff,0x70,0x00,0x00,0x0d,
0xff,0xa0,0x00,0x00,0x00,0x00,0x0f,0xff,0x70,0x00,0x00,0x0d,0xff,0xa0,0x00,0x00,0x00,0x00,0x0f,0xff,0x70,0x00,0x00,0x0d,
0xff,0xa0,0x00,0x00,0x00,0x00,0x0f,0xff,0x70,0x00,0x00,0x0d,0xff,0xa0,0x00,0x00,0x00,0x00,0x0f,0xff,0x70,0x00,0x00,0x0d,
0xff,0xa0,0x00,0x00,0x00,0x00,0x0f,0xff,0x70,0x00,0x00,0x0d,0xff,0xa0,0x00,0x00,0x00,0x00,0x0f,0xff,0x70,0x00,0x00,0x0d,
0xff,0xa0,0x00,0x00,0x00,0x00,0x0f,0xff,0x70,0x00,0x00,0x0d,0xff,0xa0,0x00,0x00,0x00,0x00,0x0f,0xff,0x70,0x00,0x00,0x0d,
0xff,0xa0,0x00,0x00,0x00,0x00,0x0f,0xff,0x70,0x00,0x00,0x0d,0xff,0xa0,0x00,0x00,0x00,0x00,0x0f,0xff,0x70,0x00,0x00,0x0d,
0xff,0xa0,0x00,0x00,0x00,0x00,0x0f,0xff,0x70,0x00,0x00,0x0d,0xff,0xa0,0x00,0x00,0x00,0x00,0x0f,0xff,0x70,0x00,0x00,0x0d,
0xff,0xa0,0x00,0x00,0x00,0x00,0x0f,0xff,0x70,0x00,0x00,0x0c,0xff,0xb0,0x00,0x00,0x00,0x00,0x1f,0xff,0x70,0x00,0x00,0x0b,
0xff,0xc0,0x00,0x00,0x00,0x00,0x2f,0xff,0x60,0x00,0x00,0x0a,0xff,0xe0,0x00,0x00,0x00,0x00,0x4f,0xff,0x50,0x00,0x00,0x07,
0xff,0xf2,0x00,0x00,0x00,0x00,0x7f,0xff,0x20,0x00,0x00,0x04,0xff,0xf6,0x00,0x00,0x00,0x00,0xcf,0xfe,0x00,0x00,0x00,0x00,
0xef,0xfd,0x10,0x00,0x00,0x05,0xff,0xf9,0x00,0x00,0x00,0x00,0x8f,0xff,0xd3,0x00,0x00,0x6f,0xff,0xf2,0x00,0x00,0x00,0x00,
0x1d,0xff,0xff,0xeb,0xcf,0xff,0xff,0x80,0x00,0x00,0x00,0x00,0x02,0xdf,0xff,0xff,0xff,0xff,0xf9,0x00,0x00,0x00,0x00,0x00,
0x00,0x18,0xef,0xff,0xff,0xfc,0x50,0x00,0x00,0x00,0x00,0x00,0x00,0x00,0x04,0x67,0x65,0x20,0x00,0x00,0x00,0x00,0x00,0x00,
0x00,0x00,0x22,0x21,0x00,0x00,0x00,0x00,0x00,0x1a,0xff,0xf8,0x00,0x00,0x00,0x00,0x03,0xdf,0xff,0xf8,0x00,0x00,0x00,0x00,
0x6e,0xff,0xff,0xf8,0x00,0x00,0x00,0x09,0xff,0xff,0xff,0xf8,0x00,0x00,0x00,0x9f,0xff,0xe6,0xdf,0xf8,0x00,0x00,0x00,0x9f,
0xfc,0x20,0xdf,0xf8,0x00,0x00,0x00,0x9f,0x91,0x00,0xdf,0xf8,0x00,0x00,0x00,0x85,0x00,0x00,0xdf,0xf8,0x00,0x00,0x00,0x00,
0x00,0x00,0xdf,0xf8,0x00,0x00,0x00,0x00,0x00,0x00,0xdf,0xf8,0x00,0x00,0x00,0x00,0x00,0x00,0xdf,0xf8,0x00,0x00,0x00,0x00,
0x00,0x00,0xdf,0xf8,0x00,0x00,0x00,0x00,0x00,0x00,0xdf,0xf8,0x00,0x00,0x00,0x00,0x00,0x00,0xdf,0xf8,0x00,0x00,0x00,0x00,
0x00,0x00,0xdf,0xf8,0x00,0x00,0x00,0x00,0x00,0x00,0xdf,0xf8,0x00,0x00,0x00,0x00,0x00,0x00,0xdf,0xf8,0x00,0x00,0x00,0x00,
0x00,0x00,0xdf,0xf8,0x00,0x00,0x00,0x00,0x00,0x00,0xdf,0xf8,0x00,0x00,0x00,0x00,0x00,0x00,0xdf,0xf8,0x00,0x00,0x00,0x00,
0x00,0x00,0xdf,0xf8,0x00,0x00,0x00,0x00,0x00,0x00,0xdf,0xf8,0x00,0x00,0x00,0x00,0x00,0x00,0xdf,0xf8,0x00,0x00,0x00,0x00,
0x00,0x00,0xdf,0xf8,0x00,0x00,0x00,0x00,0x00,0x00,0xdf,0xf8,0x00,0x00,0x00,0x00,0x00,0x00,0xdf,0xf8,0x00,0x00,0x00,0x00,
0x00,0x00,0xdf,0xf8,0x00,0x00,0x00,0x00,0x00,0x00,0xdf,0xf8,0x00,0x00,0x00,0x00,0x00,0x00,0xdf,0xf8,0x00,0x00,0x00,0x00,
0x00,0x00,0xdf,0xf8,0x00,0x00,0x00,0x00,0x00,0x00,0xdf,0xf8,0x00,0x00,0x00,0x00,0x00,0x00,0xdf,0xf8,0x00,0x00,0x00,0x00,
0x00,0x00,0xdf,0xf8,0x00,0x00,0x00,0x00,0x00,0x00,0x37,0x88,0x75,0x00,0x00,0x00,0x00,0x00,0x00,0x00,0x5d,0xff,0xff,0xff,
0xe8,0x10,0x00,0x00,0x00,0x00,0x09,0xff,0xff,0xff,0xff,0xff,0xc2,0x00,0x00,0x00,0x00,0x8f,0xff,0xfc,0xa9,0xbf,0xff,0xfd,
0x10,0x00,0x00,0x03,0xff,0xfd,0x40,0x00,0x02,0xbf,0xff,0x90,0x00,0x00,0x0a,0xff,0xf3,0x00,0x00,0x00,0x1d,0xff,0xe1,0x00,
0x00,0x0e,0xff,0xa0,0x00,0x00,0x00,0x05,0xff,0xf5,0x00,0x00,0x1f,0xff,0x70,0x00,0x00,0x00,0x02,0xff,0xf7,0x00,0x00,0x2f,
0xff,0x50,0x00,0x00,0x00,0x00,0xef,0xf9,0x00,0x00,0x2b,0xbb,0x30,0x00,0x00,0x00,0x00,0xef,0xf9,0x00,0x00,0x00,0x00,0x00,
0x00,0x00,0x00,0x00,0xff,0xf8,0x00,0x00,0x00,0x00,0x00,0x00,0x00,0x00,0x04,0xff,0xf6,0x00,0x00,0x00,0x00,0x00,0x00,0x00,
0x00,0x09,0xff,0xf2,0x00,0x00,0x00,0x00,0x00,0x00,0x00,0x00,0x1e,0xff,0xc0,0x00,0x00,0x00,0x00,0x00,0x00,0x00,0x00,0x9f,
0xff,0x50,0x00,0x00,0x00,0x00,0x00,0x00,0x00,0x03,0xff,0xfb,0x00,0x00,0x00,0x00,0x00,0x00,0x00,0x00,0x1d,0xff,0xf2,0x00,
0x00,0x00,0x00,0x00,0x00,0x00,0x00,0x9f,0xff,0x70,0x00,0x00,0x00,0x00,0x00,0x00,0x00,0x05,0xff,0xfb,0x00,0x00,0x00,0x00,
0x00,0x00,0x00,0x00,0x1e,0xff,0xe2,0x00,0x00,0x00,0x00,0x00,0x00,0x00,0x00,0xbf,0xff,0x50,0x00,0x00,0x00,0x00,0x00,0x00,
0x00,0x06,0xff,0xfa,0x00,0x00,0x00,0x00,0x00,0x00,0x00,0x00,0x2e,0xff,0xd1,0x00,0x00,0x00,0x00,0x00,0x00,0x00,0x00,0xcf,
0xff,0x40,0x00,0x00,0x00,0x00,0x00,0x00,0x00,0x08,0xff,0xf9,0x00,0x00,0x00,0x00,0x00,0x00,0x00,0x00,0x3f,0xff,0xd1,0x00,
0x00,0x00,0x00,0x00,0x00,0x00,0x01,0xdf,0xff,0x30,0x00,0x00,0x00,0x00,0x00,0x00,0x00,0x09,0xff,0xf7,0x00,0x00,0x00,0x00,
0x00,0x00,0x00,0x00,0x5f,0xff,0xc0,0x00,0x00,0x00,0x00,0x00,0x00,0x00,0x01,0xef,0xfe,0x20,0x00,0x00,0x00,0x00,0x00,0x00,
0x00,0x0b,0xff,0xf8,0x22,0x22,0x22,0x22,0x22,0x21,0x00,0x00,0x2f,0xff,0xff,0xff,0xff,0xff,0xff,0xff,0xf9,0x00,0x00,0x3f,
0xff,0xff,0xff,0xff,0xff,0xff,0xff,0xf9,0x00,0x00,0x3f,0xff,0xff,0xff,0xff,0xff,0xff,0xff,0xf9,0x00,0x00,0x00,0x00,0x00,
0x26,0x89,0x86,0x30,0x00,0x00,0x00,0x00,0x00,0x00,0x00,0x3b,0xff,0xff,0xff,0xfc,0x50,0x00,0x00,0x00,0x00,0x00,0x06,0xff,
0xff,0xff,0xff,0xff,0xf8,0x00,0x00,0x00,0x00,0x00,0x4f,0xff,0xfe,0xb9,0xad,0xff,0xff,0x70,0x00,0x00,0x00,0x00,0xcf,0xff,
0x80,0x00,0x00,0x7f,0xff,0xf2,0x00,0x00,0x00,0x04,0xff,0xf9,0x00,0x00,0x00,0x07,0xff,0xf8,0x00,0x00,0x00,0x08,0xff,0xf1,
0x00,0x00,0x00,0x00,0xdf,0xfc,0x00,0x00,0x00,0x0a,0xff,0xc0,0x00,0x00,0x00,0x00,0xaf,0xfe,0x00,0x00,0x00,0x0a,0xff,0xa0,
0x00,0x00,0x00,0x00,0x8f,0xff,0x00,0x00,0x00,0x02,0x33,0x20,0x00,0x00,0x00,0x00,0x7f,0xff,0x00,0x00,0x00,0x00,0x00,0x00,
0x00,0x00,0x00,0x00,0x9f,0xfe,0x00,0x00,0x00,0x00,0x00,0x00,0x00,0x00,0x00,0x00,0xbf,0xfc,0x00,0x00,0x00,0x00,0x00,0x00,
0x00,0x00,0x00,0x02,0xff,0xf7,0x00,0x00,0x00,0x00,0x00,0x00,0x00,0x00,0x00,0x0b,0xff,0xe1,0x00,0x00,0x00,0x00,0x00,0x00,
0x00,0x00,0x03,0xcf,0xff,0x50,0x00,0x00,0x00,0x00,0x00,0x00,0x04,0xbc,0xef,0xff,0xe5,0x00,0x00,0x00,0x00,0x00,0x00,0x00,
0x05,0xff,0xff,0xff,0x40,0x00,0x00,0x00,0x00,0x00,0x00,0x00,0x05,0xff,0xff,0xff,0xf8,0x00,0x00,0x00,0x00,0x00,0x00,0x00,
0x02,0x67,0x9c,0xff,0xff,0x90,0x00,0x00,0x00,0x00,0x00,0x00,0x00,0x00,0x00,0x5e,0xff,0xf6,0x00,0x00,0x00,0x00,0x00,0x00,
0x00,0x00,0x00,0x02,0xff,0xfc,0x00,0x00,0x00,0x00,0x00,0x00,0x00,0x00,0x00,0x00,0x8f,0xff,0x30,0x00,0x00,0x00,0x00,0x00,
0x00,0x00,0x00,0x00,0x3f,0xff,0x60,0x00,0x00,0x00,0x00,0x00,0x00,0x00,0x00,0x00,0x1f,0xff,0x70,0x00,0x00,0x00,0x00,0x00,
0x00,0x00,0x00,0x00,0x0e,0xff,0x90,0x00,0x00,0x03,0x33,0x10,0x00,0x00,0x00,0x00,0x0e,0xff,0x90,0x00,0x00,0x1f,0xff,0x70,
0x00,0x00,0x00,0x00,0x1f,0xff,0x80,0x00,0x00,0x0f,0xff,0x90,0x00,0x00,0x00,0x00,0x3f,0xff,0x60,0x00,0x00,0x0d,0xff,0xd0,
0x00,0x00,0x00,0x00,0x9f,0xff,0x20,0x00,0x00,0x09,0xff,0xf7,0x00,0x00,0x00,0x03,0xff,0xfc,0x00,0x00,0x00,0x02,0xff,0xff,
0x81,0x00,0x00,0x6e,0xff,0xf4,0x00,0x00,0x00,0x00,0x7f,0xff,0xfe,0xca,0xce,0xff,0xff,0x80,0x00,0x00,0x00,0x00,0x08,0xff,
0xff,0xff,0xff,0xff,0xf8,0x00,0x00,0x00,0x00,0x00,0x00,0x4b,0xff,0xff,0xff,0xfb,0x30,0x00,0x00,0x00,0x00,0x00,0x00,0x00,
0x14,0x67,0x65,0x10,0x00,0x00,0x00,0x00,0x00,0x00,0x00,0x00,0x00,0x00,0x12,0x21,0x00,0x00,0x00,0x00,0x00,0x00,0x00,0x00,
0x00,0x02,0xff,0xf6,0x00,0x00,0x00,0x00,0x00,0x00,0x00,0x00,0x00,0x08,0xff,0xe0,0x00,0x00,0x00,0x00,0x00,0x00,0x00,0x00,
0x00,0x1e,0xff,0x80,0x00,0x00,0x00,0x00,0x00,0x00,0x00,0x00,0x00,0x6f,0xff,0x20,0x00,0x00,0x00,0x00,0x00,0x00,0x00,0x00,
0x00,0xcf,0xfa,0x00,0x00,0x00,0x00,0x00,0x00,0x00,0x00,0x00,0x04,0xff,0xf4,0x00,0x00,0x00,0x00,0x00,0x00,0x00,0x00,0x00,
0x0a,0xff,0xd0,0x00,0x00,0x00,0x00,0x00,0x00,0x00,0x00,0x00,0x2f,0xff,0x60,0x00,0x00,0x00,0x00,0x00,0x00,0x00,0x00,0x00,
0x8f,0xfe,0x10,0x00,0x00,0x00,0x00,0x00,0x00,0x00,0x00,0x00,0xef,0xf9,0x00,0x00,0x00,0x00,0x00,0x00,0x00,0x00,0x00,0x05,
0xff,0xf2,0x00,0x00,0x00,0x00,0x00,0x00,0x00,0x00,0x00,0x0c,0xff,0xb0,0x00,0x00,0x00,0x00,0x00,0x00,0x00,0x00,0x00,0x3f,
0xff,0x40,0x00,0x00,0x00,0x00,0x00,0x00,0x00,0x00,0x00,0x9f,0xfd,0x00,0x00,0x00,0x00,0x00,0x00,0x00,0x00,0x00,0x01,0xff,
0xf7,0x00,0x00,0x4a,0xaa,0x10,0x00,0x00,0x00,0x00,0x07,0xff,0xe1,0x00,0x00,0x5f,0xff,0x20,0x00,0x00,0x00,0x00,0x0d,0xff,
0x90,0x00,0x00,0x5f,0xff,0x20,0x00,0x00,0x00,0x00,0x5f,0xff,0x30,0x00,0x00,0x5f,0xff,0x20,0x00,0x00,0x00,0x00,0xbf,0xfb,
0x00,0x00,0x00,0x5f,0xff,0x20,0x00,0x00,0x00,0x02,0xff,0xf5,0x00,0x00,0x00,0x5f,0xff,0x20,0x00,0x00,0x00,0x09,0xff,0xd0,
0x00,0x00,0x00,0x5f,0xff,0x20,0x00,0x00,0x00,0x1e,0xff,0x70,0x00,0x00,0x00,0x5f,0xff,0x20,0x00,0x00,0x00,0x7f,0xff,0x10,
0x00,0x00,0x00,0x5f,0xff,0x20,0x00,0x00,0x00,0xcf,0xfe,0xaa,0xaa,0xaa,0xaa,0xcf,0xff,0xaa,0xa7,0x00,0x00,0xcf,0xff,0xff,
0xff,0xff,0xff,0xff,0xff,0xff,0xfb,0x00,0x00,0xcf,0xff,0xff,0xff,0xff,0xff,0xff,0xff,0xff,0xfb,0x00,0x00,0x68,0x88,0x88,
0x88,0x88,0x88,0xbf,0xff,0x98,0x86,0x00,0x00,0x00,0x00,0x00,0x00,0x00,0x00,0x5f,0xff,0x20,0x00,0x00,0x00,0x00,0x00,0x00,
0x00,0x00,0x00,0x5f,0xff,0x20,0x00,0x00,0x00,0x00,0x00,0x00,0x00,0x00,0x00,0x5f,0xff,0x20,0x00,0x00,0x00,0x00,0x00,0x00,
0x00,0x00,0x00,0x5f,0xff,0x20,0x00,0x00,0x00,0x00,0x00,0x00,0x00,0x00,0x00,0x5f,0xff,0x20,0x00,0x00,0x00,0x00,0x00,0x00,
0x00,0x00,0x00,0x5f,0xff,0x20,0x00,0x00,0x00,0x00,0x22,0x22,0x22,0x22,0x22,0x22,0x22,0x21,0x00,0x00,0x00,0x05,0xff,0xff,
0xff,0xff,0xff,0xff,0xff,0xf8,0x00,0x00,0x00,0x05,0xff,0xff,0xff,0xff,0xff,0xff,0xff,0xf8,0x00,0x00,0x00,0x05,0xff,0xff,
0xff,0xff,0xff,0xff,0xff,0xf8,0x00,0x00,0x00,0x05,0xff,0xe1,0x11,0x11,0x11,0x11,0x11,0x11,0x00,0x00,0x00,0x05,0xff,0xe0,
0x00,0x00,0x00,0x00,0x00,0x00,0x00,0x00,0x00,0x05,0xff,0xe0,0x00,0x00,0x00,0x00,0x00,0x00,0x00,0x00,0x00,0x05,0xff,0xe0,
0x00,0x00,0x00,0x00,0x00,0x00,0x00,0x00,0x00,0x05,0xff,0xe0,0x00,0x00,0x00,0x00,0x00,0x00,0x00,0x00,0x00,0x05,0xff,0xe0,
0x00,0x00,0x00,0x00,0x00,0x00,0x00,0x00,0x00,0x05,0xff,0xe0,0x00,0x00,0x00,0x00,0x00,0x00,0x00,0x00,0x00,0x05,0xff,0xe0,
0x00,0x00,0x00,0x00,0x00,0x00,0x00,0x00,0x00,0x05,0xff,0xe0,0x01,0x57,0x76,0x30,0x00,0x00,0x00,0x00,0x00,0x05,0xff,0xe0,
0x7f,0xff,0xff,0xfd,0x60,0x00,0x00,0x00,0x00,0x05,0xff,0xeb,0xff,0xff,0xff,0xff,0xf9,0x00,0x00,0x00,0x00,0x05,0xff,0xff,
0xff,0xcb,0xdf,0xff,0xff,0x70,0x00,0x00,0x00,0x05,0xff,0xff,0xa2,0x00,0x01,0x9f,0xff,0xe1,0x00,0x00,0x00,0x05,0xff,0xf9,
0x00,0x00,0x00,0x09,0xff,0xf6,0x00,0x00,0x00,0x05,0xff,0xe1,0x00,0x00,0x00,0x02,0xff,0xfa,0x00,0x00,0x00,0x00,0x00,0x00,
0x00,0x00,0x00,0x00,0xbf,0xfd,0x00,0x00,0x00,0x00,0x00,0x00,0x00,0x00,0x00,0x00,0x9f,0xff,0x00,0x00,0x00,0x00,0x00,0x00,
0x00,0x00,0x00,0x00,0x8f,0xff,0x10,0x00,0x00,0x00,0x00,0x00,0x00,0x00,0x00,0x00,0x7f,0xff,0x10,0x00,0x00,0x00,0x00,0x00,
0x00,0x00,0x00,0x00,0x7f,0xff,0x10,0x00,0x00,0x00,0x00,0x00,0x00,0x00,0x00,0x00,0x7f,0xff,0x10,0x00,0x00,0x00,0x00,0x00,
0x00,0x00,0x00,0x00,0x8f,0xff,0x10,0x00,0x00,0x0a,0xcc,0x70,0x00,0x00,0x00,0x00,0x9f,0xff,0x00,0x00,0x00,0x0c,0xff,0xa0,
0x00,0x00,0x00,0x00,0xbf,0xfd,0x00,0x00,0x00,0x0a,0xff,0xd0,0x00,0x00,0x00,0x02,0xff,0xfa,0x00,0x00,0x00,0x06,0xff,0xf7,
0x00,0x00,0x00,0x09,0xff,0xf5,0x00,0x00,0x00,0x01,0xef,0xff,0x81,0x00,0x01,0xaf,0xff,0xd0,0x00,0x00,0x00,0x00,0x6f,0xff,
0xff,0xcb,0xdf,0xff,0xff,0x40,0x00,0x00,0x00,0x00,0x07,0xff,0xff,0xff,0xff,0xff,0xf5,0x00,0x00,0x00,0x00,0x00,0x00,0x3b,
0xff,0xff,0xff,0xfa,0x30,0x00,0x00,0x00,0x00,0x00,0x00,0x00,0x15,0x67,0x65,0x10,0x00,0x00,0x00,0x00,0x00,0x00,0x00,0x00,
0x00,0x00,0x12,0x22,0x00,0x00,0x00,0x00,0x00,0x00,0x00,0x00,0x00,0x00,0xcf,0xfd,0x00,0x00,0x00,0x00,0x00,0x00,0x00,0x00,
0x00,0x04,0xff,0xf6,0x00,0x00,0x00,0x00,0x00,0x00,0x00,0x00,0x00,0x0c,0xff,0xd0,0x00,0x00,0x00,0x00,0x00,0x00,0x00,0x00,
0x00,0x4f,0xff,0x60,0x00,0x00,0x00,0x00,0x00,0x00,0x00,0x00,0x00,0xbf,0xfd,0x00,0x00,0x00,0x00,0x00,0x00,0x00,0x00,0x00,
0x04,0xff,0xf6,0x00,0x00,0x00,0x00,0x00,0x00,0x00,0x00,0x00,0x0b,0xff,0xd0,0x00,0x00,0x00,0x00,0x00,0x00,0x00,0x00,0x00,
0x4f,0xff,0x60,0x00,0x00,0x00,0x00,0x00,0x00,0x00,0x00,0x00,0xbf,0xfe,0x00,0x00,0x00,0x00,0x00,0x00,0x00,0x00,0x00,0x04,
0xff,0xf7,0x00,0x00,0x00,0x00,0x00,0x00,0x00,0x00,0x00,0x0b,0xff,0xe1,0x00,0x00,0x00,0x00,0x00,0x00,0x00,0x00,0x00,0x3f,
0xff,0x70,0x00,0x00,0x00,0x00,0x00,0x00,0x00,0x00,0x00,0xbf,0xfe,0x10,0x00,0x00,0x00,0x00,0x00,0x00,0x00,0x00,0x03,0xff,
0xf7,0x36,0x87,0x61,0x00,0x00,0x00,0x00,0x00,0x00,0x0b,0xff,0xfd,0xff,0xff,0xff,0xa2,0x00,0x00,0x00,0x00,0x00,0x3f,0xff,
0xff,0xff,0xff,0xff,0xfe,0x30,0x00,0x00,0x00,0x00,0x9f,0xff,0xff,0xda,0xbd,0xff,0xff,0xe2,0x00,0x00,0x00,0x01,0xef,0xff,
0xb2,0x00,0x00,0x4d,0xff,0xfb,0x00,0x00,0x00,0x06,0xff,0xfa,0x00,0x00,0x00,0x01,0xef,0xff,0x30,0x00,0x00,0x0b,0xff,0xf2,
0x00,0x00,0x00,0x00,0x6f,0xff,0x70,0x00,0x00,0x0d,0xff,0xa0,0x00,0x00,0x00,0x00,0x0e,0xff,0xb0,0x00,0x00,0x0f,0xff,0x80,
0x00,0x00,0x00,0x00,0x0c,0xff,0xc0,0x00,0x00,0x2f,0xff,0x60,0x00,0x00,0x00,0x00,0x0a,0xff,0xd0,0x00,0x00,0x3f,0xff,0x60,
0x00,0x00,0x00,0x00,0x09,0xff,0xd0,0x00,0x00,0x2f,0xff,0x60,0x00,0x00,0x00,0x00,0x0a,0xff,0xc0,0x00,0x00,0x1f,0xff,0x80,
0x00,0x00,0x00,0x00,0x0c,0xff,0xb0,0x00,0x00,0x0e,0xff,0xb0,0x00,0x00,0x00,0x00,0x0e,0xff,0x90,0x00,0x00,0x0a,0xff,0xf3,
0x00,0x00,0x00,0x00,0x6f,0xff,0x50,0x00,0x00,0x05,0xff,0xfb,0x00,0x00,0x00,0x02,0xef,0xfe,0x00,0x00,0x00,0x00,0xcf,0xff,
0xc2,0x00,0x00,0x5e,0xff,0xf6,0x00,0x00,0x00,0x00,0x2e,0xff,0xff,0xda,0xbe,0xff,0xff,0xa0,0x00,0x00,0x00,0x00,0x03,0xdf,
0xff,0xff,0xff,0xff,0xf9,0x00,0x00,0x00,0x00,0x00,0x00,0x18,0xef,0xff,0xff,0xfb,0x50,0x00,0x00,0x00,0x00,0x00,0x00,0x00,
0x03,0x67,0x64,0x20,0x00,0x00,0x00,0x00,0x00,0x22,0x22,0x22,0x22,0x22,0x22,0x22,0x22,0x10,0x00,0x01,0xff,0xff,0xff,0xff,
0xff,0xff,0xff,0xff,0xb0,0x00,0x01,0xff,0xff,0xff,0xff,0xff,0xff,0xff,0xff,0xb0,0x00,0x01,0xff,0xff,0xff,0xff,0xff,0xff,
0xff,0xff,0xb0,0x00,0x00,0x11,0x11,0x11,0x11,0x11,0x11,0x1c,0xff,0x90,0x00,0x00,0x00,0x00,0x00,0x00,0x00,0x00,0x2f,0xff,
0x40,0x00,0x00,0x00,0x00,0x00,0x00,0x00,0x00,0x7f,0xfd,0x00,0x00,0x00,0x00,0x00,0x00,0x00,0x00,0x00,0xdf,0xf8,0x00,0x00,
0x00,0x00,0x00,0x00,0x00,0x00,0x03,0xff,0xf2,0x00,0x00,0x00,0x00,0x00,0x00,0x00,0x00,0x09,0xff,0xc0,0x00,0x00,0x00,0x00,
0x00,0x00,0x00,0x00,0x0e,0xff,0x60,0x00,0x00,0x00,0x00,0x00,0x00,0x00,0x00,0x5f,0xff,0x10,0x00,0x00,0x00,0x00,0x00,0x00,
0x00,0x00,0xaf,0xfb,0x00,0x00,0x00,0x00,0x00,0x00,0x00,0x00,0x01,0xff,0xf5,0x00,0x00,0x00,0x00,0x00,0x00,0x00,0x00,0x06,
0xff,0xe1,0x00,0x00,0x00,0x00,0x00,0x00,0x00,0x00,0x0c,0xff,0x90,0x00,0x00,0x00,0x00,0x00,0x00,0x00,0x00,0x2f,0xff,0x40,
0x00,0x00,0x00,0x00,0x00,0x00,0x00,0x00,0x8f,0xfd,0x00,0x00,0x00,0x00,0x00,0x00,0x00,0x00,0x00,0xdf,0xf8,0x00,0x00,0x00,
0x00,0x00,0x00,0x00,0x00,0x04,0xff,0xf3,0x00,0x00,0x00,0x00,0x00,0x00,0x00,0x00,0x09,0xff,0xc0,0x00,0x00,0x00,0x00,0x00,
0x00,0x00,0x00,0x0e,0xff,0x70,0x00,0x00,0x00,0x00,0x00,0x00,0x00,0x00,0x5f,0xff,0x20,0x00,0x00,0x00,0x00,0x00,0x00,0x00,
0x00,0xbf,0xfb,0x00,0x00,0x00,0x00,0x00,0x00,0x00,0x00,0x01,0xff,0xf6,0x00,0x00,0x00,0x00,0x00,0x00,0x00,0x00,0x07,0xff,
0xf1,0x00,0x00,0x00,0x00,0x00,0x00,0x00,0x00,0x0c,0xff,0xa0,0x00,0x00,0x00,0x00,0x00,0x00,0x00,0x00,0x3f,0xff,0x40,0x00,
0x00,0x00,0x00,0x00,0x00,0x00,0x00,0x8f,0xfe,0x00,0x00,0x00,0x00,0x00,0x00,0x00,0x00,0x00,0xdf,0xf9,0x00,0x00,0x00,0x00,
0x00,0x00,0x00,0x00,0x04,0xff,0xf3,0x00,0x00,0x00,0x00,0x00,0x00,0x00,0x00,0x0a,0xff,0xd0,0x00,0x00,0x00,0x00,0x00,0x00,
0x00,0x00,0x1e,0xff,0x70,0x00,0x00,0x00,0x00,0x00,0x00,0x00,0x00,0x5f,0xff,0x20,0x00,0x00,0x00,0x00,0x00,0x00,0x00,0x00,
0x00,0x00,0x02,0x67,0x87,0x51,0x00,0x00,0x00,0x00,0x00,0x00,0x00,0x00,0x03,0xbf,0xff,0xff,0xfe,0x91,0x00,0x00,0x00,0x00,
0x00,0x00,0x00,0x7f,0xff,0xff,0xff,0xff,0xfd,0x30,0x00,0x00,0x00,0x00,0x00,0x05,0xff,0xff,0xda,0x9b,0xef,0xff,0xe1,0x00,
0x00,0x00,0x00,0x00,0x2e,0xff,0xf7,0x00,0x00,0x2b,0xff,0xfa,0x00,0x00,0x00,0x00,0x00,0x8f,0xff,0x60,0x00,0x00,0x00,0xcf,
0xff,0x20,0x00,0x00,0x00,0x00,0xdf,0xfc,0x00,0x00,0x00,0x00,0x3f,0xff,0x70,0x00,0x00,0x00,0x00,0xff,0xf8,0x00,0x00,0x00,
0x00,0x0e,0xff,0xa0,0x00,0x00,0x00,0x02,0xff,0xf6,0x00,0x00,0x00,0x00,0x0b,0xff,0xb0,0x00,0x00,0x00,0x02,0xff,0xf5,0x00,
0x00,0x00,0x00,0x0b,0xff,0xc0,0x00,0x00,0x00,0x01,0xff,0xf7,0x00,0x00,0x00,0x00,0x0d,0xff,0xa0,0x00,0x00,0x00,0x00,0xef,
0xf9,0x00,0x00,0x00,0x00,0x0f,0xff,0x80,0x00,0x00,0x00,0x00,0xaf,0xfe,0x20,0x00,0x00,0x00,0x7f,0xff,0x40,0x00,0x00,0x00,
0x00,0x4f,0xff,0xa0,0x00,0x00,0x03,0xef,0xfd,0x00,0x00,0x00,0x00,0x00,0x09,0xff,0xfc,0x41,0x03,0x7f,0xff,0xf3,0x00,0x00,
0x00,0x00,0x00,0x00,0xaf,0xff,0xff,0xff,0xff,0xfe,0x50,0x00,0x00,0x00,0x00,0x00,0x00,0x09,0xff,0xff,0xff,0xff,0xf3,0x00,
0x00,0x00,0x00,0x00,0x00,0x01,0x9f,0xff,0xff,0xff,0xff,0xfe,0x50,0x00,0x00,0x00,0x00,0x00,0x0b,0xff,0xfd,0x75,0x36,0x9f,
0xff,0xf4,0x00,0x00,0x00,0x00,0x00,0x8f,0xff,0xa1,0x00,0x00,0x03,0xdf,0xfe,0x20,0x00,0x00,0x00,0x01,0xef,0xfc,0x00,0x00,
0x00,0x00,0x3f,0xff,0x80,0x00,0x00,0x00,0x06,0xff,0xf3,0x00,0x00,0x00,0x00,0x0a,0xff,0xe1,0x00,0x00,0x00,0x09,0xff,0xe0,
0x00,0x00,0x00,0x00,0x06,0xff,0xf3,0x00,0x00,0x00,0x0b,0xff,0xc0,0x00,0x00,0x00,0x00,0x03,0xff,0xf5,0x00,0x00,0x00,0x0d,
0xff,0xa0,0x00,0x00,0x00,0x00,0x02,0xff,0xf6,0x00,0x00,0x00,0x0c,0xff,0xb0,0x00,0x00,0x00,0x00,0x02,0xff,0xf6,0x00,0x00,
0x00,0x0b,0xff,0xd0,0x00,0x00,0x00,0x00,0x04,0xff,0xf4,0x00,0x00,0x00,0x09,0xff,0xf1,0x00,0x00,0x00,0x00,0x07,0xff,0xf2,
0x00,0x00,0x00,0x05,0xff,0xf7,0x00,0x00,0x00,0x00,0x1d,0xff,0xd0,0x00,0x00,0x00,0x00,0xef,0xfe,0x20,0x00,0x00,0x00,0x8f,
0xff,0x70,0x00,0x00,0x00,0x00,0x7f,0xff,0xe6,0x00,0x00,0x1a,0xff,0xfd,0x10,0x00,0x00,0x00,0x00,0x0a,0xff,0xff,0xec,0xad,
0xff,0xff,0xf3,0x00,0x00,0x00,0x00,0x00,0x01,0x9f,0xff,0xff,0xff,0xff,0xfd,0x40,0x00,0x00,0x00,0x00,0x00,0x00,0x04,0xbf,
0xff,0xff,0xfe,0x81,0x00,0x00,0x00,0x00,0x00,0x00,0x00,0x00,0x02,0x46,0x75,0x30,0x00,0x00,0x00,0x00,0x00,0x00,0x00,0x00,
0x00,0x05,0x78,0x87,0x40,0x00,0x00,0x00,0x00,0x00,0x00,0x00,0x19,0xef,0xff,0xff,0xfe,0x71,0x00,0x00,0x00,0x00,0x00,0x03,
0xdf,0xff,0xff,0xff,0xff,0xfc,0x20,0x00,0x00,0x00,0x00,0x2e,0xff,0xfe,0xc9,0xad,0xff,0xff,0xc1,0x00,0x00,0x00,0x00,0xcf,
0xff,0xb1,0x00,0x00,0x3d,0xff,0xf9,0x00,0x00,0x00,0x04,0xff,0xfa,0x00,0x00,0x00,0x01,0xef,0xff,0x20,0x00,0x00,0x0a,0xff,
0xe2,0x00,0x00,0x00,0x00,0x6f,0xff,0x60,0x00,0x00,0x0e,0xff,0xa0,0x00,0x00,0x00,0x00,0x0f,0xff,0xa0,0x00,0x00,0x0f,0xff,
0x70,0x00,0x00,0x00,0x00,0x0d,0xff,0xc0,0x00,0x00,0x2f,0xff,0x50,0x00,0x00,0x00,0x00,0x0b,0xff,0xd0,0x00,0x00,0x3f,0xff,
0x50,0x00,0x00,0x00,0x00,0x0a,0xff,0xd0,0x00,0x00,0x2f,0xff,0x60,0x00,0x00,0x00,0x00,0x0b,0xff,0xd0,0x00,0x00,0x1f,0xff,
0x80,0x00,0x00,0x00,0x00,0x0d,0xff,0xb0,0x00,0x00,0x0f,0xff,0xa0,0x00,0x00,0x00,0x00,0x0f,0xff,0x80,0x00,0x00,0x0b,0xff,
0xf2,0x00,0x00,0x00,0x00,0x7f,0xff,0x60,0x00,0x00,0x06,0xff,0xfb,0x00,0x00,0x00,0x02,0xef,0xff,0x10,0x00,0x00,0x01,0xef,
0xff,0xc3,0x00,0x00,0x6e,0xff,0xfa,0x00,0x00,0x00,0x00,0x4f,0xff,0xff,0xec,0xcf,0xff,0xff,0xf4,0x00,0x00,0x00,0x00,0x05,
0xff,0xff,0xff,0xff,0xff,0xff,0xd0,0x00,0x00,0x00,0x00,0x00,0x3b,0xff,0xff,0xfe,0xcf,0xff,0x50,0x00,0x00,0x00,0x00,0x00,
0x00,0x15,0x66,0x41,0xcf,0xfd,0x00,0x00,0x00,0x00,0x00,0x00,0x00,0x00,0x00,0x05,0xff,0xf6,0x00,0x00,0x00,0x00,0x00,0x00,
0x00,0x00,0x00,0x0c,0xff,0xd0,0x00,0x00,0x00,0x00,0x00,0x00,0x00,0x00,0x00,0x4f,0xff,0x60,0x00,0x00,0x00,0x00,0x00,0x00,
0x00,0x00,0x00,0xcf,0xfd,0x00,0x00,0x00,0x00,0x00,0x00,0x00,0x00,0x00,0x04,0xff,0xf6,0x00,0x00,0x00,0x00,0x00,0x00,0x00,
0x00,0x00,0x0b,0xff,0xd0,0x00,0x00,0x00,0x00,0x00,0x00,0x00,0x00,0x00,0x4f,0xff,0x60,0x00,0x00,0x00,0x00,0x00,0x00,0x00,
0x00,0x00,0xbf,0xfe,0x00,0x00,0x00,0x00,0x00,0x00,0x00,0x00,0x00,0x03,0xff,0xf7,0x00,0x00,0x00,0x00,0x00,0x00,0x00,0x00,
0x00,0x0b,0xff,0xe1,0x00,0x00,0x00,0x00,0x00,0x00,0x00,0x00,0x00,0x3f,0xff,0x70,0x00,0x00,0x00,0x00,0x00,0x00,0x00,0x00,
0x00,0xaf,0xfe,0x10,0x00,0x00,0x00,0x00,0x00,0x00,0x00,0x00,0x03,0xff,0xf7,0x00,0x00,0x00,0x00,0x00,0x00,0x00,0x4a,0xaa,
0x70,0x00,0x00,0x7f,0xff,0xb0,0x00,0x00,0x7f,0xff,0xb0,0x00,0x00,0x7f,0xff,0xb0,0x00,0x00,0x5c,0xcc,0x90,0x00,0x00,0x00,
0x00,0x00,0x00,0x00,0x00,0x00,0x00,0x00,0x00,0x00,0x00,0x00,0x00,0x00,0x00,0x00,0x00,0x00,0x00,0x00,0x00,0x00,0x00,0x00,
0x00,0x00,0x00,0x00,0x00,0x00,0x00,0x00,0x00,0x00,0x00,0x00,0x00,0x00,0x00,0x00,0x00,0x00,0x00,0x00,0x00,0x00,0x00,0x00,
0x00,0x00,0x00,0x00,0x00,0x00,0x36,0x66,0x50,0x00,0x00,0x7f,0xff,0xb0,0x00,0x00,0x7f,0xff,0xb0,0x00,0x00,0x7f,0xff,0xb0,
0x00,0x00,0x7f,0xff,0xb0,0x00,
};
#endif

static const lv_font_fmt_txt_glyph_dsc_t product_number_48_glyphs[]={
{.bitmap_index=0,.adv_w=0,.box_w=0,.box_h=0,.ofs_x=0,.ofs_y=0},
{.bitmap_index=0,.adv_w=160,.box_w=10,.box_h=0,.ofs_x=0,.ofs_y=0},
{.bitmap_index=0,.adv_w=400,.box_w=25,.box_h=34,.ofs_x=0,.ofs_y=0},
{.bitmap_index=442,.adv_w=400,.box_w=25,.box_h=23,.ofs_x=0,.ofs_y=0},
{.bitmap_index=741,.adv_w=128,.box_w=8,.box_h=12,.ofs_x=0,.ofs_y=-7},
{.bitmap_index=789,.adv_w=304,.box_w=19,.box_h=19,.ofs_x=0,.ofs_y=0},
{.bitmap_index=979,.adv_w=144,.box_w=9,.box_h=5,.ofs_x=0,.ofs_y=0},
{.bitmap_index=1004,.adv_w=304,.box_w=19,.box_h=35,.ofs_x=0,.ofs_y=-1},
{.bitmap_index=1354,.adv_w=400,.box_w=24,.box_h=35,.ofs_x=0,.ofs_y=-1},
{.bitmap_index=1774,.adv_w=400,.box_w=16,.box_h=34,.ofs_x=4,.ofs_y=0},
{.bitmap_index=2046,.adv_w=400,.box_w=22,.box_h=34,.ofs_x=1,.ofs_y=0},
{.bitmap_index=2420,.adv_w=400,.box_w=24,.box_h=35,.ofs_x=0,.ofs_y=-1},
{.bitmap_index=2840,.adv_w=400,.box_w=24,.box_h=34,.ofs_x=0,.ofs_y=0},
{.bitmap_index=3248,.adv_w=400,.box_w=23,.box_h=35,.ofs_x=1,.ofs_y=-1},
{.bitmap_index=3668,.adv_w=400,.box_w=24,.box_h=35,.ofs_x=0,.ofs_y=-1},
{.bitmap_index=4088,.adv_w=400,.box_w=21,.box_h=34,.ofs_x=2,.ofs_y=0},
{.bitmap_index=4462,.adv_w=400,.box_w=25,.box_h=35,.ofs_x=0,.ofs_y=-1},
{.bitmap_index=4917,.adv_w=400,.box_w=24,.box_h=34,.ofs_x=0,.ofs_y=0},
{.bitmap_index=5325,.adv_w=144,.box_w=9,.box_h=21,.ofs_x=0,.ofs_y=0},
};

static lv_font_fmt_txt_dsc_t product_number_48_dsc={
#if !NOODOE_PRODUCT
.glyph_bitmap=product_number_48_bitmap,
#endif
.glyph_dsc=product_number_48_glyphs,.cmaps=product_number_20_map,.cmap_num=1,.bpp=4,.bitmap_format=0,.stride=1};

const lv_font_t product_number_48={.get_glyph_dsc=lv_font_get_glyph_dsc_fmt_txt,.get_glyph_bitmap=lv_font_get_bitmap_fmt_txt,.line_height=45,.base_line=9,.dsc=&product_number_48_dsc};

#if !NOODOE_PRODUCT
static const uint8_t product_number_64_bitmap[]={
0x00,0x00,0x00,0x00,0x00,0x02,0x22,0x10,0x00,0x00,0x00,0x01,0x22,0x21,0x00,0x00,0x00,0x00,0x00,0x00,0x00,0x00,0x4f,0xff,
0x70,0x00,0x00,0x00,0x0a,0xff,0xf2,0x00,0x00,0x00,0x00,0x00,0x00,0x00,0x00,0x6f,0xff,0x50,0x00,0x00,0x00,0x0c,0xff,0xf1,
0x00,0x00,0x00,0x00,0x00,0x00,0x00,0x00,0x8f,0xff,0x30,0x00,0x00,0x00,0x0e,0xff,0xe0,0x00,0x00,0x00,0x00,0x00,0x00,0x00,
0x00,0xaf,0xff,0x10,0x00,0x00,0x00,0x1f,0xff,0xc0,0x00,0x00,0x00,0x00,0x00,0x00,0x00,0x00,0xcf,0xfe,0x00,0x00,0x00,0x00,
0x3f,0xff,0xa0,0x00,0x00,0x00,0x00,0x00,0x00,0x00,0x00,0xef,0xfd,0x00,0x00,0x00,0x00,0x5f,0xff,0x80,0x00,0x00,0x00,0x00,
0x00,0x00,0x00,0x01,0xff,0xfb,0x00,0x00,0x00,0x00,0x7f,0xff,0x60,0x00,0x00,0x00,0x00,0x00,0x00,0x00,0x03,0xff,0xf9,0x00,
0x00,0x00,0x00,0x9f,0xff,0x40,0x00,0x00,0x00,0x00,0x00,0x00,0x00,0x05,0xff,0xf7,0x00,0x00,0x00,0x00,0xbf,0xff,0x20,0x00,
0x00,0x00,0x00,0x00,0x00,0x00,0x07,0xff,0xf5,0x00,0x00,0x00,0x00,0xdf,0xff,0x00,0x00,0x00,0x00,0x00,0x00,0x00,0x00,0x09,
0xff,0xf3,0x00,0x00,0x00,0x00,0xff,0xfd,0x00,0x00,0x00,0x00,0x00,0x00,0x00,0x00,0x0b,0xff,0xf1,0x00,0x00,0x00,0x02,0xff,
0xfb,0x00,0x00,0x00,0x00,0x00,0x00,0x00,0x00,0x0d,0xff,0xe0,0x00,0x00,0x00,0x04,0xff,0xf9,0x00,0x00,0x00,0x00,0x00,0x0d,
0xff,0xff,0xff,0xff,0xff,0xff,0xff,0xff,0xff,0xff,0xff,0xff,0xff,0xf1,0x00,0x00,0x0d,0xff,0xff,0xff,0xff,0xff,0xff,0xff,
0xff,0xff,0xff,0xff,0xff,0xff,0xf1,0x00,0x00,0x0d,0xff,0xff,0xff,0xff,0xff,0xff,0xff,0xff,0xff,0xff,0xff,0xff,0xff,0xf1,
0x00,0x00,0x06,0x77,0x77,0xaf,0xff,0xa7,0x77,0x77,0x77,0x7d,0xff,0xf8,0x77,0x77,0x71,0x00,0x00,0x00,0x00,0x00,0x8f,0xff,
0x40,0x00,0x00,0x00,0x0e,0xff,0xe0,0x00,0x00,0x00,0x00,0x00,0x00,0x00,0x00,0xaf,0xff,0x20,0x00,0x00,0x00,0x1f,0xff,0xc0,
0x00,0x00,0x00,0x00,0x00,0x00,0x00,0x00,0xcf,0xff,0x00,0x00,0x00,0x00,0x2f,0xff,0xa0,0x00,0x00,0x00,0x00,0x00,0x00,0x00,
0x00,0xdf,0xfd,0x00,0x00,0x00,0x00,0x4f,0xff,0x80,0x00,0x00,0x00,0x00,0x00,0x00,0x00,0x00,0xff,0xfb,0x00,0x00,0x00,0x00,
0x6f,0xff,0x60,0x00,0x00,0x00,0x00,0x00,0x00,0x00,0x02,0xff,0xf9,0x00,0x00,0x00,0x00,0x8f,0xff,0x40,0x00,0x00,0x00,0x00,
0x00,0x00,0x00,0x04,0xff,0xf7,0x00,0x00,0x00,0x00,0xaf,0xff,0x20,0x00,0x00,0x00,0x00,0x00,0x00,0x00,0x06,0xff,0xf5,0x00,
0x00,0x00,0x00,0xcf,0xff,0x00,0x00,0x00,0x00,0x00,0x00,0x00,0x00,0x08,0xff,0xf3,0x00,0x00,0x00,0x00,0xef,0xfd,0x00,0x00,
0x00,0x00,0x00,0x04,0xbb,0xbb,0xbd,0xff,0xfb,0xbb,0xbb,0xbb,0xbb,0xff,0xfe,0xbb,0xbb,0xb6,0x00,0x00,0x06,0xff,0xff,0xff,
0xff,0xff,0xff,0xff,0xff,0xff,0xff,0xff,0xff,0xff,0xf8,0x00,0x00,0x06,0xff,0xff,0xff,0xff,0xff,0xff,0xff,0xff,0xff,0xff,
0xff,0xff,0xff,0xf8,0x00,0x00,0x05,0xdd,0xdd,0xdf,0xff,0xed,0xdd,0xdd,0xdd,0xde,0xff,0xfe,0xdd,0xdd,0xd7,0x00,0x00,0x00,
0x00,0x00,0x4f,0xff,0x90,0x00,0x00,0x00,0x09,0xff,0xf4,0x00,0x00,0x00,0x00,0x00,0x00,0x00,0x00,0x6f,0xff,0x70,0x00,0x00,
0x00,0x0b,0xff,0xf2,0x00,0x00,0x00,0x00,0x00,0x00,0x00,0x00,0x8f,0xff,0x50,0x00,0x00,0x00,0x0d,0xff,0xf0,0x00,0x00,0x00,
0x00,0x00,0x00,0x00,0x00,0xaf,0xff,0x30,0x00,0x00,0x00,0x0e,0xff,0xd0,0x00,0x00,0x00,0x00,0x00,0x00,0x00,0x00,0xcf,0xff,
0x10,0x00,0x00,0x00,0x1f,0xff,0xb0,0x00,0x00,0x00,0x00,0x00,0x00,0x00,0x00,0xef,0xfe,0x00,0x00,0x00,0x00,0x3f,0xff,0x90,
0x00,0x00,0x00,0x00,0x00,0x00,0x00,0x01,0xff,0xfc,0x00,0x00,0x00,0x00,0x5f,0xff,0x70,0x00,0x00,0x00,0x00,0x00,0x00,0x00,
0x02,0xff,0xfa,0x00,0x00,0x00,0x00,0x7f,0xff,0x50,0x00,0x00,0x00,0x00,0x00,0x00,0x00,0x04,0xff,0xf8,0x00,0x00,0x00,0x00,
0x9f,0xff,0x30,0x00,0x00,0x00,0x00,0x00,0x00,0x00,0x06,0xff,0xf6,0x00,0x00,0x00,0x00,0xbf,0xff,0x10,0x00,0x00,0x00,0x00,
0x00,0x00,0x00,0x08,0xff,0xf4,0x00,0x00,0x00,0x00,0xdf,0xfe,0x00,0x00,0x00,0x00,0x00,0x00,0x00,0x00,0x0a,0xff,0xf2,0x00,
0x00,0x00,0x00,0xff,0xfc,0x00,0x00,0x00,0x00,0x00,0x00,0x00,0x00,0x0c,0xff,0xf0,0x00,0x00,0x00,0x02,0xff,0xfa,0x00,0x00,
0x00,0x00,0x00,0x00,0x00,0x00,0x0e,0xff,0xd0,0x00,0x00,0x00,0x04,0xff,0xf8,0x00,0x00,0x00,0x00,0x00,0x00,0x00,0x00,0x00,
0x00,0x00,0x00,0x00,0x46,0x66,0x30,0x00,0x00,0x00,0x00,0x00,0x00,0x00,0x00,0x00,0x00,0x00,0x00,0x00,0x00,0xbf,0xff,0x70,
0x00,0x00,0x00,0x00,0x00,0x00,0x00,0x00,0x00,0x00,0x00,0x00,0x00,0x00,0xbf,0xff,0x70,0x00,0x00,0x00,0x00,0x00,0x00,0x00,
0x00,0x00,0x00,0x00,0x00,0x00,0x00,0xbf,0xff,0x70,0x00,0x00,0x00,0x00,0x00,0x00,0x00,0x00,0x00,0x00,0x00,0x00,0x00,0x00,
0xbf,0xff,0x70,0x00,0x00,0x00,0x00,0x00,0x00,0x00,0x00,0x00,0x00,0x00,0x00,0x00,0x00,0xbf,0xff,0x70,0x00,0x00,0x00,0x00,
0x00,0x00,0x00,0x00,0x00,0x00,0x00,0x00,0x00,0x00,0xbf,0xff,0x70,0x00,0x00,0x00,0x00,0x00,0x00,0x00,0x00,0x00,0x00,0x00,
0x00,0x00,0x00,0xbf,0xff,0x70,0x00,0x00,0x00,0x00,0x00,0x00,0x00,0x00,0x00,0x00,0x00,0x00,0x00,0x00,0xbf,0xff,0x70,0x00,
0x00,0x00,0x00,0x00,0x00,0x00,0x00,0x00,0x00,0x00,0x00,0x00,0x00,0xbf,0xff,0x70,0x00,0x00,0x00,0x00,0x00,0x00,0x00,0x00,
0x00,0x00,0x00,0x00,0x00,0x00,0xbf,0xff,0x70,0x00,0x00,0x00,0x00,0x00,0x00,0x00,0x00,0x04,0xbb,0xbb,0xbb,0xbb,0xbb,0xef,
0xff,0xdb,0xbb,0xbb,0xbb,0xbb,0xb1,0x00,0x00,0x00,0x05,0xff,0xff,0xff,0xff,0xff,0xff,0xff,0xff,0xff,0xff,0xff,0xff,0xf2,
0x00,0x00,0x00,0x05,0xff,0xff,0xff,0xff,0xff,0xff,0xff,0xff,0xff,0xff,0xff,0xff,0xf2,0x00,0x00,0x00,0x05,0xff,0xff,0xff,
0xff,0xff,0xff,0xff,0xff,0xff,0xff,0xff,0xff,0xf2,0x00,0x00,0x00,0x02,0x77,0x77,0x77,0x77,0x77,0xdf,0xff,0xb7,0x77,0x77,
0x77,0x77,0x71,0x00,0x00,0x00,0x00,0x00,0x00,0x00,0x00,0x00,0xbf,0xff,0x70,0x00,0x00,0x00,0x00,0x00,0x00,0x00,0x00,0x00,
0x00,0x00,0x00,0x00,0x00,0xbf,0xff,0x70,0x00,0x00,0x00,0x00,0x00,0x00,0x00,0x00,0x00,0x00,0x00,0x00,0x00,0x00,0xbf,0xff,
0x70,0x00,0x00,0x00,0x00,0x00,0x00,0x00,0x00,0x00,0x00,0x00,0x00,0x00,0x00,0xbf,0xff,0x70,0x00,0x00,0x00,0x00,0x00,0x00,
0x00,0x00,0x00,0x00,0x00,0x00,0x00,0x00,0xbf,0xff,0x70,0x00,0x00,0x00,0x00,0x00,0x00,0x00,0x00,0x00,0x00,0x00,0x00,0x00,
0x00,0xbf,0xff,0x70,0x00,0x00,0x00,0x00,0x00,0x00,0x00,0x00,0x00,0x00,0x00,0x00,0x00,0x00,0xbf,0xff,0x70,0x00,0x00,0x00,
0x00,0x00,0x00,0x00,0x00,0x00,0x00,0x00,0x00,0x00,0x00,0xbf,0xff,0x70,0x00,0x00,0x00,0x00,0x00,0x00,0x00,0x00,0x00,0x00,
0x00,0x00,0x00,0x00,0xbf,0xff,0x70,0x00,0x00,0x00,0x00,0x00,0x00,0x00,0x00,0x00,0x00,0x00,0x00,0x00,0x00,0xbf,0xff,0x70,
0x00,0x00,0x00,0x00,0x00,0x00,0x00,0x00,0x00,0x00,0x00,0x00,0x00,0x00,0x11,0x11,0x10,0x00,0x00,0x00,0x00,0x00,0x00,0x00,
0x00,0x00,0x00,0x00,0x00,0x00,0x00,0x00,0x00,0x00,0x00,0x00,0x00,0x00,0x00,0x00,0x00,0x00,0x00,0x00,0x00,0x00,0x00,0x00,
0x00,0x00,0x00,0x00,0x00,0x00,0x00,0x00,0x00,0x00,0x00,0x00,0x00,0x00,0x00,0x00,0x00,0x00,0x00,0x00,0x00,0x00,0x00,0x00,
0x00,0x00,0x00,0x00,0x00,0x00,0x00,0x00,0x00,0x00,0x00,0x00,0x00,0x00,0x00,0x00,0x00,0x00,0x00,0x00,0x00,0x09,0xee,0xe9,
0x00,0x00,0x00,0x09,0xff,0xf9,0x00,0x00,0x00,0x09,0xff,0xf9,0x00,0x00,0x00,0x09,0xff,0xf9,0x00,0x00,0x00,0x09,0xff,0xf9,
0x00,0x00,0x00,0x09,0xff,0xf9,0x00,0x00,0x00,0x09,0xff,0xf9,0x00,0x00,0x00,0x09,0xff,0xf9,0x00,0x00,0x00,0x09,0xff,0xf9,
0x00,0x00,0x00,0x09,0xff,0xf9,0x00,0x00,0x00,0x09,0xff,0xf9,0x00,0x00,0x00,0x09,0xff,0xc1,0x00,0x00,0x00,0x09,0xfb,0x10,
0x00,0x00,0x00,0x09,0xb1,0x00,0x00,0x00,0x00,0x05,0x00,0x00,0x00,0x00,0x00,0x01,0x55,0x55,0x55,0x55,0x55,0x55,0x55,0x55,
0x52,0x00,0x00,0x00,0x03,0xff,0xff,0xff,0xff,0xff,0xff,0xff,0xff,0xf5,0x00,0x00,0x00,0x03,0xff,0xff,0xff,0xff,0xff,0xff,
0xff,0xff,0xf5,0x00,0x00,0x00,0x03,0xff,0xff,0xff,0xff,0xff,0xff,0xff,0xff,0xf5,0x00,0x00,0x00,0x03,0xee,0xee,0xee,0xee,
0xee,0xee,0xee,0xee,0xe5,0x00,0x00,0x00,0x00,0x00,0x00,0x00,0x00,0x00,0x00,0x00,0x00,0x00,0x00,0x00,0x00,0x00,0x00,0x00,
0x00,0x00,0x00,0x00,0x00,0x00,0x00,0x00,0x00,0x00,0x00,0x00,0x00,0x00,0x00,0x00,0x00,0x00,0x00,0x00,0x00,0x00,0x00,0x00,
0x00,0x00,0x00,0x00,0x00,0x00,0x00,0x00,0x00,0x00,0x00,0x00,0x00,0x00,0x00,0x00,0x00,0x00,0x00,0x00,0x00,0x00,0x00,0x00,
0x00,0x00,0x00,0x00,0x00,0x00,0x00,0x00,0x00,0x00,0x00,0x00,0x00,0x00,0x00,0x00,0x00,0x00,0x00,0x00,0x00,0x00,0x00,0x00,
0x00,0x00,0x00,0x00,0x00,0x00,0x00,0x00,0x00,0x00,0x00,0x00,0x00,0x00,0x00,0x00,0x00,0x00,0x00,0x00,0x00,0x00,0x00,0x00,
0x00,0x00,0x00,0x00,0x00,0x00,0x00,0x00,0x00,0x00,0x00,0x00,0x00,0x00,0x00,0x00,0x00,0x00,0x00,0x00,0x00,0x00,0x00,0x00,
0x00,0x00,0x00,0x00,0x00,0x00,0x00,0x00,0x00,0x00,0x00,0x00,0x00,0x00,0x00,0x00,0x00,0x00,0x00,0x00,0x00,0x00,0x00,0x00,
0x00,0x00,0x00,0x00,0x00,0x00,0x00,0x00,0x00,0x00,0x00,0x00,0x00,0x00,0x00,0x00,0x00,0x00,0x00,0x00,0x00,0x00,0x00,0x00,
0x00,0x00,0x00,0x00,0x00,0x00,0x00,0x00,0x00,0x00,0x00,0x00,0x00,0x00,0x00,0x00,0x00,0x00,0x00,0x00,0x00,0x00,0x00,0x00,
0x00,0x00,0x00,0x00,0x00,0x00,0x00,0x00,0x00,0x00,0x00,0x00,0x00,0x00,0x00,0x00,0x00,0x00,0x00,0x00,0x00,0x00,0x00,0x00,
0x00,0x00,0x00,0x00,0x00,0x00,0x00,0x00,0x00,0x00,0x00,0x00,0x00,0x00,0x00,0x00,0x00,0x00,0x00,0x00,0x00,0x00,0x00,0x00,
0x00,0x00,0x00,0x00,0x08,0xdd,0xdd,0xd0,0x00,0x00,0x09,0xff,0xff,0xf0,0x00,0x00,0x09,0xff,0xff,0xf0,0x00,0x00,0x09,0xff,
0xff,0xf0,0x00,0x00,0x09,0xff,0xff,0xf0,0x00,0x00,0x09,0xff,0xff,0xf0,0x00,0x00,0x00,0x00,0x00,0x00,0x00,0x00,0x00,0x01,
0x22,0x21,0x00,0x00,0x00,0x00,0x00,0x00,0x00,0x00,0x00,0x00,0x0b,0xff,0xf1,0x00,0x00,0x00,0x00,0x00,0x00,0x00,0x00,0x00,
0x00,0x1f,0xff,0xc0,0x00,0x00,0x00,0x00,0x00,0x00,0x00,0x00,0x00,0x00,0x5f,0xff,0x70,0x00,0x00,0x00,0x00,0x00,0x00,0x00,
0x00,0x00,0x00,0xaf,0xff,0x30,0x00,0x00,0x00,0x00,0x00,0x00,0x00,0x00,0x00,0x00,0xef,0xfd,0x00,0x00,0x00,0x00,0x00,0x00,
0x00,0x00,0x00,0x00,0x04,0xff,0xf8,0x00,0x00,0x00,0x00,0x00,0x00,0x00,0x00,0x00,0x00,0x09,0xff,0xf4,0x00,0x00,0x00,0x00,
0x00,0x00,0x00,0x00,0x00,0x00,0x0d,0xff,0xe0,0x00,0x00,0x00,0x00,0x00,0x00,0x00,0x00,0x00,0x00,0x3f,0xff,0xa0,0x00,0x00,
0x00,0x00,0x00,0x00,0x00,0x00,0x00,0x00,0x7f,0xff,0x50,0x00,0x00,0x00,0x00,0x00,0x00,0x00,0x00,0x00,0x00,0xcf,0xff,0x10,
0x00,0x00,0x00,0x00,0x00,0x00,0x00,0x00,0x00,0x02,0xff,0xfb,0x00,0x00,0x00,0x00,0x00,0x00,0x00,0x00,0x00,0x00,0x06,0xff,
0xf6,0x00,0x00,0x00,0x00,0x00,0x00,0x00,0x00,0x00,0x00,0x0b,0xff,0xf2,0x00,0x00,0x00,0x00,0x00,0x00,0x00,0x00,0x00,0x00,
0x1f,0xff,0xc0,0x00,0x00,0x00,0x00,0x00,0x00,0x00,0x00,0x00,0x00,0x5f,0xff,0x80,0x00,0x00,0x00,0x00,0x00,0x00,0x00,0x00,
0x00,0x00,0x9f,0xff,0x30,0x00,0x00,0x00,0x00,0x00,0x00,0x00,0x00,0x00,0x00,0xef,0xfd,0x00,0x00,0x00,0x00,0x00,0x00,0x00,
0x00,0x00,0x00,0x04,0xff,0xf9,0x00,0x00,0x00,0x00,0x00,0x00,0x00,0x00,0x00,0x00,0x08,0xff,0xf4,0x00,0x00,0x00,0x00,0x00,
0x00,0x00,0x00,0x00,0x00,0x0d,0xff,0xe0,0x00,0x00,0x00,0x00,0x00,0x00,0x00,0x00,0x00,0x00,0x2f,0xff,0xa0,0x00,0x00,0x00,
0x00,0x00,0x00,0x00,0x00,0x00,0x00,0x7f,0xff,0x60,0x00,0x00,0x00,0x00,0x00,0x00,0x00,0x00,0x00,0x00,0xcf,0xff,0x10,0x00,
0x00,0x00,0x00,0x00,0x00,0x00,0x00,0x00,0x01,0xff,0xfb,0x00,0x00,0x00,0x00,0x00,0x00,0x00,0x00,0x00,0x00,0x06,0xff,0xf7,
0x00,0x00,0x00,0x00,0x00,0x00,0x00,0x00,0x00,0x00,0x0a,0xff,0xf2,0x00,0x00,0x00,0x00,0x00,0x00,0x00,0x00,0x00,0x00,0x0e,
0xff,0xd0,0x00,0x00,0x00,0x00,0x00,0x00,0x00,0x00,0x00,0x00,0x4f,0xff,0x80,0x00,0x00,0x00,0x00,0x00,0x00,0x00,0x00,0x00,
0x00,0x9f,0xff,0x30,0x00,0x00,0x00,0x00,0x00,0x00,0x00,0x00,0x00,0x00,0xef,0xfe,0x00,0x00,0x00,0x00,0x00,0x00,0x00,0x00,
0x00,0x00,0x03,0xff,0xf9,0x00,0x00,0x00,0x00,0x00,0x00,0x00,0x00,0x00,0x00,0x08,0xff,0xf5,0x00,0x00,0x00,0x00,0x00,0x00,
0x00,0x00,0x00,0x00,0x0c,0xff,0xf1,0x00,0x00,0x00,0x00,0x00,0x00,0x00,0x00,0x00,0x00,0x2f,0xff,0xb0,0x00,0x00,0x00,0x00,
0x00,0x00,0x00,0x00,0x00,0x00,0x7f,0xff,0x60,0x00,0x00,0x00,0x00,0x00,0x00,0x00,0x00,0x00,0x00,0xbf,0xff,0x10,0x00,0x00,
0x00,0x00,0x00,0x00,0x00,0x00,0x00,0x01,0xff,0xfc,0x00,0x00,0x00,0x00,0x00,0x00,0x00,0x00,0x00,0x00,0x05,0xff,0xf7,0x00,
0x00,0x00,0x00,0x00,0x00,0x00,0x00,0x00,0x00,0x0a,0xff,0xf3,0x00,0x00,0x00,0x00,0x00,0x00,0x00,0x00,0x00,0x00,0x0e,0xff,
0xd0,0x00,0x00,0x00,0x00,0x00,0x00,0x00,0x00,0x00,0x00,0x4f,0xff,0x80,0x00,0x00,0x00,0x00,0x00,0x00,0x00,0x00,0x00,0x00,
0x9f,0xff,0x40,0x00,0x00,0x00,0x00,0x00,0x00,0x00,0x00,0x00,0x00,0xdf,0xfe,0x00,0x00,0x00,0x00,0x00,0x00,0x00,0x00,0x00,
0x00,0x01,0xaa,0xa7,0x00,0x00,0x00,0x00,0x00,0x00,0x00,0x00,0x00,0x00,0x00,0x00,0x00,0x00,0x02,0x69,0xab,0xba,0x84,0x00,
0x00,0x00,0x00,0x00,0x00,0x00,0x00,0x00,0x00,0x04,0xcf,0xff,0xff,0xff,0xff,0xe8,0x10,0x00,0x00,0x00,0x00,0x00,0x00,0x00,
0x00,0x9f,0xff,0xff,0xff,0xff,0xff,0xff,0xe3,0x00,0x00,0x00,0x00,0x00,0x00,0x00,0x0a,0xff,0xff,0xff,0xff,0xff,0xff,0xff,
0xfe,0x40,0x00,0x00,0x00,0x00,0x00,0x00,0x6f,0xff,0xff,0xfb,0x87,0x8a,0xef,0xff,0xff,0xd1,0x00,0x00,0x00,0x00,0x00,0x02,
0xef,0xff,0xfb,0x20,0x00,0x00,0x07,0xff,0xff,0xf9,0x00,0x00,0x00,0x00,0x00,0x07,0xff,0xff,0xc0,0x00,0x00,0x00,0x00,0x5f,
0xff,0xfe,0x10,0x00,0x00,0x00,0x00,0x0d,0xff,0xff,0x30,0x00,0x00,0x00,0x00,0x0a,0xff,0xff,0x60,0x00,0x00,0x00,0x00,0x2f,
0xff,0xfb,0x00,0x00,0x00,0x00,0x00,0x04,0xff,0xff,0xa0,0x00,0x00,0x00,0x00,0x5f,0xff,0xf7,0x00,0x00,0x00,0x00,0x00,0x00,
0xef,0xff,0xd0,0x00,0x00,0x00,0x00,0x8f,0xff,0xf4,0x00,0x00,0x00,0x00,0x00,0x00,0xbf,0xff,0xf1,0x00,0x00,0x00,0x00,0xaf,
0xff,0xf2,0x00,0x00,0x00,0x00,0x00,0x00,0x9f,0xff,0xf2,0x00,0x00,0x00,0x00,0xaf,0xff,0xf0,0x00,0x00,0x00,0x00,0x00,0x00,
0x7f,0xff,0xf3,0x00,0x00,0x00,0x00,0xbf,0xff,0xe0,0x00,0x00,0x00,0x00,0x00,0x00,0x6f,0xff,0xf4,0x00,0x00,0x00,0x00,0xcf,
0xff,0xe0,0x00,0x00,0x00,0x00,0x00,0x00,0x6f,0xff,0xf5,0x00,0x00,0x00,0x00,0xcf,0xff,0xd0,0x00,0x00,0x00,0x00,0x00,0x00,
0x5f,0xff,0xf5,0x00,0x00,0x00,0x00,0xcf,0xff,0xd0,0x00,0x00,0x00,0x00,0x00,0x00,0x5f,0xff,0xf5,0x00,0x00,0x00,0x00,0xcf,
0xff,0xd0,0x00,0x00,0x00,0x00,0x00,0x00,0x5f,0xff,0xf5,0x00,0x00,0x00,0x00,0xcf,0xff,0xd0,0x00,0x00,0x00,0x00,0x00,0x00,
0x5f,0xff,0xf5,0x00,0x00,0x00,0x00,0xcf,0xff,0xd0,0x00,0x00,0x00,0x00,0x00,0x00,0x5f,0xff,0xf5,0x00,0x00,0x00,0x00,0xcf,
0xff,0xd0,0x00,0x00,0x00,0x00,0x00,0x00,0x5f,0xff,0xf5,0x00,0x00,0x00,0x00,0xcf,0xff,0xd0,0x00,0x00,0x00,0x00,0x00,0x00,
0x5f,0xff,0xf5,0x00,0x00,0x00,0x00,0xcf,0xff,0xd0,0x00,0x00,0x00,0x00,0x00,0x00,0x5f,0xff,0xf5,0x00,0x00,0x00,0x00,0xcf,
0xff,0xd0,0x00,0x00,0x00,0x00,0x00,0x00,0x5f,0xff,0xf5,0x00,0x00,0x00,0x00,0xcf,0xff,0xd0,0x00,0x00,0x00,0x00,0x00,0x00,
0x5f,0xff,0xf5,0x00,0x00,0x00,0x00,0xcf,0xff,0xd0,0x00,0x00,0x00,0x00,0x00,0x00,0x5f,0xff,0xf5,0x00,0x00,0x00,0x00,0xcf,
0xff,0xd0,0x00,0x00,0x00,0x00,0x00,0x00,0x5f,0xff,0xf5,0x00,0x00,0x00,0x00,0xcf,0xff,0xd0,0x00,0x00,0x00,0x00,0x00,0x00,
0x5f,0xff,0xf5,0x00,0x00,0x00,0x00,0xcf,0xff,0xd0,0x00,0x00,0x00,0x00,0x00,0x00,0x5f,0xff,0xf5,0x00,0x00,0x00,0x00,0xcf,
0xff,0xd0,0x00,0x00,0x00,0x00,0x00,0x00,0x5f,0xff,0xf5,0x00,0x00,0x00,0x00,0xcf,0xff,0xd0,0x00,0x00,0x00,0x00,0x00,0x00,
0x5f,0xff,0xf5,0x00,0x00,0x00,0x00,0xcf,0xff,0xe0,0x00,0x00,0x00,0x00,0x00,0x00,0x6f,0xff,0xf5,0x00,0x00,0x00,0x00,0xbf,
0xff,0xe0,0x00,0x00,0x00,0x00,0x00,0x00,0x6f,0xff,0xf4,0x00,0x00,0x00,0x00,0xaf,0xff,0xf0,0x00,0x00,0x00,0x00,0x00,0x00,
0x7f,0xff,0xf3,0x00,0x00,0x00,0x00,0x9f,0xff,0xf2,0x00,0x00,0x00,0x00,0x00,0x00,0x9f,0xff,0xf2,0x00,0x00,0x00,0x00,0x7f,
0xff,0xf4,0x00,0x00,0x00,0x00,0x00,0x00,0xbf,0xff,0xf0,0x00,0x00,0x00,0x00,0x4f,0xff,0xf8,0x00,0x00,0x00,0x00,0x00,0x00,
0xff,0xff,0xc0,0x00,0x00,0x00,0x00,0x1f,0xff,0xfc,0x00,0x00,0x00,0x00,0x00,0x04,0xff,0xff,0x90,0x00,0x00,0x00,0x00,0x0b,
0xff,0xff,0x40,0x00,0x00,0x00,0x00,0x0b,0xff,0xff,0x40,0x00,0x00,0x00,0x00,0x06,0xff,0xff,0xd1,0x00,0x00,0x00,0x00,0x7f,
0xff,0xfe,0x00,0x00,0x00,0x00,0x00,0x01,0xdf,0xff,0xfd,0x40,0x00,0x00,0x19,0xff,0xff,0xf7,0x00,0x00,0x00,0x00,0x00,0x00,
0x4f,0xff,0xff,0xfd,0xa9,0xac,0xff,0xff,0xff,0xc0,0x00,0x00,0x00,0x00,0x00,0x00,0x07,0xff,0xff,0xff,0xff,0xff,0xff,0xff,
0xfd,0x20,0x00,0x00,0x00,0x00,0x00,0x00,0x00,0x7f,0xff,0xff,0xff,0xff,0xff,0xff,0xc2,0x00,0x00,0x00,0x00,0x00,0x00,0x00,
0x00,0x02,0xae,0xff,0xff,0xff,0xff,0xd6,0x00,0x00,0x00,0x00,0x00,0x00,0x00,0x00,0x00,0x00,0x00,0x47,0x89,0x97,0x62,0x00,
0x00,0x00,0x00,0x00,0x00,0x00,0x00,0x00,0x00,0x00,0x12,0x22,0x21,0x00,0x00,0x00,0x00,0x00,0x00,0x00,0x03,0xdf,0xff,0xf6,
0x00,0x00,0x00,0x00,0x00,0x00,0x00,0x6f,0xff,0xff,0xf6,0x00,0x00,0x00,0x00,0x00,0x00,0x1a,0xff,0xff,0xff,0xf6,0x00,0x00,
0x00,0x00,0x00,0x02,0xdf,0xff,0xff,0xff,0xf6,0x00,0x00,0x00,0x00,0x00,0x5e,0xff,0xff,0xff,0xff,0xf6,0x00,0x00,0x00,0x00,
0x08,0xff,0xff,0xff,0x9f,0xff,0xf6,0x00,0x00,0x00,0x00,0x0c,0xff,0xff,0xd3,0x3f,0xff,0xf6,0x00,0x00,0x00,0x00,0x0c,0xff,
0xfb,0x10,0x3f,0xff,0xf6,0x00,0x00,0x00,0x00,0x0c,0xff,0x70,0x00,0x3f,0xff,0xf6,0x00,0x00,0x00,0x00,0x0c,0xd3,0x00,0x00,
0x3f,0xff,0xf6,0x00,0x00,0x00,0x00,0x08,0x10,0x00,0x00,0x3f,0xff,0xf6,0x00,0x00,0x00,0x00,0x00,0x00,0x00,0x00,0x3f,0xff,
0xf6,0x00,0x00,0x00,0x00,0x00,0x00,0x00,0x00,0x3f,0xff,0xf6,0x00,0x00,0x00,0x00,0x00,0x00,0x00,0x00,0x3f,0xff,0xf6,0x00,
0x00,0x00,0x00,0x00,0x00,0x00,0x00,0x3f,0xff,0xf6,0x00,0x00,0x00,0x00,0x00,0x00,0x00,0x00,0x3f,0xff,0xf6,0x00,0x00,0x00,
0x00,0x00,0x00,0x00,0x00,0x3f,0xff,0xf6,0x00,0x00,0x00,0x00,0x00,0x00,0x00,0x00,0x3f,0xff,0xf6,0x00,0x00,0x00,0x00,0x00,
0x00,0x00,0x00,0x3f,0xff,0xf6,0x00,0x00,0x00,0x00,0x00,0x00,0x00,0x00,0x3f,0xff,0xf6,0x00,0x00,0x00,0x00,0x00,0x00,0x00,
0x00,0x3f,0xff,0xf6,0x00,0x00,0x00,0x00,0x00,0x00,0x00,0x00,0x3f,0xff,0xf6,0x00,0x00,0x00,0x00,0x00,0x00,0x00,0x00,0x3f,
0xff,0xf6,0x00,0x00,0x00,0x00,0x00,0x00,0x00,0x00,0x3f,0xff,0xf6,0x00,0x00,0x00,0x00,0x00,0x00,0x00,0x00,0x3f,0xff,0xf6,
0x00,0x00,0x00,0x00,0x00,0x00,0x00,0x00,0x3f,0xff,0xf6,0x00,0x00,0x00,0x00,0x00,0x00,0x00,0x00,0x3f,0xff,0xf6,0x00,0x00,
0x00,0x00,0x00,0x00,0x00,0x00,0x3f,0xff,0xf6,0x00,0x00,0x00,0x00,0x00,0x00,0x00,0x00,0x3f,0xff,0xf6,0x00,0x00,0x00,0x00,
0x00,0x00,0x00,0x00,0x3f,0xff,0xf6,0x00,0x00,0x00,0x00,0x00,0x00,0x00,0x00,0x3f,0xff,0xf6,0x00,0x00,0x00,0x00,0x00,0x00,
0x00,0x00,0x3f,0xff,0xf6,0x00,0x00,0x00,0x00,0x00,0x00,0x00,0x00,0x3f,0xff,0xf6,0x00,0x00,0x00,0x00,0x00,0x00,0x00,0x00,
0x3f,0xff,0xf6,0x00,0x00,0x00,0x00,0x00,0x00,0x00,0x00,0x3f,0xff,0xf6,0x00,0x00,0x00,0x00,0x00,0x00,0x00,0x00,0x3f,0xff,
0xf6,0x00,0x00,0x00,0x00,0x00,0x00,0x00,0x00,0x3f,0xff,0xf6,0x00,0x00,0x00,0x00,0x00,0x00,0x00,0x00,0x3f,0xff,0xf6,0x00,
0x00,0x00,0x00,0x00,0x00,0x00,0x00,0x3f,0xff,0xf6,0x00,0x00,0x00,0x00,0x00,0x00,0x00,0x00,0x3f,0xff,0xf6,0x00,0x00,0x00,
0x00,0x00,0x00,0x00,0x00,0x3f,0xff,0xf6,0x00,0x00,0x00,0x00,0x00,0x00,0x00,0x00,0x3f,0xff,0xf6,0x00,0x00,0x00,0x00,0x00,
0x00,0x00,0x00,0x3f,0xff,0xf6,0x00,0x00,0x00,0x00,0x00,0x00,0x00,0x00,0x3f,0xff,0xf6,0x00,0x00,0x00,0x00,0x00,0x00,0x00,
0x00,0x15,0x8a,0xbb,0x97,0x40,0x00,0x00,0x00,0x00,0x00,0x00,0x00,0x00,0x00,0x29,0xff,0xff,0xff,0xff,0xfd,0x71,0x00,0x00,
0x00,0x00,0x00,0x00,0x00,0x05,0xef,0xff,0xff,0xff,0xff,0xff,0xfc,0x20,0x00,0x00,0x00,0x00,0x00,0x00,0x6f,0xff,0xff,0xff,
0xff,0xff,0xff,0xff,0xe4,0x00,0x00,0x00,0x00,0x00,0x03,0xff,0xff,0xff,0xc9,0x77,0xad,0xff,0xff,0xfd,0x10,0x00,0x00,0x00,
0x00,0x0c,0xff,0xff,0xd4,0x00,0x00,0x00,0x7f,0xff,0xff,0xa0,0x00,0x00,0x00,0x00,0x5f,0xff,0xfd,0x10,0x00,0x00,0x00,0x03,
0xff,0xff,0xf2,0x00,0x00,0x00,0x00,0xaf,0xff,0xf5,0x00,0x00,0x00,0x00,0x00,0x9f,0xff,0xf8,0x00,0x00,0x00,0x00,0xef,0xff,
0xd0,0x00,0x00,0x00,0x00,0x00,0x1f,0xff,0xfd,0x00,0x00,0x00,0x01,0xff,0xff,0xa0,0x00,0x00,0x00,0x00,0x00,0x0d,0xff,0xff,
0x00,0x00,0x00,0x03,0xff,0xff,0x80,0x00,0x00,0x00,0x00,0x00,0x0a,0xff,0xff,0x10,0x00,0x00,0x03,0xff,0xff,0x60,0x00,0x00,
0x00,0x00,0x00,0x09,0xff,0xff,0x30,0x00,0x00,0x02,0xaa,0xaa,0x40,0x00,0x00,0x00,0x00,0x00,0x09,0xff,0xff,0x20,0x00,0x00,
0x00,0x00,0x00,0x00,0x00,0x00,0x00,0x00,0x00,0x0a,0xff,0xff,0x10,0x00,0x00,0x00,0x00,0x00,0x00,0x00,0x00,0x00,0x00,0x00,
0x0d,0xff,0xfe,0x00,0x00,0x00,0x00,0x00,0x00,0x00,0x00,0x00,0x00,0x00,0x00,0x2f,0xff,0xfb,0x00,0x00,0x00,0x00,0x00,0x00,
0x00,0x00,0x00,0x00,0x00,0x00,0x8f,0xff,0xf7,0x00,0x00,0x00,0x00,0x00,0x00,0x00,0x00,0x00,0x00,0x00,0x01,0xef,0xff,0xf2,
0x00,0x00,0x00,0x00,0x00,0x00,0x00,0x00,0x00,0x00,0x00,0x07,0xff,0xff,0xa0,0x00,0x00,0x00,0x00,0x00,0x00,0x00,0x00,0x00,
0x00,0x00,0x2f,0xff,0xff,0x30,0x00,0x00,0x00,0x00,0x00,0x00,0x00,0x00,0x00,0x00,0x00,0xbf,0xff,0xf9,0x00,0x00,0x00,0x00,
0x00,0x00,0x00,0x00,0x00,0x00,0x00,0x07,0xff,0xff,0xd1,0x00,0x00,0x00,0x00,0x00,0x00,0x00,0x00,0x00,0x00,0x00,0x3f,0xff,
0xff,0x40,0x00,0x00,0x00,0x00,0x00,0x00,0x00,0x00,0x00,0x00,0x00,0xcf,0xff,0xf9,0x00,0x00,0x00,0x00,0x00,0x00,0x00,0x00,
0x00,0x00,0x00,0x08,0xff,0xff,0xd1,0x00,0x00,0x00,0x00,0x00,0x00,0x00,0x00,0x00,0x00,0x00,0x4f,0xff,0xff,0x30,0x00,0x00,
0x00,0x00,0x00,0x00,0x00,0x00,0x00,0x00,0x01,0xdf,0xff,0xf7,0x00,0x00,0x00,0x00,0x00,0x00,0x00,0x00,0x00,0x00,0x00,0x0a,
0xff,0xff,0xc0,0x00,0x00,0x00,0x00,0x00,0x00,0x00,0x00,0x00,0x00,0x00,0x5f,0xff,0xfe,0x20,0x00,0x00,0x00,0x00,0x00,0x00,
0x00,0x00,0x00,0x00,0x02,0xef,0xff,0xf6,0x00,0x00,0x00,0x00,0x00,0x00,0x00,0x00,0x00,0x00,0x00,0x0b,0xff,0xff,0xb0,0x00,
0x00,0x00,0x00,0x00,0x00,0x00,0x00,0x00,0x00,0x00,0x7f,0xff,0xfe,0x10,0x00,0x00,0x00,0x00,0x00,0x00,0x00,0x00,0x00,0x00,
0x02,0xff,0xff,0xf5,0x00,0x00,0x00,0x00,0x00,0x00,0x00,0x00,0x00,0x00,0x00,0x0c,0xff,0xff,0x90,0x00,0x00,0x00,0x00,0x00,
0x00,0x00,0x00,0x00,0x00,0x00,0x8f,0xff,0xfd,0x10,0x00,0x00,0x00,0x00,0x00,0x00,0x00,0x00,0x00,0x00,0x04,0xff,0xff,0xf4,
0x00,0x00,0x00,0x00,0x00,0x00,0x00,0x00,0x00,0x00,0x00,0x1d,0xff,0xff,0x80,0x00,0x00,0x00,0x00,0x00,0x00,0x00,0x00,0x00,
0x00,0x00,0x9f,0xff,0xfc,0x00,0x00,0x00,0x00,0x00,0x00,0x00,0x00,0x00,0x00,0x00,0x05,0xff,0xff,0xf3,0x00,0x00,0x00,0x00,
0x00,0x00,0x00,0x00,0x00,0x00,0x00,0x1e,0xff,0xff,0x70,0x00,0x00,0x00,0x00,0x00,0x00,0x00,0x00,0x00,0x00,0x00,0xbf,0xff,
0xfd,0x22,0x22,0x22,0x22,0x22,0x22,0x22,0x22,0x00,0x00,0x00,0x03,0xff,0xff,0xff,0xff,0xff,0xff,0xff,0xff,0xff,0xff,0xff,
0x30,0x00,0x00,0x03,0xff,0xff,0xff,0xff,0xff,0xff,0xff,0xff,0xff,0xff,0xff,0x30,0x00,0x00,0x03,0xff,0xff,0xff,0xff,0xff,
0xff,0xff,0xff,0xff,0xff,0xff,0x30,0x00,0x00,0x03,0xff,0xff,0xff,0xff,0xff,0xff,0xff,0xff,0xff,0xff,0xff,0x30,0x00,0x00,
0x00,0x00,0x00,0x00,0x03,0x79,0xbb,0xb9,0x73,0x00,0x00,0x00,0x00,0x00,0x00,0x00,0x00,0x00,0x00,0x06,0xdf,0xff,0xff,0xff,
0xff,0xd6,0x00,0x00,0x00,0x00,0x00,0x00,0x00,0x00,0x01,0xbf,0xff,0xff,0xff,0xff,0xff,0xff,0xb1,0x00,0x00,0x00,0x00,0x00,
0x00,0x00,0x1d,0xff,0xff,0xff,0xff,0xff,0xff,0xff,0xfd,0x10,0x00,0x00,0x00,0x00,0x00,0x00,0xbf,0xff,0xff,0xea,0x86,0x8b,
0xef,0xff,0xff,0xb0,0x00,0x00,0x00,0x00,0x00,0x05,0xff,0xff,0xf9,0x10,0x00,0x00,0x2b,0xff,0xff,0xf5,0x00,0x00,0x00,0x00,
0x00,0x0c,0xff,0xff,0x60,0x00,0x00,0x00,0x00,0x9f,0xff,0xfc,0x00,0x00,0x00,0x00,0x00,0x2f,0xff,0xfc,0x00,0x00,0x00,0x00,
0x00,0x1e,0xff,0xff,0x20,0x00,0x00,0x00,0x00,0x6f,0xff,0xf4,0x00,0x00,0x00,0x00,0x00,0x07,0xff,0xff,0x60,0x00,0x00,0x00,
0x00,0x7f,0xff,0xf2,0x00,0x00,0x00,0x00,0x00,0x03,0xff,0xff,0x80,0x00,0x00,0x00,0x00,0x9f,0xff,0xe0,0x00,0x00,0x00,0x00,
0x00,0x01,0xff,0xff,0x90,0x00,0x00,0x00,0x00,0x9f,0xff,0xd0,0x00,0x00,0x00,0x00,0x00,0x00,0xef,0xff,0xa0,0x00,0x00,0x00,
0x00,0x00,0x00,0x00,0x00,0x00,0x00,0x00,0x00,0x00,0xef,0xff,0xa0,0x00,0x00,0x00,0x00,0x00,0x00,0x00,0x00,0x00,0x00,0x00,
0x00,0x01,0xff,0xff,0x80,0x00,0x00,0x00,0x00,0x00,0x00,0x00,0x00,0x00,0x00,0x00,0x00,0x03,0xff,0xff,0x60,0x00,0x00,0x00,
0x00,0x00,0x00,0x00,0x00,0x00,0x00,0x00,0x00,0x06,0xff,0xff,0x40,0x00,0x00,0x00,0x00,0x00,0x00,0x00,0x00,0x00,0x00,0x00,
0x00,0x0d,0xff,0xfd,0x00,0x00,0x00,0x00,0x00,0x00,0x00,0x00,0x00,0x00,0x00,0x00,0x00,0x8f,0xff,0xf6,0x00,0x00,0x00,0x00,
0x00,0x00,0x00,0x00,0x00,0x00,0x00,0x00,0x06,0xff,0xff,0xc0,0x00,0x00,0x00,0x00,0x00,0x00,0x00,0x00,0x00,0x00,0x01,0x26,
0xcf,0xff,0xfd,0x10,0x00,0x00,0x00,0x00,0x00,0x00,0x00,0x00,0x00,0x1f,0xff,0xff,0xff,0xff,0xb2,0x00,0x00,0x00,0x00,0x00,
0x00,0x00,0x00,0x00,0x00,0x1f,0xff,0xff,0xff,0xf8,0x00,0x00,0x00,0x00,0x00,0x00,0x00,0x00,0x00,0x00,0x00,0x1f,0xff,0xff,
0xff,0xff,0x81,0x00,0x00,0x00,0x00,0x00,0x00,0x00,0x00,0x00,0x00,0x1f,0xff,0xff,0xff,0xff,0xfe,0x20,0x00,0x00,0x00,0x00,
0x00,0x00,0x00,0x00,0x00,0x03,0x33,0x58,0xcf,0xff,0xff,0xd1,0x00,0x00,0x00,0x00,0x00,0x00,0x00,0x00,0x00,0x00,0x00,0x00,
0x05,0xef,0xff,0xfb,0x00,0x00,0x00,0x00,0x00,0x00,0x00,0x00,0x00,0x00,0x00,0x00,0x00,0x3e,0xff,0xff,0x30,0x00,0x00,0x00,
0x00,0x00,0x00,0x00,0x00,0x00,0x00,0x00,0x00,0x06,0xff,0xff,0x90,0x00,0x00,0x00,0x00,0x00,0x00,0x00,0x00,0x00,0x00,0x00,
0x00,0x00,0xdf,0xff,0xf1,0x00,0x00,0x00,0x00,0x00,0x00,0x00,0x00,0x00,0x00,0x00,0x00,0x00,0x9f,0xff,0xf2,0x00,0x00,0x00,
0x00,0x00,0x00,0x00,0x00,0x00,0x00,0x00,0x00,0x00,0x5f,0xff,0xf4,0x00,0x00,0x00,0x00,0x00,0x00,0x00,0x00,0x00,0x00,0x00,
0x00,0x00,0x4f,0xff,0xf6,0x00,0x00,0x00,0x00,0x00,0x00,0x00,0x00,0x00,0x00,0x00,0x00,0x00,0x3f,0xff,0xf7,0x00,0x00,0x00,
0x00,0x00,0x00,0x00,0x00,0x00,0x00,0x00,0x00,0x00,0x3f,0xff,0xf7,0x00,0x00,0x00,0x02,0xee,0xee,0x80,0x00,0x00,0x00,0x00,
0x00,0x00,0x5f,0xff,0xf6,0x00,0x00,0x00,0x01,0xff,0xff,0xa0,0x00,0x00,0x00,0x00,0x00,0x00,0x7f,0xff,0xf4,0x00,0x00,0x00,
0x00,0xff,0xff,0xd0,0x00,0x00,0x00,0x00,0x00,0x00,0x9f,0xff,0xf2,0x00,0x00,0x00,0x00,0xdf,0xff,0xf1,0x00,0x00,0x00,0x00,
0x00,0x01,0xef,0xff,0xd0,0x00,0x00,0x00,0x00,0x9f,0xff,0xf9,0x00,0x00,0x00,0x00,0x00,0x09,0xff,0xff,0x90,0x00,0x00,0x00,
0x00,0x4f,0xff,0xff,0x50,0x00,0x00,0x00,0x00,0x5f,0xff,0xff,0x20,0x00,0x00,0x00,0x00,0x0b,0xff,0xff,0xfa,0x20,0x00,0x00,
0x18,0xff,0xff,0xf9,0x00,0x00,0x00,0x00,0x00,0x03,0xef,0xff,0xff,0xfc,0xa8,0x9b,0xff,0xff,0xff,0xc1,0x00,0x00,0x00,0x00,
0x00,0x00,0x4f,0xff,0xff,0xff,0xff,0xff,0xff,0xff,0xfd,0x20,0x00,0x00,0x00,0x00,0x00,0x00,0x03,0xdf,0xff,0xff,0xff,0xff,
0xff,0xff,0xa1,0x00,0x00,0x00,0x00,0x00,0x00,0x00,0x00,0x06,0xcf,0xff,0xff,0xff,0xff,0xb4,0x00,0x00,0x00,0x00,0x00,0x00,
0x00,0x00,0x00,0x00,0x02,0x58,0x99,0x87,0x51,0x00,0x00,0x00,0x00,0x00,0x00,0x00,0x00,0x00,0x00,0x00,0x00,0x00,0x00,0x22,
0x22,0x20,0x00,0x00,0x00,0x00,0x00,0x00,0x00,0x00,0x00,0x00,0x00,0x00,0x02,0xff,0xff,0x90,0x00,0x00,0x00,0x00,0x00,0x00,
0x00,0x00,0x00,0x00,0x00,0x00,0x08,0xff,0xff,0x20,0x00,0x00,0x00,0x00,0x00,0x00,0x00,0x00,0x00,0x00,0x00,0x00,0x0e,0xff,
0xfb,0x00,0x00,0x00,0x00,0x00,0x00,0x00,0x00,0x00,0x00,0x00,0x00,0x00,0x5f,0xff,0xf5,0x00,0x00,0x00,0x00,0x00,0x00,0x00,
0x00,0x00,0x00,0x00,0x00,0x00,0xcf,0xff,0xd0,0x00,0x00,0x00,0x00,0x00,0x00,0x00,0x00,0x00,0x00,0x00,0x00,0x03,0xff,0xff,
0x70,0x00,0x00,0x00,0x00,0x00,0x00,0x00,0x00,0x00,0x00,0x00,0x00,0x09,0xff,0xff,0x10,0x00,0x00,0x00,0x00,0x00,0x00,0x00,
0x00,0x00,0x00,0x00,0x00,0x1f,0xff,0xf9,0x00,0x00,0x00,0x00,0x00,0x00,0x00,0x00,0x00,0x00,0x00,0x00,0x00,0x7f,0xff,0xf3,
0x00,0x00,0x00,0x00,0x00,0x00,0x00,0x00,0x00,0x00,0x00,0x00,0x00,0xdf,0xff,0xc0,0x00,0x00,0x00,0x00,0x00,0x00,0x00,0x00,
0x00,0x00,0x00,0x00,0x05,0xff,0xff,0x50,0x00,0x00,0x00,0x00,0x00,0x00,0x00,0x00,0x00,0x00,0x00,0x00,0x0b,0xff,0xfe,0x00,
0x00,0x00,0x00,0x00,0x00,0x00,0x00,0x00,0x00,0x00,0x00,0x00,0x3f,0xff,0xf7,0x00,0x00,0x00,0x00,0x00,0x00,0x00,0x00,0x00,
0x00,0x00,0x00,0x00,0x9f,0xff,0xf1,0x00,0x00,0x00,0x00,0x00,0x00,0x00,0x00,0x00,0x00,0x00,0x00,0x01,0xef,0xff,0xa0,0x00,
0x00,0x00,0x00,0x00,0x00,0x00,0x00,0x00,0x00,0x00,0x00,0x07,0xff,0xff,0x30,0x00,0x00,0x00,0x00,0x00,0x00,0x00,0x00,0x00,
0x00,0x00,0x00,0x0d,0xff,0xfc,0x00,0x00,0x00,0x00,0x00,0x00,0x00,0x00,0x00,0x00,0x00,0x00,0x00,0x4f,0xff,0xf6,0x00,0x00,
0x00,0x00,0x00,0x00,0x00,0x00,0x00,0x00,0x00,0x00,0x00,0xbf,0xff,0xe1,0x00,0x00,0x00,0x00,0x00,0x00,0x00,0x00,0x00,0x00,
0x00,0x00,0x02,0xff,0xff,0x80,0x00,0x00,0x06,0xdd,0xdd,0x20,0x00,0x00,0x00,0x00,0x00,0x00,0x08,0xff,0xff,0x20,0x00,0x00,
0x07,0xff,0xff,0x30,0x00,0x00,0x00,0x00,0x00,0x00,0x1e,0xff,0xfa,0x00,0x00,0x00,0x07,0xff,0xff,0x30,0x00,0x00,0x00,0x00,
0x00,0x00,0x6f,0xff,0xf4,0x00,0x00,0x00,0x07,0xff,0xff,0x30,0x00,0x00,0x00,0x00,0x00,0x00,0xcf,0xff,0xd0,0x00,0x00,0x00,
0x07,0xff,0xff,0x30,0x00,0x00,0x00,0x00,0x00,0x04,0xff,0xff,0x60,0x00,0x00,0x00,0x07,0xff,0xff,0x30,0x00,0x00,0x00,0x00,
0x00,0x0a,0xff,0xfe,0x10,0x00,0x00,0x00,0x07,0xff,0xff,0x30,0x00,0x00,0x00,0x00,0x00,0x2f,0xff,0xf9,0x00,0x00,0x00,0x00,
0x07,0xff,0xff,0x30,0x00,0x00,0x00,0x00,0x00,0x8f,0xff,0xf2,0x00,0x00,0x00,0x00,0x07,0xff,0xff,0x30,0x00,0x00,0x00,0x00,
0x00,0xef,0xff,0xb0,0x00,0x00,0x00,0x00,0x07,0xff,0xff,0x30,0x00,0x00,0x00,0x00,0x06,0xff,0xff,0x50,0x00,0x00,0x00,0x00,
0x07,0xff,0xff,0x30,0x00,0x00,0x00,0x00,0x0c,0xff,0xfd,0x00,0x00,0x00,0x00,0x00,0x07,0xff,0xff,0x30,0x00,0x00,0x00,0x00,
0x1f,0xff,0xfe,0xdd,0xdd,0xdd,0xdd,0xdd,0xde,0xff,0xff,0xdd,0xdd,0xd0,0x00,0x00,0x1f,0xff,0xff,0xff,0xff,0xff,0xff,0xff,
0xff,0xff,0xff,0xff,0xff,0xf0,0x00,0x00,0x1f,0xff,0xff,0xff,0xff,0xff,0xff,0xff,0xff,0xff,0xff,0xff,0xff,0xf0,0x00,0x00,
0x1f,0xff,0xff,0xff,0xff,0xff,0xff,0xff,0xff,0xff,0xff,0xff,0xff,0xf0,0x00,0x00,0x06,0x66,0x66,0x66,0x66,0x66,0x66,0x66,
0x6a,0xff,0xff,0x76,0x66,0x60,0x00,0x00,0x00,0x00,0x00,0x00,0x00,0x00,0x00,0x00,0x07,0xff,0xff,0x30,0x00,0x00,0x00,0x00,
0x00,0x00,0x00,0x00,0x00,0x00,0x00,0x00,0x07,0xff,0xff,0x30,0x00,0x00,0x00,0x00,0x00,0x00,0x00,0x00,0x00,0x00,0x00,0x00,
0x07,0xff,0xff,0x30,0x00,0x00,0x00,0x00,0x00,0x00,0x00,0x00,0x00,0x00,0x00,0x00,0x07,0xff,0xff,0x30,0x00,0x00,0x00,0x00,
0x00,0x00,0x00,0x00,0x00,0x00,0x00,0x00,0x07,0xff,0xff,0x30,0x00,0x00,0x00,0x00,0x00,0x00,0x00,0x00,0x00,0x00,0x00,0x00,
0x07,0xff,0xff,0x30,0x00,0x00,0x00,0x00,0x00,0x00,0x00,0x00,0x00,0x00,0x00,0x00,0x07,0xff,0xff,0x30,0x00,0x00,0x00,0x00,
0x00,0x00,0x00,0x00,0x00,0x00,0x00,0x00,0x07,0xff,0xff,0x30,0x00,0x00,0x00,0x00,0x00,0x02,0x22,0x22,0x22,0x22,0x22,0x22,
0x22,0x22,0x22,0x22,0x00,0x00,0x00,0x00,0x00,0x1f,0xff,0xff,0xff,0xff,0xff,0xff,0xff,0xff,0xff,0xff,0x00,0x00,0x00,0x00,
0x00,0x1f,0xff,0xff,0xff,0xff,0xff,0xff,0xff,0xff,0xff,0xff,0x00,0x00,0x00,0x00,0x00,0x1f,0xff,0xff,0xff,0xff,0xff,0xff,
0xff,0xff,0xff,0xff,0x00,0x00,0x00,0x00,0x00,0x1f,0xff,0xff,0xff,0xff,0xff,0xff,0xff,0xff,0xff,0xff,0x00,0x00,0x00,0x00,
0x00,0x1f,0xff,0xf5,0x22,0x22,0x22,0x22,0x22,0x22,0x22,0x22,0x00,0x00,0x00,0x00,0x00,0x1f,0xff,0xf3,0x00,0x00,0x00,0x00,
0x00,0x00,0x00,0x00,0x00,0x00,0x00,0x00,0x00,0x1f,0xff,0xf3,0x00,0x00,0x00,0x00,0x00,0x00,0x00,0x00,0x00,0x00,0x00,0x00,
0x00,0x1f,0xff,0xf3,0x00,0x00,0x00,0x00,0x00,0x00,0x00,0x00,0x00,0x00,0x00,0x00,0x00,0x1f,0xff,0xf3,0x00,0x00,0x00,0x00,
0x00,0x00,0x00,0x00,0x00,0x00,0x00,0x00,0x00,0x1f,0xff,0xf3,0x00,0x00,0x00,0x00,0x00,0x00,0x00,0x00,0x00,0x00,0x00,0x00,
0x00,0x1f,0xff,0xf3,0x00,0x00,0x00,0x00,0x00,0x00,0x00,0x00,0x00,0x00,0x00,0x00,0x00,0x1f,0xff,0xf3,0x00,0x00,0x00,0x00,
0x00,0x00,0x00,0x00,0x00,0x00,0x00,0x00,0x00,0x1f,0xff,0xf3,0x00,0x00,0x00,0x00,0x00,0x00,0x00,0x00,0x00,0x00,0x00,0x00,
0x00,0x1f,0xff,0xf3,0x00,0x00,0x00,0x00,0x00,0x00,0x00,0x00,0x00,0x00,0x00,0x00,0x00,0x1f,0xff,0xf3,0x00,0x00,0x00,0x00,
0x00,0x00,0x00,0x00,0x00,0x00,0x00,0x00,0x00,0x1f,0xff,0xf3,0x00,0x04,0x89,0x98,0x73,0x00,0x00,0x00,0x00,0x00,0x00,0x00,
0x00,0x1f,0xff,0xf3,0x17,0xef,0xff,0xff,0xff,0xe6,0x00,0x00,0x00,0x00,0x00,0x00,0x00,0x1f,0xff,0xf5,0xdf,0xff,0xff,0xff,
0xff,0xff,0xc2,0x00,0x00,0x00,0x00,0x00,0x00,0x1f,0xff,0xff,0xff,0xff,0xff,0xff,0xff,0xff,0xfd,0x10,0x00,0x00,0x00,0x00,
0x00,0x1f,0xff,0xff,0xff,0xfd,0xa9,0xad,0xff,0xff,0xff,0xa0,0x00,0x00,0x00,0x00,0x00,0x1f,0xff,0xff,0xfb,0x30,0x00,0x00,
0x3b,0xff,0xff,0xf4,0x00,0x00,0x00,0x00,0x00,0x1f,0xff,0xff,0x90,0x00,0x00,0x00,0x00,0xbf,0xff,0xfa,0x00,0x00,0x00,0x00,
0x00,0x1f,0xff,0xfc,0x00,0x00,0x00,0x00,0x00,0x1e,0xff,0xff,0x10,0x00,0x00,0x00,0x00,0x1f,0xff,0xf4,0x00,0x00,0x00,0x00,
0x00,0x09,0xff,0xff,0x40,0x00,0x00,0x00,0x00,0x01,0x11,0x10,0x00,0x00,0x00,0x00,0x00,0x04,0xff,0xff,0x70,0x00,0x00,0x00,
0x00,0x00,0x00,0x00,0x00,0x00,0x00,0x00,0x00,0x02,0xff,0xff,0x90,0x00,0x00,0x00,0x00,0x00,0x00,0x00,0x00,0x00,0x00,0x00,
0x00,0x00,0xff,0xff,0xa0,0x00,0x00,0x00,0x00,0x00,0x00,0x00,0x00,0x00,0x00,0x00,0x00,0x00,0xef,0xff,0xb0,0x00,0x00,0x00,
0x00,0x00,0x00,0x00,0x00,0x00,0x00,0x00,0x00,0x00,0xef,0xff,0xb0,0x00,0x00,0x00,0x00,0x00,0x00,0x00,0x00,0x00,0x00,0x00,
0x00,0x00,0xef,0xff,0xb0,0x00,0x00,0x00,0x00,0x00,0x00,0x00,0x00,0x00,0x00,0x00,0x00,0x00,0xef,0xff,0xb0,0x00,0x00,0x00,
0x00,0x00,0x00,0x00,0x00,0x00,0x00,0x00,0x00,0x00,0xef,0xff,0xb0,0x00,0x00,0x00,0x00,0x00,0x00,0x00,0x00,0x00,0x00,0x00,
0x00,0x00,0xef,0xff,0xb0,0x00,0x00,0x00,0x00,0x56,0x66,0x40,0x00,0x00,0x00,0x00,0x00,0x00,0xff,0xff,0xa0,0x00,0x00,0x00,
0x00,0xcf,0xff,0xc0,0x00,0x00,0x00,0x00,0x00,0x02,0xff,0xff,0x90,0x00,0x00,0x00,0x00,0xaf,0xff,0xe0,0x00,0x00,0x00,0x00,
0x00,0x05,0xff,0xff,0x70,0x00,0x00,0x00,0x00,0x9f,0xff,0xf2,0x00,0x00,0x00,0x00,0x00,0x09,0xff,0xff,0x40,0x00,0x00,0x00,
0x00,0x5f,0xff,0xf9,0x00,0x00,0x00,0x00,0x00,0x2e,0xff,0xfe,0x10,0x00,0x00,0x00,0x00,0x1f,0xff,0xff,0x40,0x00,0x00,0x00,
0x01,0xbf,0xff,0xf9,0x00,0x00,0x00,0x00,0x00,0x09,0xff,0xff,0xf9,0x10,0x00,0x00,0x3c,0xff,0xff,0xf2,0x00,0x00,0x00,0x00,
0x00,0x01,0xef,0xff,0xff,0xfd,0xa9,0xad,0xff,0xff,0xff,0x70,0x00,0x00,0x00,0x00,0x00,0x00,0x3e,0xff,0xff,0xff,0xff,0xff,
0xff,0xff,0xf9,0x00,0x00,0x00,0x00,0x00,0x00,0x00,0x02,0xcf,0xff,0xff,0xff,0xff,0xff,0xff,0x70,0x00,0x00,0x00,0x00,0x00,
0x00,0x00,0x00,0x06,0xdf,0xff,0xff,0xff,0xff,0xa2,0x00,0x00,0x00,0x00,0x00,0x00,0x00,0x00,0x00,0x00,0x02,0x68,0x99,0x87,
0x41,0x00,0x00,0x00,0x00,0x00,0x00,0x00,0x00,0x00,0x00,0x00,0x00,0x00,0x00,0x12,0x22,0x21,0x00,0x00,0x00,0x00,0x00,0x00,
0x00,0x00,0x00,0x00,0x00,0x00,0x00,0xaf,0xff,0xf4,0x00,0x00,0x00,0x00,0x00,0x00,0x00,0x00,0x00,0x00,0x00,0x00,0x02,0xff,
0xff,0xb0,0x00,0x00,0x00,0x00,0x00,0x00,0x00,0x00,0x00,0x00,0x00,0x00,0x09,0xff,0xff,0x40,0x00,0x00,0x00,0x00,0x00,0x00,
0x00,0x00,0x00,0x00,0x00,0x00,0x2f,0xff,0xfb,0x00,0x00,0x00,0x00,0x00,0x00,0x00,0x00,0x00,0x00,0x00,0x00,0x00,0x9f,0xff,
0xf4,0x00,0x00,0x00,0x00,0x00,0x00,0x00,0x00,0x00,0x00,0x00,0x00,0x02,0xff,0xff,0xc0,0x00,0x00,0x00,0x00,0x00,0x00,0x00,
0x00,0x00,0x00,0x00,0x00,0x09,0xff,0xff,0x40,0x00,0x00,0x00,0x00,0x00,0x00,0x00,0x00,0x00,0x00,0x00,0x00,0x2f,0xff,0xfc,
0x00,0x00,0x00,0x00,0x00,0x00,0x00,0x00,0x00,0x00,0x00,0x00,0x00,0x9f,0xff,0xf4,0x00,0x00,0x00,0x00,0x00,0x00,0x00,0x00,
0x00,0x00,0x00,0x00,0x02,0xff,0xff,0xc0,0x00,0x00,0x00,0x00,0x00,0x00,0x00,0x00,0x00,0x00,0x00,0x00,0x09,0xff,0xff,0x50,
0x00,0x00,0x00,0x00,0x00,0x00,0x00,0x00,0x00,0x00,0x00,0x00,0x2f,0xff,0xfc,0x00,0x00,0x00,0x00,0x00,0x00,0x00,0x00,0x00,
0x00,0x00,0x00,0x00,0x9f,0xff,0xf5,0x00,0x00,0x00,0x00,0x00,0x00,0x00,0x00,0x00,0x00,0x00,0x00,0x01,0xff,0xff,0xc0,0x00,
0x00,0x00,0x00,0x00,0x00,0x00,0x00,0x00,0x00,0x00,0x00,0x08,0xff,0xff,0x50,0x00,0x00,0x00,0x00,0x00,0x00,0x00,0x00,0x00,
0x00,0x00,0x00,0x1e,0xff,0xfd,0x00,0x00,0x00,0x00,0x00,0x00,0x00,0x00,0x00,0x00,0x00,0x00,0x00,0x8f,0xff,0xf5,0x00,0x00,
0x00,0x00,0x00,0x00,0x00,0x00,0x00,0x00,0x00,0x00,0x01,0xef,0xff,0xd0,0x00,0x11,0x00,0x00,0x00,0x00,0x00,0x00,0x00,0x00,
0x00,0x00,0x08,0xff,0xff,0x77,0xce,0xff,0xec,0x83,0x00,0x00,0x00,0x00,0x00,0x00,0x00,0x00,0x1e,0xff,0xff,0xff,0xff,0xff,
0xff,0xff,0x91,0x00,0x00,0x00,0x00,0x00,0x00,0x00,0x8f,0xff,0xff,0xff,0xff,0xff,0xff,0xff,0xfd,0x20,0x00,0x00,0x00,0x00,
0x00,0x01,0xef,0xff,0xff,0xff,0xff,0xff,0xff,0xff,0xff,0xe2,0x00,0x00,0x00,0x00,0x00,0x07,0xff,0xff,0xff,0xc7,0x42,0x35,
0x9e,0xff,0xff,0xfc,0x00,0x00,0x00,0x00,0x00,0x0d,0xff,0xff,0xf6,0x00,0x00,0x00,0x01,0xaf,0xff,0xff,0x60,0x00,0x00,0x00,
0x00,0x3f,0xff,0xff,0x50,0x00,0x00,0x00,0x00,0x0a,0xff,0xff,0xd0,0x00,0x00,0x00,0x00,0x8f,0xff,0xfb,0x00,0x00,0x00,0x00,
0x00,0x01,0xef,0xff,0xf3,0x00,0x00,0x00,0x00,0xcf,0xff,0xf3,0x00,0x00,0x00,0x00,0x00,0x00,0x8f,0xff,0xf6,0x00,0x00,0x00,
0x00,0xff,0xff,0xd0,0x00,0x00,0x00,0x00,0x00,0x00,0x4f,0xff,0xfa,0x00,0x00,0x00,0x02,0xff,0xff,0xb0,0x00,0x00,0x00,0x00,
0x00,0x00,0x1f,0xff,0xfb,0x00,0x00,0x00,0x03,0xff,0xff,0x90,0x00,0x00,0x00,0x00,0x00,0x00,0x0e,0xff,0xfc,0x00,0x00,0x00,
0x03,0xff,0xff,0x80,0x00,0x00,0x00,0x00,0x00,0x00,0x0d,0xff,0xfc,0x00,0x00,0x00,0x03,0xff,0xff,0x70,0x00,0x00,0x00,0x00,
0x00,0x00,0x0d,0xff,0xfc,0x00,0x00,0x00,0x03,0xff,0xff,0x80,0x00,0x00,0x00,0x00,0x00,0x00,0x0d,0xff,0xfc,0x00,0x00,0x00,
0x02,0xff,0xff,0xa0,0x00,0x00,0x00,0x00,0x00,0x00,0x0f,0xff,0xfa,0x00,0x00,0x00,0x01,0xff,0xff,0xc0,0x00,0x00,0x00,0x00,
0x00,0x00,0x2f,0xff,0xf9,0x00,0x00,0x00,0x00,0xdf,0xff,0xe0,0x00,0x00,0x00,0x00,0x00,0x00,0x5f,0xff,0xf7,0x00,0x00,0x00,
0x00,0xaf,0xff,0xf7,0x00,0x00,0x00,0x00,0x00,0x00,0xbf,0xff,0xf2,0x00,0x00,0x00,0x00,0x5f,0xff,0xfe,0x10,0x00,0x00,0x00,
0x00,0x04,0xff,0xff,0xc0,0x00,0x00,0x00,0x00,0x0d,0xff,0xff,0xa0,0x00,0x00,0x00,0x00,0x3e,0xff,0xff,0x60,0x00,0x00,0x00,
0x00,0x05,0xff,0xff,0xfc,0x30,0x00,0x00,0x06,0xef,0xff,0xfb,0x00,0x00,0x00,0x00,0x00,0x00,0x9f,0xff,0xff,0xfd,0x98,0x9a,
0xef,0xff,0xff,0xe1,0x00,0x00,0x00,0x00,0x00,0x00,0x0a,0xff,0xff,0xff,0xff,0xff,0xff,0xff,0xfe,0x30,0x00,0x00,0x00,0x00,
0x00,0x00,0x00,0x8f,0xff,0xff,0xff,0xff,0xff,0xff,0xb1,0x00,0x00,0x00,0x00,0x00,0x00,0x00,0x00,0x02,0x9e,0xff,0xff,0xff,
0xff,0xb5,0x00,0x00,0x00,0x00,0x00,0x00,0x00,0x00,0x00,0x00,0x00,0x47,0x89,0x87,0x52,0x00,0x00,0x00,0x00,0x00,0x00,0x00,
0x12,0x22,0x22,0x22,0x22,0x22,0x22,0x22,0x22,0x22,0x22,0x20,0x00,0x00,0x7f,0xff,0xff,0xff,0xff,0xff,0xff,0xff,0xff,0xff,
0xff,0xf0,0x00,0x00,0x7f,0xff,0xff,0xff,0xff,0xff,0xff,0xff,0xff,0xff,0xff,0xf0,0x00,0x00,0x7f,0xff,0xff,0xff,0xff,0xff,
0xff,0xff,0xff,0xff,0xff,0xf0,0x00,0x00,0x7f,0xff,0xff,0xff,0xff,0xff,0xff,0xff,0xff,0xff,0xff,0xf0,0x00,0x00,0x11,0x11,
0x11,0x11,0x11,0x11,0x11,0x11,0x11,0xaf,0xff,0xd0,0x00,0x00,0x00,0x00,0x00,0x00,0x00,0x00,0x00,0x00,0x01,0xef,0xff,0x70,
0x00,0x00,0x00,0x00,0x00,0x00,0x00,0x00,0x00,0x00,0x05,0xff,0xff,0x20,0x00,0x00,0x00,0x00,0x00,0x00,0x00,0x00,0x00,0x00,
0x0b,0xff,0xfc,0x00,0x00,0x00,0x00,0x00,0x00,0x00,0x00,0x00,0x00,0x00,0x1f,0xff,0xf6,0x00,0x00,0x00,0x00,0x00,0x00,0x00,
0x00,0x00,0x00,0x00,0x7f,0xff,0xf1,0x00,0x00,0x00,0x00,0x00,0x00,0x00,0x00,0x00,0x00,0x00,0xcf,0xff,0xa0,0x00,0x00,0x00,
0x00,0x00,0x00,0x00,0x00,0x00,0x00,0x03,0xff,0xff,0x50,0x00,0x00,0x00,0x00,0x00,0x00,0x00,0x00,0x00,0x00,0x08,0xff,0xfe,
0x00,0x00,0x00,0x00,0x00,0x00,0x00,0x00,0x00,0x00,0x00,0x0e,0xff,0xf9,0x00,0x00,0x00,0x00,0x00,0x00,0x00,0x00,0x00,0x00,
0x00,0x4f,0xff,0xf4,0x00,0x00,0x00,0x00,0x00,0x00,0x00,0x00,0x00,0x00,0x00,0xaf,0xff,0xd0,0x00,0x00,0x00,0x00,0x00,0x00,
0x00,0x00,0x00,0x00,0x01,0xef,0xff,0x80,0x00,0x00,0x00,0x00,0x00,0x00,0x00,0x00,0x00,0x00,0x06,0xff,0xff,0x30,0x00,0x00,
0x00,0x00,0x00,0x00,0x00,0x00,0x00,0x00,0x0b,0xff,0xfc,0x00,0x00,0x00,0x00,0x00,0x00,0x00,0x00,0x00,0x00,0x00,0x2f,0xff,
0xf7,0x00,0x00,0x00,0x00,0x00,0x00,0x00,0x00,0x00,0x00,0x00,0x7f,0xff,0xf1,0x00,0x00,0x00,0x00,0x00,0x00,0x00,0x00,0x00,
0x00,0x00,0xdf,0xff,0xb0,0x00,0x00,0x00,0x00,0x00,0x00,0x00,0x00,0x00,0x00,0x03,0xff,0xff,0x50,0x00,0x00,0x00,0x00,0x00,
0x00,0x00,0x00,0x00,0x00,0x09,0xff,0xfe,0x10,0x00,0x00,0x00,0x00,0x00,0x00,0x00,0x00,0x00,0x00,0x0e,0xff,0xfa,0x00,0x00,
0x00,0x00,0x00,0x00,0x00,0x00,0x00,0x00,0x00,0x4f,0xff,0xf4,0x00,0x00,0x00,0x00,0x00,0x00,0x00,0x00,0x00,0x00,0x00,0xaf,
0xff,0xe0,0x00,0x00,0x00,0x00,0x00,0x00,0x00,0x00,0x00,0x00,0x01,0xff,0xff,0x80,0x00,0x00,0x00,0x00,0x00,0x00,0x00,0x00,
0x00,0x00,0x06,0xff,0xff,0x30,0x00,0x00,0x00,0x00,0x00,0x00,0x00,0x00,0x00,0x00,0x0b,0xff,0xfd,0x00,0x00,0x00,0x00,0x00,
0x00,0x00,0x00,0x00,0x00,0x00,0x2f,0xff,0xf7,0x00,0x00,0x00,0x00,0x00,0x00,0x00,0x00,0x00,0x00,0x00,0x7f,0xff,0xf2,0x00,
0x00,0x00,0x00,0x00,0x00,0x00,0x00,0x00,0x00,0x00,0xdf,0xff,0xb0,0x00,0x00,0x00,0x00,0x00,0x00,0x00,0x00,0x00,0x00,0x03,
0xff,0xff,0x60,0x00,0x00,0x00,0x00,0x00,0x00,0x00,0x00,0x00,0x00,0x09,0xff,0xff,0x10,0x00,0x00,0x00,0x00,0x00,0x00,0x00,
0x00,0x00,0x00,0x0e,0xff,0xfa,0x00,0x00,0x00,0x00,0x00,0x00,0x00,0x00,0x00,0x00,0x00,0x5f,0xff,0xf5,0x00,0x00,0x00,0x00,
0x00,0x00,0x00,0x00,0x00,0x00,0x00,0xaf,0xff,0xe0,0x00,0x00,0x00,0x00,0x00,0x00,0x00,0x00,0x00,0x00,0x01,0xff,0xff,0x90,
0x00,0x00,0x00,0x00,0x00,0x00,0x00,0x00,0x00,0x00,0x06,0xff,0xff,0x30,0x00,0x00,0x00,0x00,0x00,0x00,0x00,0x00,0x00,0x00,
0x0c,0xff,0xfd,0x00,0x00,0x00,0x00,0x00,0x00,0x00,0x00,0x00,0x00,0x00,0x2f,0xff,0xf8,0x00,0x00,0x00,0x00,0x00,0x00,0x00,
0x00,0x00,0x00,0x00,0x8f,0xff,0xf2,0x00,0x00,0x00,0x00,0x00,0x00,0x00,0x00,0x00,0x00,0x00,0xdf,0xff,0xc0,0x00,0x00,0x00,
0x00,0x00,0x00,0x00,0x00,0x00,0x00,0x00,0x00,0x00,0x00,0x27,0x8a,0xba,0x86,0x10,0x00,0x00,0x00,0x00,0x00,0x00,0x00,0x00,
0x00,0x00,0x00,0x4b,0xff,0xff,0xff,0xff,0xfa,0x30,0x00,0x00,0x00,0x00,0x00,0x00,0x00,0x00,0x00,0x08,0xff,0xff,0xff,0xff,
0xff,0xff,0xf7,0x00,0x00,0x00,0x00,0x00,0x00,0x00,0x00,0x00,0xbf,0xff,0xff,0xff,0xff,0xff,0xff,0xff,0xa0,0x00,0x00,0x00,
0x00,0x00,0x00,0x00,0x09,0xff,0xff,0xfe,0xb8,0x69,0xbf,0xff,0xff,0xf7,0x00,0x00,0x00,0x00,0x00,0x00,0x00,0x5f,0xff,0xff,
0xb1,0x00,0x00,0x03,0xdf,0xff,0xff,0x30,0x00,0x00,0x00,0x00,0x00,0x00,0xcf,0xff,0xf8,0x00,0x00,0x00,0x00,0x0b,0xff,0xff,
0xa0,0x00,0x00,0x00,0x00,0x00,0x03,0xff,0xff,0xd0,0x00,0x00,0x00,0x00,0x02,0xef,0xff,0xe1,0x00,0x00,0x00,0x00,0x00,0x08,
0xff,0xff,0x50,0x00,0x00,0x00,0x00,0x00,0x8f,0xff,0xf5,0x00,0x00,0x00,0x00,0x00,0x0a,0xff,0xff,0x10,0x00,0x00,0x00,0x00,
0x00,0x4f,0xff,0xf7,0x00,0x00,0x00,0x00,0x00,0x0c,0xff,0xfe,0x00,0x00,0x00,0x00,0x00,0x00,0x2f,0xff,0xf9,0x00,0x00,0x00,
0x00,0x00,0x0d,0xff,0xfc,0x00,0x00,0x00,0x00,0x00,0x00,0x0f,0xff,0xfa,0x00,0x00,0x00,0x00,0x00,0x0d,0xff,0xfc,0x00,0x00,
0x00,0x00,0x00,0x00,0x0f,0xff,0xfa,0x00,0x00,0x00,0x00,0x00,0x0c,0xff,0xfe,0x00,0x00,0x00,0x00,0x00,0x00,0x2f,0xff,0xf9,
0x00,0x00,0x00,0x00,0x00,0x0a,0xff,0xff,0x10,0x00,0x00,0x00,0x00,0x00,0x4f,0xff,0xf7,0x00,0x00,0x00,0x00,0x00,0x08,0xff,
0xff,0x40,0x00,0x00,0x00,0x00,0x00,0x7f,0xff,0xf5,0x00,0x00,0x00,0x00,0x00,0x03,0xff,0xff,0xc0,0x00,0x00,0x00,0x00,0x01,
0xef,0xff,0xe1,0x00,0x00,0x00,0x00,0x00,0x00,0xbf,0xff,0xf7,0x00,0x00,0x00,0x00,0x0a,0xff,0xff,0x80,0x00,0x00,0x00,0x00,
0x00,0x00,0x3f,0xff,0xff,0x91,0x00,0x00,0x02,0xbf,0xff,0xfd,0x10,0x00,0x00,0x00,0x00,0x00,0x00,0x06,0xff,0xff,0xfd,0x96,
0x57,0xae,0xff,0xff,0xe3,0x00,0x00,0x00,0x00,0x00,0x00,0x00,0x00,0x6f,0xff,0xff,0xff,0xff,0xff,0xff,0xfd,0x40,0x00,0x00,
0x00,0x00,0x00,0x00,0x00,0x00,0x02,0xef,0xff,0xff,0xff,0xff,0xff,0xb1,0x00,0x00,0x00,0x00,0x00,0x00,0x00,0x00,0x00,0x2b,
0xff,0xff,0xff,0xff,0xff,0xff,0xf8,0x00,0x00,0x00,0x00,0x00,0x00,0x00,0x00,0x04,0xef,0xff,0xff,0xff,0xef,0xff,0xff,0xff,
0xd2,0x00,0x00,0x00,0x00,0x00,0x00,0x00,0x2e,0xff,0xff,0xd6,0x20,0x00,0x37,0xef,0xff,0xfc,0x10,0x00,0x00,0x00,0x00,0x00,
0x01,0xdf,0xff,0xf9,0x00,0x00,0x00,0x00,0x1b,0xff,0xff,0xa0,0x00,0x00,0x00,0x00,0x00,0x07,0xff,0xff,0xa0,0x00,0x00,0x00,
0x00,0x01,0xcf,0xff,0xf3,0x00,0x00,0x00,0x00,0x00,0x0d,0xff,0xfe,0x10,0x00,0x00,0x00,0x00,0x00,0x3f,0xff,0xf9,0x00,0x00,
0x00,0x00,0x00,0x4f,0xff,0xf7,0x00,0x00,0x00,0x00,0x00,0x00,0x0b,0xff,0xff,0x10,0x00,0x00,0x00,0x00,0x7f,0xff,0xf3,0x00,
0x00,0x00,0x00,0x00,0x00,0x07,0xff,0xff,0x30,0x00,0x00,0x00,0x00,0x9f,0xff,0xf0,0x00,0x00,0x00,0x00,0x00,0x00,0x04,0xff,
0xff,0x50,0x00,0x00,0x00,0x00,0xbf,0xff,0xe0,0x00,0x00,0x00,0x00,0x00,0x00,0x03,0xff,0xff,0x70,0x00,0x00,0x00,0x00,0xcf,
0xff,0xd0,0x00,0x00,0x00,0x00,0x00,0x00,0x02,0xff,0xff,0x80,0x00,0x00,0x00,0x00,0xcf,0xff,0xe0,0x00,0x00,0x00,0x00,0x00,
0x00,0x02,0xff,0xff,0x80,0x00,0x00,0x00,0x00,0xaf,0xff,0xe0,0x00,0x00,0x00,0x00,0x00,0x00,0x03,0xff,0xff,0x60,0x00,0x00,
0x00,0x00,0x8f,0xff,0xf1,0x00,0x00,0x00,0x00,0x00,0x00,0x05,0xff,0xff,0x40,0x00,0x00,0x00,0x00,0x7f,0xff,0xf5,0x00,0x00,
0x00,0x00,0x00,0x00,0x09,0xff,0xff,0x30,0x00,0x00,0x00,0x00,0x3f,0xff,0xfc,0x00,0x00,0x00,0x00,0x00,0x00,0x1e,0xff,0xfd,
0x00,0x00,0x00,0x00,0x00,0x0c,0xff,0xff,0x60,0x00,0x00,0x00,0x00,0x00,0x9f,0xff,0xf8,0x00,0x00,0x00,0x00,0x00,0x06,0xff,
0xff,0xe4,0x00,0x00,0x00,0x00,0x07,0xff,0xff,0xf2,0x00,0x00,0x00,0x00,0x00,0x00,0xcf,0xff,0xff,0x81,0x00,0x00,0x02,0xaf,
0xff,0xff,0x70,0x00,0x00,0x00,0x00,0x00,0x00,0x2e,0xff,0xff,0xff,0xb9,0x89,0xcf,0xff,0xff,0xfb,0x00,0x00,0x00,0x00,0x00,
0x00,0x00,0x04,0xef,0xff,0xff,0xff,0xff,0xff,0xff,0xff,0xb1,0x00,0x00,0x00,0x00,0x00,0x00,0x00,0x00,0x1b,0xff,0xff,0xff,
0xff,0xff,0xff,0xf8,0x00,0x00,0x00,0x00,0x00,0x00,0x00,0x00,0x00,0x00,0x5a,0xff,0xff,0xff,0xff,0xe9,0x30,0x00,0x00,0x00,
0x00,0x00,0x00,0x00,0x00,0x00,0x00,0x00,0x15,0x78,0x98,0x64,0x00,0x00,0x00,0x00,0x00,0x00,0x00,0x00,0x00,0x00,0x00,0x00,
0x01,0x58,0x9b,0xba,0x84,0x10,0x00,0x00,0x00,0x00,0x00,0x00,0x00,0x00,0x00,0x03,0x9e,0xff,0xff,0xff,0xff,0xe8,0x10,0x00,
0x00,0x00,0x00,0x00,0x00,0x00,0x00,0x6f,0xff,0xff,0xff,0xff,0xff,0xff,0xe5,0x00,0x00,0x00,0x00,0x00,0x00,0x00,0x0a,0xff,
0xff,0xff,0xff,0xff,0xff,0xff,0xff,0x70,0x00,0x00,0x00,0x00,0x00,0x00,0x8f,0xff,0xff,0xfb,0x76,0x78,0xdf,0xff,0xff,0xf4,
0x00,0x00,0x00,0x00,0x00,0x04,0xff,0xff,0xfa,0x20,0x00,0x00,0x04,0xdf,0xff,0xfe,0x10,0x00,0x00,0x00,0x00,0x0d,0xff,0xff,
0x80,0x00,0x00,0x00,0x00,0x2d,0xff,0xff,0x80,0x00,0x00,0x00,0x00,0x3f,0xff,0xfd,0x00,0x00,0x00,0x00,0x00,0x05,0xff,0xff,
0xe1,0x00,0x00,0x00,0x00,0x9f,0xff,0xf5,0x00,0x00,0x00,0x00,0x00,0x00,0xcf,0xff,0xf4,0x00,0x00,0x00,0x00,0xdf,0xff,0xd0,
0x00,0x00,0x00,0x00,0x00,0x00,0x5f,0xff,0xf8,0x00,0x00,0x00,0x00,0xff,0xff,0xb0,0x00,0x00,0x00,0x00,0x00,0x00,0x3f,0xff,
0xfa,0x00,0x00,0x00,0x01,0xff,0xff,0x90,0x00,0x00,0x00,0x00,0x00,0x00,0x1f,0xff,0xfb,0x00,0x00,0x00,0x03,0xff,0xff,0x70,
0x00,0x00,0x00,0x00,0x00,0x00,0x0e,0xff,0xfc,0x00,0x00,0x00,0x03,0xff,0xff,0x70,0x00,0x00,0x00,0x00,0x00,0x00,0x0e,0xff,
0xfc,0x00,0x00,0x00,0x03,0xff,0xff,0x70,0x00,0x00,0x00,0x00,0x00,0x00,0x0e,0xff,0xfc,0x00,0x00,0x00,0x03,0xff,0xff,0x80,
0x00,0x00,0x00,0x00,0x00,0x00,0x0f,0xff,0xfc,0x00,0x00,0x00,0x02,0xff,0xff,0xb0,0x00,0x00,0x00,0x00,0x00,0x00,0x2f,0xff,
0xfb,0x00,0x00,0x00,0x01,0xff,0xff,0xd0,0x00,0x00,0x00,0x00,0x00,0x00,0x5f,0xff,0xf9,0x00,0x00,0x00,0x00,0xcf,0xff,0xf3,
0x00,0x00,0x00,0x00,0x00,0x00,0xaf,0xff,0xf5,0x00,0x00,0x00,0x00,0x8f,0xff,0xfc,0x00,0x00,0x00,0x00,0x00,0x03,0xff,0xff,
0xf1,0x00,0x00,0x00,0x00,0x3f,0xff,0xff,0x70,0x00,0x00,0x00,0x00,0x1c,0xff,0xff,0xb0,0x00,0x00,0x00,0x00,0x0b,0xff,0xff,
0xf8,0x10,0x00,0x00,0x03,0xcf,0xff,0xff,0x60,0x00,0x00,0x00,0x00,0x02,0xef,0xff,0xff,0xe9,0x64,0x57,0xbf,0xff,0xff,0xfe,
0x10,0x00,0x00,0x00,0x00,0x00,0x5f,0xff,0xff,0xff,0xff,0xff,0xff,0xff,0xff,0xf8,0x00,0x00,0x00,0x00,0x00,0x00,0x04,0xef,
0xff,0xff,0xff,0xff,0xff,0xff,0xff,0xe1,0x00,0x00,0x00,0x00,0x00,0x00,0x00,0x2a,0xff,0xff,0xff,0xff,0xfe,0xff,0xff,0x80,
0x00,0x00,0x00,0x00,0x00,0x00,0x00,0x00,0x37,0xbd,0xed,0xb8,0x3d,0xff,0xff,0x20,0x00,0x00,0x00,0x00,0x00,0x00,0x00,0x00,
0x00,0x00,0x00,0x00,0x5f,0xff,0xf9,0x00,0x00,0x00,0x00,0x00,0x00,0x00,0x00,0x00,0x00,0x00,0x00,0x00,0xcf,0xff,0xf2,0x00,
0x00,0x00,0x00,0x00,0x00,0x00,0x00,0x00,0x00,0x00,0x00,0x05,0xff,0xff,0x90,0x00,0x00,0x00,0x00,0x00,0x00,0x00,0x00,0x00,
0x00,0x00,0x00,0x0c,0xff,0xff,0x20,0x00,0x00,0x00,0x00,0x00,0x00,0x00,0x00,0x00,0x00,0x00,0x00,0x4f,0xff,0xf9,0x00,0x00,
0x00,0x00,0x00,0x00,0x00,0x00,0x00,0x00,0x00,0x00,0x00,0xcf,0xff,0xf2,0x00,0x00,0x00,0x00,0x00,0x00,0x00,0x00,0x00,0x00,
0x00,0x00,0x04,0xff,0xff,0x90,0x00,0x00,0x00,0x00,0x00,0x00,0x00,0x00,0x00,0x00,0x00,0x00,0x0b,0xff,0xff,0x20,0x00,0x00,
0x00,0x00,0x00,0x00,0x00,0x00,0x00,0x00,0x00,0x00,0x4f,0xff,0xfa,0x00,0x00,0x00,0x00,0x00,0x00,0x00,0x00,0x00,0x00,0x00,
0x00,0x00,0xbf,0xff,0xf2,0x00,0x00,0x00,0x00,0x00,0x00,0x00,0x00,0x00,0x00,0x00,0x00,0x03,0xff,0xff,0xa0,0x00,0x00,0x00,
0x00,0x00,0x00,0x00,0x00,0x00,0x00,0x00,0x00,0x0b,0xff,0xff,0x30,0x00,0x00,0x00,0x00,0x00,0x00,0x00,0x00,0x00,0x00,0x00,
0x00,0x3f,0xff,0xfa,0x00,0x00,0x00,0x00,0x00,0x00,0x00,0x00,0x00,0x00,0x00,0x00,0x00,0xaf,0xff,0xf3,0x00,0x00,0x00,0x00,
0x00,0x00,0x00,0x00,0x00,0x00,0x00,0x00,0x03,0xff,0xff,0xa0,0x00,0x00,0x00,0x00,0x00,0x00,0x00,0x00,0x00,0x00,0x00,0x00,
0x0a,0xff,0xff,0x30,0x00,0x00,0x00,0x00,0x00,0x00,0x00,0x00,0x00,0x00,0x00,0x00,0x2f,0xff,0xfb,0x00,0x00,0x00,0x00,0x00,
0x00,0x00,0x00,0x00,0x00,0x00,0x00,0x00,0xaf,0xff,0xf3,0x00,0x00,0x00,0x00,0x00,0x00,0x00,0x00,0x00,0x05,0x88,0x88,0x80,
0x00,0x00,0x09,0xff,0xff,0xf0,0x00,0x00,0x09,0xff,0xff,0xf0,0x00,0x00,0x09,0xff,0xff,0xf0,0x00,0x00,0x09,0xff,0xff,0xf0,
0x00,0x00,0x09,0xff,0xff,0xf0,0x00,0x00,0x03,0x66,0x66,0x60,0x00,0x00,0x00,0x00,0x00,0x00,0x00,0x00,0x00,0x00,0x00,0x00,
0x00,0x00,0x00,0x00,0x00,0x00,0x00,0x00,0x00,0x00,0x00,0x00,0x00,0x00,0x00,0x00,0x00,0x00,0x00,0x00,0x00,0x00,0x00,0x00,
0x00,0x00,0x00,0x00,0x00,0x00,0x00,0x00,0x00,0x00,0x00,0x00,0x00,0x00,0x00,0x00,0x00,0x00,0x00,0x00,0x00,0x00,0x00,0x00,
0x00,0x00,0x00,0x00,0x00,0x00,0x00,0x00,0x00,0x00,0x00,0x00,0x00,0x00,0x00,0x00,0x00,0x00,0x00,0x00,0x00,0x00,0x00,0x00,
0x00,0x00,0x00,0x00,0x00,0x00,0x00,0x00,0x08,0xdd,0xdd,0xd0,0x00,0x00,0x09,0xff,0xff,0xf0,0x00,0x00,0x09,0xff,0xff,0xf0,
0x00,0x00,0x09,0xff,0xff,0xf0,0x00,0x00,0x09,0xff,0xff,0xf0,0x00,0x00,0x09,0xff,0xff,0xf0,0x00,
};
#endif

static const lv_font_fmt_txt_glyph_dsc_t product_number_64_glyphs[]={
{.bitmap_index=0,.adv_w=0,.box_w=0,.box_h=0,.ofs_x=0,.ofs_y=0},
{.bitmap_index=0,.adv_w=224,.box_w=14,.box_h=0,.ofs_x=0,.ofs_y=0},
{.bitmap_index=0,.adv_w=528,.box_w=33,.box_h=45,.ofs_x=0,.ofs_y=0},
{.bitmap_index=765,.adv_w=528,.box_w=33,.box_h=31,.ofs_x=0,.ofs_y=0},
{.bitmap_index=1292,.adv_w=176,.box_w=11,.box_h=15,.ofs_x=0,.ofs_y=-9},
{.bitmap_index=1382,.adv_w=400,.box_w=25,.box_h=25,.ofs_x=0,.ofs_y=0},
{.bitmap_index=1707,.adv_w=192,.box_w=12,.box_h=6,.ofs_x=0,.ofs_y=0},
{.bitmap_index=1743,.adv_w=400,.box_w=25,.box_h=46,.ofs_x=0,.ofs_y=-1},
{.bitmap_index=2341,.adv_w=528,.box_w=32,.box_h=46,.ofs_x=0,.ofs_y=-1},
{.bitmap_index=3077,.adv_w=528,.box_w=21,.box_h=45,.ofs_x=6,.ofs_y=0},
{.bitmap_index=3572,.adv_w=528,.box_w=30,.box_h=45,.ofs_x=1,.ofs_y=0},
{.bitmap_index=4247,.adv_w=528,.box_w=32,.box_h=46,.ofs_x=0,.ofs_y=-1},
{.bitmap_index=4983,.adv_w=528,.box_w=32,.box_h=45,.ofs_x=0,.ofs_y=0},
{.bitmap_index=5703,.adv_w=528,.box_w=31,.box_h=46,.ofs_x=1,.ofs_y=-1},
{.bitmap_index=6439,.adv_w=528,.box_w=32,.box_h=46,.ofs_x=0,.ofs_y=-1},
{.bitmap_index=7175,.adv_w=528,.box_w=28,.box_h=45,.ofs_x=2,.ofs_y=0},
{.bitmap_index=7805,.adv_w=528,.box_w=33,.box_h=46,.ofs_x=0,.ofs_y=-1},
{.bitmap_index=8587,.adv_w=528,.box_w=32,.box_h=45,.ofs_x=0,.ofs_y=0},
{.bitmap_index=9307,.adv_w=192,.box_w=12,.box_h=28,.ofs_x=0,.ofs_y=0},
};

static lv_font_fmt_txt_dsc_t product_number_64_dsc={
#if !NOODOE_PRODUCT
.glyph_bitmap=product_number_64_bitmap,
#endif
.glyph_dsc=product_number_64_glyphs,.cmaps=product_number_20_map,.cmap_num=1,.bpp=4,.bitmap_format=0,.stride=1};

const lv_font_t product_number_64={.get_glyph_dsc=lv_font_get_glyph_dsc_fmt_txt,.get_glyph_bitmap=lv_font_get_bitmap_fmt_txt,.line_height=58,.base_line=11,.dsc=&product_number_64_dsc};

#if !NOODOE_PRODUCT
static const uint8_t product_number_160_bitmap[]={
0x00,0x00,0x00,0x00,0x00,0x00,0x00,0x00,0x00,0x00,0x00,0x00,0x00,0x00,0x00,0x03,0x68,0xac,0xde,0xef,0xee,0xdc,0xa8,0x62,
0x00,0x00,0x00,0x00,0x00,0x00,0x00,0x00,0x00,0x00,0x00,0x00,0x00,0x00,0x00,0x00,0x00,0x00,0x00,0x00,0x00,0x00,0x00,0x00,
0x00,0x00,0x00,0x00,0x00,0x01,0x6b,0xef,0xff,0xff,0xff,0xff,0xff,0xff,0xff,0xff,0xea,0x51,0x00,0x00,0x00,0x00,0x00,0x00,
0x00,0x00,0x00,0x00,0x00,0x00,0x00,0x00,0x00,0x00,0x00,0x00,0x00,0x00,0x00,0x00,0x00,0x00,0x00,0x00,0x03,0xbf,0xff,0xff,
0xff,0xff,0xff,0xff,0xff,0xff,0xff,0xff,0xff,0xfe,0x92,0x00,0x00,0x00,0x00,0x00,0x00,0x00,0x00,0x00,0x00,0x00,0x00,0x00,
0x00,0x00,0x00,0x00,0x00,0x00,0x00,0x00,0x00,0x00,0x00,0x03,0xbf,0xff,0xff,0xff,0xff,0xff,0xff,0xff,0xff,0xff,0xff,0xff,
0xff,0xff,0xff,0xa2,0x00,0x00,0x00,0x00,0x00,0x00,0x00,0x00,0x00,0x00,0x00,0x00,0x00,0x00,0x00,0x00,0x00,0x00,0x00,0x00,
0x00,0x00,0x01,0x8f,0xff,0xff,0xff,0xff,0xff,0xff,0xff,0xff,0xff,0xff,0xff,0xff,0xff,0xff,0xff,0xfe,0x60,0x00,0x00,0x00,
0x00,0x00,0x00,0x00,0x00,0x00,0x00,0x00,0x00,0x00,0x00,0x00,0x00,0x00,0x00,0x00,0x00,0x00,0x2c,0xff,0xff,0xff,0xff,0xff,
0xff,0xff,0xff,0xff,0xff,0xff,0xff,0xff,0xff,0xff,0xff,0xff,0xfa,0x10,0x00,0x00,0x00,0x00,0x00,0x00,0x00,0x00,0x00,0x00,
0x00,0x00,0x00,0x00,0x00,0x00,0x00,0x00,0x00,0x03,0xef,0xff,0xff,0xff,0xff,0xff,0xff,0xff,0xff,0xff,0xff,0xff,0xff,0xff,
0xff,0xff,0xff,0xff,0xff,0xc2,0x00,0x00,0x00,0x00,0x00,0x00,0x00,0x00,0x00,0x00,0x00,0x00,0x00,0x00,0x00,0x00,0x00,0x00,
0x00,0x3e,0xff,0xff,0xff,0xff,0xff,0xff,0xff,0xff,0xff,0xff,0xff,0xff,0xff,0xff,0xff,0xff,0xff,0xff,0xff,0xfd,0x10,0x00,
0x00,0x00,0x00,0x00,0x00,0x00,0x00,0x00,0x00,0x00,0x00,0x00,0x00,0x00,0x00,0x00,0x02,0xef,0xff,0xff,0xff,0xff,0xff,0xff,
0xff,0xff,0xff,0xff,0xff,0xff,0xff,0xff,0xff,0xff,0xff,0xff,0xff,0xff,0xc1,0x00,0x00,0x00,0x00,0x00,0x00,0x00,0x00,0x00,
0x00,0x00,0x00,0x00,0x00,0x00,0x00,0x00,0x0c,0xff,0xff,0xff,0xff,0xff,0xff,0xff,0xff,0xff,0xff,0xff,0xff,0xff,0xff,0xff,
0xff,0xff,0xff,0xff,0xff,0xff,0xfa,0x00,0x00,0x00,0x00,0x00,0x00,0x00,0x00,0x00,0x00,0x00,0x00,0x00,0x00,0x00,0x00,0x00,
0x9f,0xff,0xff,0xff,0xff,0xff,0xff,0xff,0xff,0xfe,0xcb,0xa9,0xab,0xde,0xff,0xff,0xff,0xff,0xff,0xff,0xff,0xff,0xff,0x60,
0x00,0x00,0x00,0x00,0x00,0x00,0x00,0x00,0x00,0x00,0x00,0x00,0x00,0x00,0x00,0x03,0xff,0xff,0xff,0xff,0xff,0xff,0xff,0xff,
0xc7,0x20,0x00,0x00,0x00,0x00,0x38,0xdf,0xff,0xff,0xff,0xff,0xff,0xff,0xff,0xe1,0x00,0x00,0x00,0x00,0x00,0x00,0x00,0x00,
0x00,0x00,0x00,0x00,0x00,0x00,0x00,0x0c,0xff,0xff,0xff,0xff,0xff,0xff,0xff,0xb2,0x00,0x00,0x00,0x00,0x00,0x00,0x00,0x04,
0xdf,0xff,0xff,0xff,0xff,0xff,0xff,0xf9,0x00,0x00,0x00,0x00,0x00,0x00,0x00,0x00,0x00,0x00,0x00,0x00,0x00,0x00,0x00,0x5f,
0xff,0xff,0xff,0xff,0xff,0xff,0xe6,0x00,0x00,0x00,0x00,0x00,0x00,0x00,0x00,0x00,0x18,0xff,0xff,0xff,0xff,0xff,0xff,0xff,
0x30,0x00,0x00,0x00,0x00,0x00,0x00,0x00,0x00,0x00,0x00,0x00,0x00,0x00,0x00,0xcf,0xff,0xff,0xff,0xff,0xff,0xfe,0x20,0x00,
0x00,0x00,0x00,0x00,0x00,0x00,0x00,0x00,0x00,0x5f,0xff,0xff,0xff,0xff,0xff,0xff,0xa0,0x00,0x00,0x00,0x00,0x00,0x00,0x00,
0x00,0x00,0x00,0x00,0x00,0x00,0x04,0xff,0xff,0xff,0xff,0xff,0xff,0xf4,0x00,0x00,0x00,0x00,0x00,0x00,0x00,0x00,0x00,0x00,
0x00,0x07,0xff,0xff,0xff,0xff,0xff,0xff,0xf1,0x00,0x00,0x00,0x00,0x00,0x00,0x00,0x00,0x00,0x00,0x00,0x00,0x00,0x0a,0xff,
0xff,0xff,0xff,0xff,0xff,0x60,0x00,0x00,0x00,0x00,0x00,0x00,0x00,0x00,0x00,0x00,0x00,0x00,0x9f,0xff,0xff,0xff,0xff,0xff,
0xf7,0x00,0x00,0x00,0x00,0x00,0x00,0x00,0x00,0x00,0x00,0x00,0x00,0x00,0x1e,0xff,0xff,0xff,0xff,0xff,0xfc,0x00,0x00,0x00,
0x00,0x00,0x00,0x00,0x00,0x00,0x00,0x00,0x00,0x00,0x1e,0xff,0xff,0xff,0xff,0xff,0xfc,0x00,0x00,0x00,0x00,0x00,0x00,0x00,
0x00,0x00,0x00,0x00,0x00,0x00,0x5f,0xff,0xff,0xff,0xff,0xff,0xf4,0x00,0x00,0x00,0x00,0x00,0x00,0x00,0x00,0x00,0x00,0x00,
0x00,0x00,0x07,0xff,0xff,0xff,0xff,0xff,0xff,0x20,0x00,0x00,0x00,0x00,0x00,0x00,0x00,0x00,0x00,0x00,0x00,0x00,0x9f,0xff,
0xff,0xff,0xff,0xff,0xc0,0x00,0x00,0x00,0x00,0x00,0x00,0x00,0x00,0x00,0x00,0x00,0x00,0x00,0x01,0xef,0xff,0xff,0xff,0xff,
0xff,0x70,0x00,0x00,0x00,0x00,0x00,0x00,0x00,0x00,0x00,0x00,0x00,0x00,0xdf,0xff,0xff,0xff,0xff,0xff,0x70,0x00,0x00,0x00,
0x00,0x00,0x00,0x00,0x00,0x00,0x00,0x00,0x00,0x00,0x00,0x9f,0xff,0xff,0xff,0xff,0xff,0xb0,0x00,0x00,0x00,0x00,0x00,0x00,
0x00,0x00,0x00,0x00,0x00,0x02,0xff,0xff,0xff,0xff,0xff,0xff,0x20,0x00,0x00,0x00,0x00,0x00,0x00,0x00,0x00,0x00,0x00,0x00,
0x00,0x00,0x00,0x4f,0xff,0xff,0xff,0xff,0xff,0xe0,0x00,0x00,0x00,0x00,0x00,0x00,0x00,0x00,0x00,0x00,0x00,0x05,0xff,0xff,
0xff,0xff,0xff,0xfc,0x00,0x00,0x00,0x00,0x00,0x00,0x00,0x00,0x00,0x00,0x00,0x00,0x00,0x00,0x00,0x0e,0xff,0xff,0xff,0xff,
0xff,0xf3,0x00,0x00,0x00,0x00,0x00,0x00,0x00,0x00,0x00,0x00,0x00,0x08,0xff,0xff,0xff,0xff,0xff,0xf9,0x00,0x00,0x00,0x00,
0x00,0x00,0x00,0x00,0x00,0x00,0x00,0x00,0x00,0x00,0x00,0x0b,0xff,0xff,0xff,0xff,0xff,0xf6,0x00,0x00,0x00,0x00,0x00,0x00,
0x00,0x00,0x00,0x00,0x00,0x0a,0xff,0xff,0xff,0xff,0xff,0xf5,0x00,0x00,0x00,0x00,0x00,0x00,0x00,0x00,0x00,0x00,0x00,0x00,
0x00,0x00,0x00,0x08,0xff,0xff,0xff,0xff,0xff,0xf8,0x00,0x00,0x00,0x00,0x00,0x00,0x00,0x00,0x00,0x00,0x00,0x0d,0xff,0xff,
0xff,0xff,0xff,0xf2,0x00,0x00,0x00,0x00,0x00,0x00,0x00,0x00,0x00,0x00,0x00,0x00,0x00,0x00,0x00,0x05,0xff,0xff,0xff,0xff,
0xff,0xfa,0x00,0x00,0x00,0x00,0x00,0x00,0x00,0x00,0x00,0x00,0x00,0x0f,0xff,0xff,0xff,0xff,0xff,0xf0,0x00,0x00,0x00,0x00,
0x00,0x00,0x00,0x00,0x00,0x00,0x00,0x00,0x00,0x00,0x00,0x02,0xff,0xff,0xff,0xff,0xff,0xfd,0x00,0x00,0x00,0x00,0x00,0x00,
0x00,0x00,0x00,0x00,0x00,0x1f,0xff,0xff,0xff,0xff,0xff,0xd0,0x00,0x00,0x00,0x00,0x00,0x00,0x00,0x00,0x00,0x00,0x00,0x00,
0x00,0x00,0x00,0x00,0xff,0xff,0xff,0xff,0xff,0xfe,0x00,0x00,0x00,0x00,0x00,0x00,0x00,0x00,0x00,0x00,0x00,0x3f,0xff,0xff,
0xff,0xff,0xff,0xb0,0x00,0x00,0x00,0x00,0x00,0x00,0x00,0x00,0x00,0x00,0x00,0x00,0x00,0x00,0x00,0x00,0xdf,0xff,0xff,0xff,
0xff,0xff,0x00,0x00,0x00,0x00,0x00,0x00,0x00,0x00,0x00,0x00,0x00,0x4f,0xff,0xff,0xff,0xff,0xff,0x90,0x00,0x00,0x00,0x00,
0x00,0x00,0x00,0x00,0x00,0x00,0x00,0x00,0x00,0x00,0x00,0x00,0xbf,0xff,0xff,0xff,0xff,0xff,0x20,0x00,0x00,0x00,0x00,0x00,
0x00,0x00,0x00,0x00,0x00,0x5f,0xff,0xff,0xff,0xff,0xff,0x80,0x00,0x00,0x00,0x00,0x00,0x00,0x00,0x00,0x00,0x00,0x00,0x00,
0x00,0x00,0x00,0x00,0xaf,0xff,0xff,0xff,0xff,0xff,0x30,0x00,0x00,0x00,0x00,0x00,0x00,0x00,0x00,0x00,0x00,0x6f,0xff,0xff,
0xff,0xff,0xff,0x70,0x00,0x00,0x00,0x00,0x00,0x00,0x00,0x00,0x00,0x00,0x00,0x00,0x00,0x00,0x00,0x00,0x9f,0xff,0xff,0xff,
0xff,0xff,0x30,0x00,0x00,0x00,0x00,0x00,0x00,0x00,0x00,0x00,0x00,0x6f,0xff,0xff,0xff,0xff,0xff,0x60,0x00,0x00,0x00,0x00,
0x00,0x00,0x00,0x00,0x00,0x00,0x00,0x00,0x00,0x00,0x00,0x00,0x8f,0xff,0xff,0xff,0xff,0xff,0x40,0x00,0x00,0x00,0x00,0x00,
0x00,0x00,0x00,0x00,0x00,0x6f,0xff,0xff,0xff,0xff,0xff,0x50,0x00,0x00,0x00,0x00,0x00,0x00,0x00,0x00,0x00,0x00,0x00,0x00,
0x00,0x00,0x00,0x00,0x7f,0xff,0xff,0xff,0xff,0xff,0x40,0x00,0x00,0x00,0x00,0x00,0x00,0x00,0x00,0x00,0x00,0x7f,0xff,0xff,
0xff,0xff,0xff,0x40,0x00,0x00,0x00,0x00,0x00,0x00,0x00,0x00,0x00,0x00,0x00,0x00,0x00,0x00,0x00,0x00,0x6f,0xff,0xff,0xff,
0xff,0xff,0x50,0x00,0x00,0x00,0x00,0x00,0x00,0x00,0x00,0x00,0x00,0x7f,0xff,0xff,0xff,0xff,0xff,0x40,0x00,0x00,0x00,0x00,
0x00,0x00,0x00,0x00,0x00,0x00,0x00,0x00,0x00,0x00,0x00,0x00,0x6f,0xff,0xff,0xff,0xff,0xff,0x50,0x00,0x00,0x00,0x00,0x00,
0x00,0x00,0x00,0x00,0x00,0x7f,0xff,0xff,0xff,0xff,0xff,0x40,0x00,0x00,0x00,0x00,0x00,0x00,0x00,0x00,0x00,0x00,0x00,0x00,
0x00,0x00,0x00,0x00,0x6f,0xff,0xff,0xff,0xff,0xff,0x50,0x00,0x00,0x00,0x00,0x00,0x00,0x00,0x00,0x00,0x00,0x7f,0xff,0xff,
0xff,0xff,0xff,0x40,0x00,0x00,0x00,0x00,0x00,0x00,0x00,0x00,0x00,0x00,0x00,0x00,0x00,0x00,0x00,0x00,0x5f,0xff,0xff,0xff,
0xff,0xff,0x50,0x00,0x00,0x00,0x00,0x00,0x00,0x00,0x00,0x00,0x00,0x7f,0xff,0xff,0xff,0xff,0xff,0x30,0x00,0x00,0x00,0x00,
0x00,0x00,0x00,0x00,0x00,0x00,0x00,0x00,0x00,0x00,0x00,0x00,0x5f,0xff,0xff,0xff,0xff,0xff,0x50,0x00,0x00,0x00,0x00,0x00,
0x00,0x00,0x00,0x00,0x00,0x7f,0xff,0xff,0xff,0xff,0xff,0x30,0x00,0x00,0x00,0x00,0x00,0x00,0x00,0x00,0x00,0x00,0x00,0x00,
0x00,0x00,0x00,0x00,0x5f,0xff,0xff,0xff,0xff,0xff,0x50,0x00,0x00,0x00,0x00,0x00,0x00,0x00,0x00,0x00,0x00,0x7f,0xff,0xff,
0xff,0xff,0xff,0x30,0x00,0x00,0x00,0x00,0x00,0x00,0x00,0x00,0x00,0x00,0x00,0x00,0x00,0x00,0x00,0x00,0x5f,0xff,0xff,0xff,
0xff,0xff,0x50,0x00,0x00,0x00,0x00,0x00,0x00,0x00,0x00,0x00,0x00,0x7f,0xff,0xff,0xff,0xff,0xff,0x30,0x00,0x00,0x00,0x00,
0x00,0x00,0x00,0x00,0x00,0x00,0x00,0x00,0x00,0x00,0x00,0x00,0x5f,0xff,0xff,0xff,0xff,0xff,0x50,0x00,0x00,0x00,0x00,0x00,
0x00,0x00,0x00,0x00,0x00,0x7f,0xff,0xff,0xff,0xff,0xff,0x30,0x00,0x00,0x00,0x00,0x00,0x00,0x00,0x00,0x00,0x00,0x00,0x00,
0x00,0x00,0x00,0x00,0x5f,0xff,0xff,0xff,0xff,0xff,0x50,0x00,0x00,0x00,0x00,0x00,0x00,0x00,0x00,0x00,0x00,0x7f,0xff,0xff,
0xff,0xff,0xff,0x30,0x00,0x00,0x00,0x00,0x00,0x00,0x00,0x00,0x00,0x00,0x00,0x00,0x00,0x00,0x00,0x00,0x5f,0xff,0xff,0xff,
0xff,0xff,0x50,0x00,0x00,0x00,0x00,0x00,0x00,0x00,0x00,0x00,0x00,0x7f,0xff,0xff,0xff,0xff,0xff,0x30,0x00,0x00,0x00,0x00,
0x00,0x00,0x00,0x00,0x00,0x00,0x00,0x00,0x00,0x00,0x00,0x00,0x5f,0xff,0xff,0xff,0xff,0xff,0x50,0x00,0x00,0x00,0x00,0x00,
0x00,0x00,0x00,0x00,0x00,0x7f,0xff,0xff,0xff,0xff,0xff,0x30,0x00,0x00,0x00,0x00,0x00,0x00,0x00,0x00,0x00,0x00,0x00,0x00,
0x00,0x00,0x00,0x00,0x5f,0xff,0xff,0xff,0xff,0xff,0x50,0x00,0x00,0x00,0x00,0x00,0x00,0x00,0x00,0x00,0x00,0x7f,0xff,0xff,
0xff,0xff,0xff,0x30,0x00,0x00,0x00,0x00,0x00,0x00,0x00,0x00,0x00,0x00,0x00,0x00,0x00,0x00,0x00,0x00,0x5f,0xff,0xff,0xff,
0xff,0xff,0x50,0x00,0x00,0x00,0x00,0x00,0x00,0x00,0x00,0x00,0x00,0x7f,0xff,0xff,0xff,0xff,0xff,0x30,0x00,0x00,0x00,0x00,
0x00,0x00,0x00,0x00,0x00,0x00,0x00,0x00,0x00,0x00,0x00,0x00,0x5f,0xff,0xff,0xff,0xff,0xff,0x50,0x00,0x00,0x00,0x00,0x00,
0x00,0x00,0x00,0x00,0x00,0x7f,0xff,0xff,0xff,0xff,0xff,0x30,0x00,0x00,0x00,0x00,0x00,0x00,0x00,0x00,0x00,0x00,0x00,0x00,
0x00,0x00,0x00,0x00,0x5f,0xff,0xff,0xff,0xff,0xff,0x50,0x00,0x00,0x00,0x00,0x00,0x00,0x00,0x00,0x00,0x00,0x7f,0xff,0xff,
0xff,0xff,0xff,0x30,0x00,0x00,0x00,0x00,0x00,0x00,0x00,0x00,0x00,0x00,0x00,0x00,0x00,0x00,0x00,0x00,0x5f,0xff,0xff,0xff,
0xff,0xff,0x50,0x00,0x00,0x00,0x00,0x00,0x00,0x00,0x00,0x00,0x00,0x7f,0xff,0xff,0xff,0xff,0xff,0x30,0x00,0x00,0x00,0x00,
0x00,0x00,0x00,0x00,0x00,0x00,0x00,0x00,0x00,0x00,0x00,0x00,0x5f,0xff,0xff,0xff,0xff,0xff,0x50,0x00,0x00,0x00,0x00,0x00,
0x00,0x00,0x00,0x00,0x00,0x7f,0xff,0xff,0xff,0xff,0xff,0x30,0x00,0x00,0x00,0x00,0x00,0x00,0x00,0x00,0x00,0x00,0x00,0x00,
0x00,0x00,0x00,0x00,0x5f,0xff,0xff,0xff,0xff,0xff,0x50,0x00,0x00,0x00,0x00,0x00,0x00,0x00,0x00,0x00,0x00,0x7f,0xff,0xff,
0xff,0xff,0xff,0x30,0x00,0x00,0x00,0x00,0x00,0x00,0x00,0x00,0x00,0x00,0x00,0x00,0x00,0x00,0x00,0x00,0x5f,0xff,0xff,0xff,
0xff,0xff,0x50,0x00,0x00,0x00,0x00,0x00,0x00,0x00,0x00,0x00,0x00,0x7f,0xff,0xff,0xff,0xff,0xff,0x30,0x00,0x00,0x00,0x00,
0x00,0x00,0x00,0x00,0x00,0x00,0x00,0x00,0x00,0x00,0x00,0x00,0x5f,0xff,0xff,0xff,0xff,0xff,0x50,0x00,0x00,0x00,0x00,0x00,
0x00,0x00,0x00,0x00,0x00,0x7f,0xff,0xff,0xff,0xff,0xff,0x30,0x00,0x00,0x00,0x00,0x00,0x00,0x00,0x00,0x00,0x00,0x00,0x00,
0x00,0x00,0x00,0x00,0x5f,0xff,0xff,0xff,0xff,0xff,0x50,0x00,0x00,0x00,0x00,0x00,0x00,0x00,0x00,0x00,0x00,0x7f,0xff,0xff,
0xff,0xff,0xff,0x30,0x00,0x00,0x00,0x00,0x00,0x00,0x00,0x00,0x00,0x00,0x00,0x00,0x00,0x00,0x00,0x00,0x5f,0xff,0xff,0xff,
0xff,0xff,0x50,0x00,0x00,0x00,0x00,0x00,0x00,0x00,0x00,0x00,0x00,0x7f,0xff,0xff,0xff,0xff,0xff,0x30,0x00,0x00,0x00,0x00,
0x00,0x00,0x00,0x00,0x00,0x00,0x00,0x00,0x00,0x00,0x00,0x00,0x5f,0xff,0xff,0xff,0xff,0xff,0x50,0x00,0x00,0x00,0x00,0x00,
0x00,0x00,0x00,0x00,0x00,0x7f,0xff,0xff,0xff,0xff,0xff,0x30,0x00,0x00,0x00,0x00,0x00,0x00,0x00,0x00,0x00,0x00,0x00,0x00,
0x00,0x00,0x00,0x00,0x5f,0xff,0xff,0xff,0xff,0xff,0x50,0x00,0x00,0x00,0x00,0x00,0x00,0x00,0x00,0x00,0x00,0x7f,0xff,0xff,
0xff,0xff,0xff,0x30,0x00,0x00,0x00,0x00,0x00,0x00,0x00,0x00,0x00,0x00,0x00,0x00,0x00,0x00,0x00,0x00,0x5f,0xff,0xff,0xff,
0xff,0xff,0x50,0x00,0x00,0x00,0x00,0x00,0x00,0x00,0x00,0x00,0x00,0x7f,0xff,0xff,0xff,0xff,0xff,0x30,0x00,0x00,0x00,0x00,
0x00,0x00,0x00,0x00,0x00,0x00,0x00,0x00,0x00,0x00,0x00,0x00,0x5f,0xff,0xff,0xff,0xff,0xff,0x50,0x00,0x00,0x00,0x00,0x00,
0x00,0x00,0x00,0x00,0x00,0x7f,0xff,0xff,0xff,0xff,0xff,0x30,0x00,0x00,0x00,0x00,0x00,0x00,0x00,0x00,0x00,0x00,0x00,0x00,
0x00,0x00,0x00,0x00,0x5f,0xff,0xff,0xff,0xff,0xff,0x50,0x00,0x00,0x00,0x00,0x00,0x00,0x00,0x00,0x00,0x00,0x7f,0xff,0xff,
0xff,0xff,0xff,0x30,0x00,0x00,0x00,0x00,0x00,0x00,0x00,0x00,0x00,0x00,0x00,0x00,0x00,0x00,0x00,0x00,0x5f,0xff,0xff,0xff,
0xff,0xff,0x50,0x00,0x00,0x00,0x00,0x00,0x00,0x00,0x00,0x00,0x00,0x7f,0xff,0xff,0xff,0xff,0xff,0x30,0x00,0x00,0x00,0x00,
0x00,0x00,0x00,0x00,0x00,0x00,0x00,0x00,0x00,0x00,0x00,0x00,0x5f,0xff,0xff,0xff,0xff,0xff,0x50,0x00,0x00,0x00,0x00,0x00,
0x00,0x00,0x00,0x00,0x00,0x7f,0xff,0xff,0xff,0xff,0xff,0x30,0x00,0x00,0x00,0x00,0x00,0x00,0x00,0x00,0x00,0x00,0x00,0x00,
0x00,0x00,0x00,0x00,0x5f,0xff,0xff,0xff,0xff,0xff,0x50,0x00,0x00,0x00,0x00,0x00,0x00,0x00,0x00,0x00,0x00,0x7f,0xff,0xff,
0xff,0xff,0xff,0x30,0x00,0x00,0x00,0x00,0x00,0x00,0x00,0x00,0x00,0x00,0x00,0x00,0x00,0x00,0x00,0x00,0x5f,0xff,0xff,0xff,
0xff,0xff,0x50,0x00,0x00,0x00,0x00,0x00,0x00,0x00,0x00,0x00,0x00,0x7f,0xff,0xff,0xff,0xff,0xff,0x30,0x00,0x00,0x00,0x00,
0x00,0x00,0x00,0x00,0x00,0x00,0x00,0x00,0x00,0x00,0x00,0x00,0x5f,0xff,0xff,0xff,0xff,0xff,0x50,0x00,0x00,0x00,0x00,0x00,
0x00,0x00,0x00,0x00,0x00,0x7f,0xff,0xff,0xff,0xff,0xff,0x30,0x00,0x00,0x00,0x00,0x00,0x00,0x00,0x00,0x00,0x00,0x00,0x00,
0x00,0x00,0x00,0x00,0x5f,0xff,0xff,0xff,0xff,0xff,0x50,0x00,0x00,0x00,0x00,0x00,0x00,0x00,0x00,0x00,0x00,0x7f,0xff,0xff,
0xff,0xff,0xff,0x30,0x00,0x00,0x00,0x00,0x00,0x00,0x00,0x00,0x00,0x00,0x00,0x00,0x00,0x00,0x00,0x00,0x5f,0xff,0xff,0xff,
0xff,0xff,0x50,0x00,0x00,0x00,0x00,0x00,0x00,0x00,0x00,0x00,0x00,0x7f,0xff,0xff,0xff,0xff,0xff,0x30,0x00,0x00,0x00,0x00,
0x00,0x00,0x00,0x00,0x00,0x00,0x00,0x00,0x00,0x00,0x00,0x00,0x5f,0xff,0xff,0xff,0xff,0xff,0x50,0x00,0x00,0x00,0x00,0x00,
0x00,0x00,0x00,0x00,0x00,0x7f,0xff,0xff,0xff,0xff,0xff,0x30,0x00,0x00,0x00,0x00,0x00,0x00,0x00,0x00,0x00,0x00,0x00,0x00,
0x00,0x00,0x00,0x00,0x5f,0xff,0xff,0xff,0xff,0xff,0x50,0x00,0x00,0x00,0x00,0x00,0x00,0x00,0x00,0x00,0x00,0x7f,0xff,0xff,
0xff,0xff,0xff,0x30,0x00,0x00,0x00,0x00,0x00,0x00,0x00,0x00,0x00,0x00,0x00,0x00,0x00,0x00,0x00,0x00,0x5f,0xff,0xff,0xff,
0xff,0xff,0x50,0x00,0x00,0x00,0x00,0x00,0x00,0x00,0x00,0x00,0x00,0x7f,0xff,0xff,0xff,0xff,0xff,0x30,0x00,0x00,0x00,0x00,
0x00,0x00,0x00,0x00,0x00,0x00,0x00,0x00,0x00,0x00,0x00,0x00,0x5f,0xff,0xff,0xff,0xff,0xff,0x50,0x00,0x00,0x00,0x00,0x00,
0x00,0x00,0x00,0x00,0x00,0x7f,0xff,0xff,0xff,0xff,0xff,0x30,0x00,0x00,0x00,0x00,0x00,0x00,0x00,0x00,0x00,0x00,0x00,0x00,
0x00,0x00,0x00,0x00,0x5f,0xff,0xff,0xff,0xff,0xff,0x50,0x00,0x00,0x00,0x00,0x00,0x00,0x00,0x00,0x00,0x00,0x7f,0xff,0xff,
0xff,0xff,0xff,0x30,0x00,0x00,0x00,0x00,0x00,0x00,0x00,0x00,0x00,0x00,0x00,0x00,0x00,0x00,0x00,0x00,0x5f,0xff,0xff,0xff,
0xff,0xff,0x50,0x00,0x00,0x00,0x00,0x00,0x00,0x00,0x00,0x00,0x00,0x7f,0xff,0xff,0xff,0xff,0xff,0x30,0x00,0x00,0x00,0x00,
0x00,0x00,0x00,0x00,0x00,0x00,0x00,0x00,0x00,0x00,0x00,0x00,0x5f,0xff,0xff,0xff,0xff,0xff,0x50,0x00,0x00,0x00,0x00,0x00,
0x00,0x00,0x00,0x00,0x00,0x7f,0xff,0xff,0xff,0xff,0xff,0x30,0x00,0x00,0x00,0x00,0x00,0x00,0x00,0x00,0x00,0x00,0x00,0x00,
0x00,0x00,0x00,0x00,0x5f,0xff,0xff,0xff,0xff,0xff,0x50,0x00,0x00,0x00,0x00,0x00,0x00,0x00,0x00,0x00,0x00,0x7f,0xff,0xff,
0xff,0xff,0xff,0x40,0x00,0x00,0x00,0x00,0x00,0x00,0x00,0x00,0x00,0x00,0x00,0x00,0x00,0x00,0x00,0x00,0x6f,0xff,0xff,0xff,
0xff,0xff,0x50,0x00,0x00,0x00,0x00,0x00,0x00,0x00,0x00,0x00,0x00,0x7f,0xff,0xff,0xff,0xff,0xff,0x40,0x00,0x00,0x00,0x00,
0x00,0x00,0x00,0x00,0x00,0x00,0x00,0x00,0x00,0x00,0x00,0x00,0x6f,0xff,0xff,0xff,0xff,0xff,0x50,0x00,0x00,0x00,0x00,0x00,
0x00,0x00,0x00,0x00,0x00,0x7f,0xff,0xff,0xff,0xff,0xff,0x40,0x00,0x00,0x00,0x00,0x00,0x00,0x00,0x00,0x00,0x00,0x00,0x00,
0x00,0x00,0x00,0x00,0x6f,0xff,0xff,0xff,0xff,0xff,0x50,0x00,0x00,0x00,0x00,0x00,0x00,0x00,0x00,0x00,0x00,0x6f,0xff,0xff,
0xff,0xff,0xff,0x40,0x00,0x00,0x00,0x00,0x00,0x00,0x00,0x00,0x00,0x00,0x00,0x00,0x00,0x00,0x00,0x00,0x6f,0xff,0xff,0xff,
0xff,0xff,0x40,0x00,0x00,0x00,0x00,0x00,0x00,0x00,0x00,0x00,0x00,0x6f,0xff,0xff,0xff,0xff,0xff,0x50,0x00,0x00,0x00,0x00,
0x00,0x00,0x00,0x00,0x00,0x00,0x00,0x00,0x00,0x00,0x00,0x00,0x7f,0xff,0xff,0xff,0xff,0xff,0x40,0x00,0x00,0x00,0x00,0x00,
0x00,0x00,0x00,0x00,0x00,0x6f,0xff,0xff,0xff,0xff,0xff,0x60,0x00,0x00,0x00,0x00,0x00,0x00,0x00,0x00,0x00,0x00,0x00,0x00,
0x00,0x00,0x00,0x00,0x8f,0xff,0xff,0xff,0xff,0xff,0x30,0x00,0x00,0x00,0x00,0x00,0x00,0x00,0x00,0x00,0x00,0x5f,0xff,0xff,
0xff,0xff,0xff,0x70,0x00,0x00,0x00,0x00,0x00,0x00,0x00,0x00,0x00,0x00,0x00,0x00,0x00,0x00,0x00,0x00,0x9f,0xff,0xff,0xff,
0xff,0xff,0x30,0x00,0x00,0x00,0x00,0x00,0x00,0x00,0x00,0x00,0x00,0x4f,0xff,0xff,0xff,0xff,0xff,0x80,0x00,0x00,0x00,0x00,
0x00,0x00,0x00,0x00,0x00,0x00,0x00,0x00,0x00,0x00,0x00,0x00,0xaf,0xff,0xff,0xff,0xff,0xff,0x20,0x00,0x00,0x00,0x00,0x00,
0x00,0x00,0x00,0x00,0x00,0x3f,0xff,0xff,0xff,0xff,0xff,0xa0,0x00,0x00,0x00,0x00,0x00,0x00,0x00,0x00,0x00,0x00,0x00,0x00,
0x00,0x00,0x00,0x00,0xcf,0xff,0xff,0xff,0xff,0xff,0x00,0x00,0x00,0x00,0x00,0x00,0x00,0x00,0x00,0x00,0x00,0x1f,0xff,0xff,
0xff,0xff,0xff,0xb0,0x00,0x00,0x00,0x00,0x00,0x00,0x00,0x00,0x00,0x00,0x00,0x00,0x00,0x00,0x00,0x00,0xef,0xff,0xff,0xff,
0xff,0xfe,0x00,0x00,0x00,0x00,0x00,0x00,0x00,0x00,0x00,0x00,0x00,0x0f,0xff,0xff,0xff,0xff,0xff,0xd0,0x00,0x00,0x00,0x00,
0x00,0x00,0x00,0x00,0x00,0x00,0x00,0x00,0x00,0x00,0x00,0x01,0xff,0xff,0xff,0xff,0xff,0xfd,0x00,0x00,0x00,0x00,0x00,0x00,
0x00,0x00,0x00,0x00,0x00,0x0d,0xff,0xff,0xff,0xff,0xff,0xf1,0x00,0x00,0x00,0x00,0x00,0x00,0x00,0x00,0x00,0x00,0x00,0x00,
0x00,0x00,0x00,0x03,0xff,0xff,0xff,0xff,0xff,0xfb,0x00,0x00,0x00,0x00,0x00,0x00,0x00,0x00,0x00,0x00,0x00,0x0b,0xff,0xff,
0xff,0xff,0xff,0xf3,0x00,0x00,0x00,0x00,0x00,0x00,0x00,0x00,0x00,0x00,0x00,0x00,0x00,0x00,0x00,0x06,0xff,0xff,0xff,0xff,
0xff,0xf8,0x00,0x00,0x00,0x00,0x00,0x00,0x00,0x00,0x00,0x00,0x00,0x08,0xff,0xff,0xff,0xff,0xff,0xf7,0x00,0x00,0x00,0x00,
0x00,0x00,0x00,0x00,0x00,0x00,0x00,0x00,0x00,0x00,0x00,0x09,0xff,0xff,0xff,0xff,0xff,0xf6,0x00,0x00,0x00,0x00,0x00,0x00,
0x00,0x00,0x00,0x00,0x00,0x06,0xff,0xff,0xff,0xff,0xff,0xfa,0x00,0x00,0x00,0x00,0x00,0x00,0x00,0x00,0x00,0x00,0x00,0x00,
0x00,0x00,0x00,0x0c,0xff,0xff,0xff,0xff,0xff,0xf3,0x00,0x00,0x00,0x00,0x00,0x00,0x00,0x00,0x00,0x00,0x00,0x02,0xff,0xff,
0xff,0xff,0xff,0xfe,0x00,0x00,0x00,0x00,0x00,0x00,0x00,0x00,0x00,0x00,0x00,0x00,0x00,0x00,0x00,0x2f,0xff,0xff,0xff,0xff,
0xff,0xf0,0x00,0x00,0x00,0x00,0x00,0x00,0x00,0x00,0x00,0x00,0x00,0x00,0xef,0xff,0xff,0xff,0xff,0xff,0x30,0x00,0x00,0x00,
0x00,0x00,0x00,0x00,0x00,0x00,0x00,0x00,0x00,0x00,0x00,0x6f,0xff,0xff,0xff,0xff,0xff,0xc0,0x00,0x00,0x00,0x00,0x00,0x00,
0x00,0x00,0x00,0x00,0x00,0x00,0xbf,0xff,0xff,0xff,0xff,0xff,0x90,0x00,0x00,0x00,0x00,0x00,0x00,0x00,0x00,0x00,0x00,0x00,
0x00,0x00,0x00,0xbf,0xff,0xff,0xff,0xff,0xff,0x80,0x00,0x00,0x00,0x00,0x00,0x00,0x00,0x00,0x00,0x00,0x00,0x00,0x6f,0xff,
0xff,0xff,0xff,0xff,0xe1,0x00,0x00,0x00,0x00,0x00,0x00,0x00,0x00,0x00,0x00,0x00,0x00,0x00,0x03,0xff,0xff,0xff,0xff,0xff,
0xff,0x40,0x00,0x00,0x00,0x00,0x00,0x00,0x00,0x00,0x00,0x00,0x00,0x00,0x1f,0xff,0xff,0xff,0xff,0xff,0xf7,0x00,0x00,0x00,
0x00,0x00,0x00,0x00,0x00,0x00,0x00,0x00,0x00,0x00,0x0a,0xff,0xff,0xff,0xff,0xff,0xfe,0x00,0x00,0x00,0x00,0x00,0x00,0x00,
0x00,0x00,0x00,0x00,0x00,0x00,0x0c,0xff,0xff,0xff,0xff,0xff,0xfe,0x10,0x00,0x00,0x00,0x00,0x00,0x00,0x00,0x00,0x00,0x00,
0x00,0x00,0x3f,0xff,0xff,0xff,0xff,0xff,0xf9,0x00,0x00,0x00,0x00,0x00,0x00,0x00,0x00,0x00,0x00,0x00,0x00,0x00,0x06,0xff,
0xff,0xff,0xff,0xff,0xff,0xb0,0x00,0x00,0x00,0x00,0x00,0x00,0x00,0x00,0x00,0x00,0x00,0x01,0xdf,0xff,0xff,0xff,0xff,0xff,
0xf3,0x00,0x00,0x00,0x00,0x00,0x00,0x00,0x00,0x00,0x00,0x00,0x00,0x00,0x01,0xef,0xff,0xff,0xff,0xff,0xff,0xf9,0x00,0x00,
0x00,0x00,0x00,0x00,0x00,0x00,0x00,0x00,0x00,0x0c,0xff,0xff,0xff,0xff,0xff,0xff,0xc0,0x00,0x00,0x00,0x00,0x00,0x00,0x00,
0x00,0x00,0x00,0x00,0x00,0x00,0x00,0x8f,0xff,0xff,0xff,0xff,0xff,0xff,0x70,0x00,0x00,0x00,0x00,0x00,0x00,0x00,0x00,0x00,
0x01,0xaf,0xff,0xff,0xff,0xff,0xff,0xff,0x50,0x00,0x00,0x00,0x00,0x00,0x00,0x00,0x00,0x00,0x00,0x00,0x00,0x00,0x00,0x1e,
0xff,0xff,0xff,0xff,0xff,0xff,0xfb,0x20,0x00,0x00,0x00,0x00,0x00,0x00,0x00,0x00,0x4d,0xff,0xff,0xff,0xff,0xff,0xff,0xfc,
0x00,0x00,0x00,0x00,0x00,0x00,0x00,0x00,0x00,0x00,0x00,0x00,0x00,0x00,0x00,0x07,0xff,0xff,0xff,0xff,0xff,0xff,0xff,0xe8,
0x20,0x00,0x00,0x00,0x00,0x00,0x00,0x4a,0xff,0xff,0xff,0xff,0xff,0xff,0xff,0xf4,0x00,0x00,0x00,0x00,0x00,0x00,0x00,0x00,
0x00,0x00,0x00,0x00,0x00,0x00,0x00,0x00,0xdf,0xff,0xff,0xff,0xff,0xff,0xff,0xff,0xfd,0x84,0x32,0x00,0x12,0x35,0x9e,0xff,
0xff,0xff,0xff,0xff,0xff,0xff,0xff,0xb0,0x00,0x00,0x00,0x00,0x00,0x00,0x00,0x00,0x00,0x00,0x00,0x00,0x00,0x00,0x00,0x00,
0x3f,0xff,0xff,0xff,0xff,0xff,0xff,0xff,0xff,0xff,0xff,0xff,0xff,0xff,0xff,0xff,0xff,0xff,0xff,0xff,0xff,0xff,0xfe,0x10,
0x00,0x00,0x00,0x00,0x00,0x00,0x00,0x00,0x00,0x00,0x00,0x00,0x00,0x00,0x00,0x00,0x07,0xff,0xff,0xff,0xff,0xff,0xff,0xff,
0xff,0xff,0xff,0xff,0xff,0xff,0xff,0xff,0xff,0xff,0xff,0xff,0xff,0xff,0xf4,0x00,0x00,0x00,0x00,0x00,0x00,0x00,0x00,0x00,
0x00,0x00,0x00,0x00,0x00,0x00,0x00,0x00,0x00,0x9f,0xff,0xff,0xff,0xff,0xff,0xff,0xff,0xff,0xff,0xff,0xff,0xff,0xff,0xff,
0xff,0xff,0xff,0xff,0xff,0xff,0x60,0x00,0x00,0x00,0x00,0x00,0x00,0x00,0x00,0x00,0x00,0x00,0x00,0x00,0x00,0x00,0x00,0x00,
0x00,0x0a,0xff,0xff,0xff,0xff,0xff,0xff,0xff,0xff,0xff,0xff,0xff,0xff,0xff,0xff,0xff,0xff,0xff,0xff,0xff,0xf7,0x00,0x00,
0x00,0x00,0x00,0x00,0x00,0x00,0x00,0x00,0x00,0x00,0x00,0x00,0x00,0x00,0x00,0x00,0x00,0x00,0x8f,0xff,0xff,0xff,0xff,0xff,
0xff,0xff,0xff,0xff,0xff,0xff,0xff,0xff,0xff,0xff,0xff,0xff,0xff,0x60,0x00,0x00,0x00,0x00,0x00,0x00,0x00,0x00,0x00,0x00,
0x00,0x00,0x00,0x00,0x00,0x00,0x00,0x00,0x00,0x00,0x06,0xef,0xff,0xff,0xff,0xff,0xff,0xff,0xff,0xff,0xff,0xff,0xff,0xff,
0xff,0xff,0xff,0xff,0xd4,0x00,0x00,0x00,0x00,0x00,0x00,0x00,0x00,0x00,0x00,0x00,0x00,0x00,0x00,0x00,0x00,0x00,0x00,0x00,
0x00,0x00,0x00,0x2b,0xff,0xff,0xff,0xff,0xff,0xff,0xff,0xff,0xff,0xff,0xff,0xff,0xff,0xff,0xff,0xf9,0x10,0x00,0x00,0x00,
0x00,0x00,0x00,0x00,0x00,0x00,0x00,0x00,0x00,0x00,0x00,0x00,0x00,0x00,0x00,0x00,0x00,0x00,0x00,0x00,0x5c,0xff,0xff,0xff,
0xff,0xff,0xff,0xff,0xff,0xff,0xff,0xff,0xff,0xff,0xfa,0x30,0x00,0x00,0x00,0x00,0x00,0x00,0x00,0x00,0x00,0x00,0x00,0x00,
0x00,0x00,0x00,0x00,0x00,0x00,0x00,0x00,0x00,0x00,0x00,0x00,0x00,0x4a,0xef,0xff,0xff,0xff,0xff,0xff,0xff,0xff,0xff,0xff,
0xff,0xe9,0x30,0x00,0x00,0x00,0x00,0x00,0x00,0x00,0x00,0x00,0x00,0x00,0x00,0x00,0x00,0x00,0x00,0x00,0x00,0x00,0x00,0x00,
0x00,0x00,0x00,0x00,0x00,0x00,0x15,0x9c,0xff,0xff,0xff,0xff,0xff,0xff,0xff,0xeb,0x84,0x00,0x00,0x00,0x00,0x00,0x00,0x00,
0x00,0x00,0x00,0x00,0x00,0x00,0x00,0x00,0x00,0x00,0x00,0x00,0x00,0x00,0x00,0x00,0x00,0x00,0x00,0x00,0x00,0x00,0x00,0x00,
0x13,0x46,0x78,0x99,0x88,0x76,0x42,0x00,0x00,0x00,0x00,0x00,0x00,0x00,0x00,0x00,0x00,0x00,0x00,0x00,0x00,0x00,0x00,0x00,
0x00,0x00,0x00,0x00,0x00,0x00,0x00,0x00,0x00,0x00,0x00,0x00,0x00,0x26,0x66,0x66,0x66,0x66,0x66,0x30,0x00,0x00,0x00,0x00,
0x00,0x00,0x00,0x00,0x00,0x00,0x00,0x00,0x00,0x00,0x00,0x00,0x00,0x00,0x00,0x05,0xef,0xff,0xff,0xff,0xff,0xff,0x80,0x00,
0x00,0x00,0x00,0x00,0x00,0x00,0x00,0x00,0x00,0x00,0x00,0x00,0x00,0x00,0x00,0x00,0x00,0x00,0x8f,0xff,0xff,0xff,0xff,0xff,
0xff,0x80,0x00,0x00,0x00,0x00,0x00,0x00,0x00,0x00,0x00,0x00,0x00,0x00,0x00,0x00,0x00,0x00,0x00,0x00,0x2c,0xff,0xff,0xff,
0xff,0xff,0xff,0xff,0x80,0x00,0x00,0x00,0x00,0x00,0x00,0x00,0x00,0x00,0x00,0x00,0x00,0x00,0x00,0x00,0x00,0x00,0x04,0xef,
0xff,0xff,0xff,0xff,0xff,0xff,0xff,0x80,0x00,0x00,0x00,0x00,0x00,0x00,0x00,0x00,0x00,0x00,0x00,0x00,0x00,0x00,0x00,0x00,
0x00,0x7f,0xff,0xff,0xff,0xff,0xff,0xff,0xff,0xff,0x80,0x00,0x00,0x00,0x00,0x00,0x00,0x00,0x00,0x00,0x00,0x00,0x00,0x00,
0x00,0x00,0x00,0x1a,0xff,0xff,0xff,0xff,0xff,0xff,0xff,0xff,0xff,0x80,0x00,0x00,0x00,0x00,0x00,0x00,0x00,0x00,0x00,0x00,
0x00,0x00,0x00,0x00,0x00,0x03,0xdf,0xff,0xff,0xff,0xff,0xff,0xff,0xff,0xff,0xff,0x80,0x00,0x00,0x00,0x00,0x00,0x00,0x00,
0x00,0x00,0x00,0x00,0x00,0x00,0x00,0x00,0x6f,0xff,0xff,0xff,0xff,0xff,0xff,0xff,0xff,0xff,0xff,0x80,0x00,0x00,0x00,0x00,
0x00,0x00,0x00,0x00,0x00,0x00,0x00,0x00,0x00,0x00,0x09,0xff,0xff,0xff,0xff,0xff,0xff,0xff,0xff,0xff,0xff,0xff,0x80,0x00,
0x00,0x00,0x00,0x00,0x00,0x00,0x00,0x00,0x00,0x00,0x00,0x00,0x02,0xcf,0xff,0xff,0xff,0xff,0xff,0xff,0xff,0xff,0xff,0xff,
0xff,0x80,0x00,0x00,0x00,0x00,0x00,0x00,0x00,0x00,0x00,0x00,0x00,0x00,0x00,0x5e,0xff,0xff,0xff,0xff,0xff,0xff,0xff,0xff,
0xff,0xff,0xff,0xff,0x80,0x00,0x00,0x00,0x00,0x00,0x00,0x00,0x00,0x00,0x00,0x00,0x00,0x08,0xff,0xff,0xff,0xff,0xff,0xff,
0xff,0xff,0xff,0xff,0xff,0xff,0xff,0x80,0x00,0x00,0x00,0x00,0x00,0x00,0x00,0x00,0x00,0x00,0x00,0x01,0xbf,0xff,0xff,0xff,
0xff,0xff,0xff,0xff,0xff,0xff,0xff,0xff,0xff,0xff,0x80,0x00,0x00,0x00,0x00,0x00,0x00,0x00,0x00,0x00,0x00,0x00,0x3d,0xff,
0xff,0xff,0xff,0xff,0xff,0xff,0xff,0x7f,0xff,0xff,0xff,0xff,0xff,0x80,0x00,0x00,0x00,0x00,0x00,0x00,0x00,0x00,0x00,0x00,
0x00,0xff,0xff,0xff,0xff,0xff,0xff,0xff,0xff,0xd3,0x0f,0xff,0xff,0xff,0xff,0xff,0x80,0x00,0x00,0x00,0x00,0x00,0x00,0x00,
0x00,0x00,0x00,0x00,0xff,0xff,0xff,0xff,0xff,0xff,0xff,0xfa,0x10,0x0f,0xff,0xff,0xff,0xff,0xff,0x80,0x00,0x00,0x00,0x00,
0x00,0x00,0x00,0x00,0x00,0x00,0x00,0xff,0xff,0xff,0xff,0xff,0xff,0xff,0x70,0x00,0x0f,0xff,0xff,0xff,0xff,0xff,0x80,0x00,
0x00,0x00,0x00,0x00,0x00,0x00,0x00,0x00,0x00,0x00,0xff,0xff,0xff,0xff,0xff,0xff,0xd3,0x00,0x00,0x0f,0xff,0xff,0xff,0xff,
0xff,0x80,0x00,0x00,0x00,0x00,0x00,0x00,0x00,0x00,0x00,0x00,0x00,0xff,0xff,0xff,0xff,0xff,0xfa,0x10,0x00,0x00,0x0f,0xff,
0xff,0xff,0xff,0xff,0x80,0x00,0x00,0x00,0x00,0x00,0x00,0x00,0x00,0x00,0x00,0x00,0xff,0xff,0xff,0xff,0xff,0x60,0x00,0x00,
0x00,0x0f,0xff,0xff,0xff,0xff,0xff,0x80,0x00,0x00,0x00,0x00,0x00,0x00,0x00,0x00,0x00,0x00,0x00,0xff,0xff,0xff,0xff,0xd3,
0x00,0x00,0x00,0x00,0x0f,0xff,0xff,0xff,0xff,0xff,0x80,0x00,0x00,0x00,0x00,0x00,0x00,0x00,0x00,0x00,0x00,0x00,0xff,0xff,
0xff,0xfa,0x10,0x00,0x00,0x00,0x00,0x0f,0xff,0xff,0xff,0xff,0xff,0x80,0x00,0x00,0x00,0x00,0x00,0x00,0x00,0x00,0x00,0x00,
0x00,0xff,0xff,0xff,0x60,0x00,0x00,0x00,0x00,0x00,0x0f,0xff,0xff,0xff,0xff,0xff,0x80,0x00,0x00,0x00,0x00,0x00,0x00,0x00,
0x00,0x00,0x00,0x00,0xff,0xff,0xd3,0x00,0x00,0x00,0x00,0x00,0x00,0x0f,0xff,0xff,0xff,0xff,0xff,0x80,0x00,0x00,0x00,0x00,
0x00,0x00,0x00,0x00,0x00,0x00,0x00,0xff,0xfa,0x10,0x00,0x00,0x00,0x00,0x00,0x00,0x0f,0xff,0xff,0xff,0xff,0xff,0x80,0x00,
0x00,0x00,0x00,0x00,0x00,0x00,0x00,0x00,0x00,0x00,0xff,0x60,0x00,0x00,0x00,0x00,0x00,0x00,0x00,0x0f,0xff,0xff,0xff,0xff,
0xff,0x80,0x00,0x00,0x00,0x00,0x00,0x00,0x00,0x00,0x00,0x00,0x00,0xd3,0x00,0x00,0x00,0x00,0x00,0x00,0x00,0x00,0x0f,0xff,
0xff,0xff,0xff,0xff,0x80,0x00,0x00,0x00,0x00,0x00,0x00,0x00,0x00,0x00,0x00,0x00,0x10,0x00,0x00,0x00,0x00,0x00,0x00,0x00,
0x00,0x0f,0xff,0xff,0xff,0xff,0xff,0x80,0x00,0x00,0x00,0x00,0x00,0x00,0x00,0x00,0x00,0x00,0x00,0x00,0x00,0x00,0x00,0x00,
0x00,0x00,0x00,0x00,0x0f,0xff,0xff,0xff,0xff,0xff,0x80,0x00,0x00,0x00,0x00,0x00,0x00,0x00,0x00,0x00,0x00,0x00,0x00,0x00,
0x00,0x00,0x00,0x00,0x00,0x00,0x00,0x0f,0xff,0xff,0xff,0xff,0xff,0x80,0x00,0x00,0x00,0x00,0x00,0x00,0x00,0x00,0x00,0x00,
0x00,0x00,0x00,0x00,0x00,0x00,0x00,0x00,0x00,0x00,0x0f,0xff,0xff,0xff,0xff,0xff,0x80,0x00,0x00,0x00,0x00,0x00,0x00,0x00,
0x00,0x00,0x00,0x00,0x00,0x00,0x00,0x00,0x00,0x00,0x00,0x00,0x00,0x0f,0xff,0xff,0xff,0xff,0xff,0x80,0x00,0x00,0x00,0x00,
0x00,0x00,0x00,0x00,0x00,0x00,0x00,0x00,0x00,0x00,0x00,0x00,0x00,0x00,0x00,0x00,0x0f,0xff,0xff,0xff,0xff,0xff,0x80,0x00,
0x00,0x00,0x00,0x00,0x00,0x00,0x00,0x00,0x00,0x00,0x00,0x00,0x00,0x00,0x00,0x00,0x00,0x00,0x00,0x0f,0xff,0xff,0xff,0xff,
0xff,0x80,0x00,0x00,0x00,0x00,0x00,0x00,0x00,0x00,0x00,0x00,0x00,0x00,0x00,0x00,0x00,0x00,0x00,0x00,0x00,0x00,0x0f,0xff,
0xff,0xff,0xff,0xff,0x80,0x00,0x00,0x00,0x00,0x00,0x00,0x00,0x00,0x00,0x00,0x00,0x00,0x00,0x00,0x00,0x00,0x00,0x00,0x00,
0x00,0x0f,0xff,0xff,0xff,0xff,0xff,0x80,0x00,0x00,0x00,0x00,0x00,0x00,0x00,0x00,0x00,0x00,0x00,0x00,0x00,0x00,0x00,0x00,
0x00,0x00,0x00,0x00,0x0f,0xff,0xff,0xff,0xff,0xff,0x80,0x00,0x00,0x00,0x00,0x00,0x00,0x00,0x00,0x00,0x00,0x00,0x00,0x00,
0x00,0x00,0x00,0x00,0x00,0x00,0x00,0x0f,0xff,0xff,0xff,0xff,0xff,0x80,0x00,0x00,0x00,0x00,0x00,0x00,0x00,0x00,0x00,0x00,
0x00,0x00,0x00,0x00,0x00,0x00,0x00,0x00,0x00,0x00,0x0f,0xff,0xff,0xff,0xff,0xff,0x80,0x00,0x00,0x00,0x00,0x00,0x00,0x00,
0x00,0x00,0x00,0x00,0x00,0x00,0x00,0x00,0x00,0x00,0x00,0x00,0x00,0x0f,0xff,0xff,0xff,0xff,0xff,0x80,0x00,0x00,0x00,0x00,
0x00,0x00,0x00,0x00,0x00,0x00,0x00,0x00,0x00,0x00,0x00,0x00,0x00,0x00,0x00,0x00,0x0f,0xff,0xff,0xff,0xff,0xff,0x80,0x00,
0x00,0x00,0x00,0x00,0x00,0x00,0x00,0x00,0x00,0x00,0x00,0x00,0x00,0x00,0x00,0x00,0x00,0x00,0x00,0x0f,0xff,0xff,0xff,0xff,
0xff,0x80,0x00,0x00,0x00,0x00,0x00,0x00,0x00,0x00,0x00,0x00,0x00,0x00,0x00,0x00,0x00,0x00,0x00,0x00,0x00,0x00,0x0f,0xff,
0xff,0xff,0xff,0xff,0x80,0x00,0x00,0x00,0x00,0x00,0x00,0x00,0x00,0x00,0x00,0x00,0x00,0x00,0x00,0x00,0x00,0x00,0x00,0x00,
0x00,0x0f,0xff,0xff,0xff,0xff,0xff,0x80,0x00,0x00,0x00,0x00,0x00,0x00,0x00,0x00,0x00,0x00,0x00,0x00,0x00,0x00,0x00,0x00,
0x00,0x00,0x00,0x00,0x0f,0xff,0xff,0xff,0xff,0xff,0x80,0x00,0x00,0x00,0x00,0x00,0x00,0x00,0x00,0x00,0x00,0x00,0x00,0x00,
0x00,0x00,0x00,0x00,0x00,0x00,0x00,0x0f,0xff,0xff,0xff,0xff,0xff,0x80,0x00,0x00,0x00,0x00,0x00,0x00,0x00,0x00,0x00,0x00,
0x00,0x00,0x00,0x00,0x00,0x00,0x00,0x00,0x00,0x00,0x0f,0xff,0xff,0xff,0xff,0xff,0x80,0x00,0x00,0x00,0x00,0x00,0x00,0x00,
0x00,0x00,0x00,0x00,0x00,0x00,0x00,0x00,0x00,0x00,0x00,0x00,0x00,0x0f,0xff,0xff,0xff,0xff,0xff,0x80,0x00,0x00,0x00,0x00,
0x00,0x00,0x00,0x00,0x00,0x00,0x00,0x00,0x00,0x00,0x00,0x00,0x00,0x00,0x00,0x00,0x0f,0xff,0xff,0xff,0xff,0xff,0x80,0x00,
0x00,0x00,0x00,0x00,0x00,0x00,0x00,0x00,0x00,0x00,0x00,0x00,0x00,0x00,0x00,0x00,0x00,0x00,0x00,0x0f,0xff,0xff,0xff,0xff,
0xff,0x80,0x00,0x00,0x00,0x00,0x00,0x00,0x00,0x00,0x00,0x00,0x00,0x00,0x00,0x00,0x00,0x00,0x00,0x00,0x00,0x00,0x0f,0xff,
0xff,0xff,0xff,0xff,0x80,0x00,0x00,0x00,0x00,0x00,0x00,0x00,0x00,0x00,0x00,0x00,0x00,0x00,0x00,0x00,0x00,0x00,0x00,0x00,
0x00,0x0f,0xff,0xff,0xff,0xff,0xff,0x80,0x00,0x00,0x00,0x00,0x00,0x00,0x00,0x00,0x00,0x00,0x00,0x00,0x00,0x00,0x00,0x00,
0x00,0x00,0x00,0x00,0x0f,0xff,0xff,0xff,0xff,0xff,0x80,0x00,0x00,0x00,0x00,0x00,0x00,0x00,0x00,0x00,0x00,0x00,0x00,0x00,
0x00,0x00,0x00,0x00,0x00,0x00,0x00,0x0f,0xff,0xff,0xff,0xff,0xff,0x80,0x00,0x00,0x00,0x00,0x00,0x00,0x00,0x00,0x00,0x00,
0x00,0x00,0x00,0x00,0x00,0x00,0x00,0x00,0x00,0x00,0x0f,0xff,0xff,0xff,0xff,0xff,0x80,0x00,0x00,0x00,0x00,0x00,0x00,0x00,
0x00,0x00,0x00,0x00,0x00,0x00,0x00,0x00,0x00,0x00,0x00,0x00,0x00,0x0f,0xff,0xff,0xff,0xff,0xff,0x80,0x00,0x00,0x00,0x00,
0x00,0x00,0x00,0x00,0x00,0x00,0x00,0x00,0x00,0x00,0x00,0x00,0x00,0x00,0x00,0x00,0x0f,0xff,0xff,0xff,0xff,0xff,0x80,0x00,
0x00,0x00,0x00,0x00,0x00,0x00,0x00,0x00,0x00,0x00,0x00,0x00,0x00,0x00,0x00,0x00,0x00,0x00,0x00,0x0f,0xff,0xff,0xff,0xff,
0xff,0x80,0x00,0x00,0x00,0x00,0x00,0x00,0x00,0x00,0x00,0x00,0x00,0x00,0x00,0x00,0x00,0x00,0x00,0x00,0x00,0x00,0x0f,0xff,
0xff,0xff,0xff,0xff,0x80,0x00,0x00,0x00,0x00,0x00,0x00,0x00,0x00,0x00,0x00,0x00,0x00,0x00,0x00,0x00,0x00,0x00,0x00,0x00,
0x00,0x0f,0xff,0xff,0xff,0xff,0xff,0x80,0x00,0x00,0x00,0x00,0x00,0x00,0x00,0x00,0x00,0x00,0x00,0x00,0x00,0x00,0x00,0x00,
0x00,0x00,0x00,0x00,0x0f,0xff,0xff,0xff,0xff,0xff,0x80,0x00,0x00,0x00,0x00,0x00,0x00,0x00,0x00,0x00,0x00,0x00,0x00,0x00,
0x00,0x00,0x00,0x00,0x00,0x00,0x00,0x0f,0xff,0xff,0xff,0xff,0xff,0x80,0x00,0x00,0x00,0x00,0x00,0x00,0x00,0x00,0x00,0x00,
0x00,0x00,0x00,0x00,0x00,0x00,0x00,0x00,0x00,0x00,0x0f,0xff,0xff,0xff,0xff,0xff,0x80,0x00,0x00,0x00,0x00,0x00,0x00,0x00,
0x00,0x00,0x00,0x00,0x00,0x00,0x00,0x00,0x00,0x00,0x00,0x00,0x00,0x0f,0xff,0xff,0xff,0xff,0xff,0x80,0x00,0x00,0x00,0x00,
0x00,0x00,0x00,0x00,0x00,0x00,0x00,0x00,0x00,0x00,0x00,0x00,0x00,0x00,0x00,0x00,0x0f,0xff,0xff,0xff,0xff,0xff,0x80,0x00,
0x00,0x00,0x00,0x00,0x00,0x00,0x00,0x00,0x00,0x00,0x00,0x00,0x00,0x00,0x00,0x00,0x00,0x00,0x00,0x0f,0xff,0xff,0xff,0xff,
0xff,0x80,0x00,0x00,0x00,0x00,0x00,0x00,0x00,0x00,0x00,0x00,0x00,0x00,0x00,0x00,0x00,0x00,0x00,0x00,0x00,0x00,0x0f,0xff,
0xff,0xff,0xff,0xff,0x80,0x00,0x00,0x00,0x00,0x00,0x00,0x00,0x00,0x00,0x00,0x00,0x00,0x00,0x00,0x00,0x00,0x00,0x00,0x00,
0x00,0x0f,0xff,0xff,0xff,0xff,0xff,0x80,0x00,0x00,0x00,0x00,0x00,0x00,0x00,0x00,0x00,0x00,0x00,0x00,0x00,0x00,0x00,0x00,
0x00,0x00,0x00,0x00,0x0f,0xff,0xff,0xff,0xff,0xff,0x80,0x00,0x00,0x00,0x00,0x00,0x00,0x00,0x00,0x00,0x00,0x00,0x00,0x00,
0x00,0x00,0x00,0x00,0x00,0x00,0x00,0x0f,0xff,0xff,0xff,0xff,0xff,0x80,0x00,0x00,0x00,0x00,0x00,0x00,0x00,0x00,0x00,0x00,
0x00,0x00,0x00,0x00,0x00,0x00,0x00,0x00,0x00,0x00,0x0f,0xff,0xff,0xff,0xff,0xff,0x80,0x00,0x00,0x00,0x00,0x00,0x00,0x00,
0x00,0x00,0x00,0x00,0x00,0x00,0x00,0x00,0x00,0x00,0x00,0x00,0x00,0x0f,0xff,0xff,0xff,0xff,0xff,0x80,0x00,0x00,0x00,0x00,
0x00,0x00,0x00,0x00,0x00,0x00,0x00,0x00,0x00,0x00,0x00,0x00,0x00,0x00,0x00,0x00,0x0f,0xff,0xff,0xff,0xff,0xff,0x80,0x00,
0x00,0x00,0x00,0x00,0x00,0x00,0x00,0x00,0x00,0x00,0x00,0x00,0x00,0x00,0x00,0x00,0x00,0x00,0x00,0x0f,0xff,0xff,0xff,0xff,
0xff,0x80,0x00,0x00,0x00,0x00,0x00,0x00,0x00,0x00,0x00,0x00,0x00,0x00,0x00,0x00,0x00,0x00,0x00,0x00,0x00,0x00,0x0f,0xff,
0xff,0xff,0xff,0xff,0x80,0x00,0x00,0x00,0x00,0x00,0x00,0x00,0x00,0x00,0x00,0x00,0x00,0x00,0x00,0x00,0x00,0x00,0x00,0x00,
0x00,0x0f,0xff,0xff,0xff,0xff,0xff,0x80,0x00,0x00,0x00,0x00,0x00,0x00,0x00,0x00,0x00,0x00,0x00,0x00,0x00,0x00,0x00,0x00,
0x00,0x00,0x00,0x00,0x0f,0xff,0xff,0xff,0xff,0xff,0x80,0x00,0x00,0x00,0x00,0x00,0x00,0x00,0x00,0x00,0x00,0x00,0x00,0x00,
0x00,0x00,0x00,0x00,0x00,0x00,0x00,0x0f,0xff,0xff,0xff,0xff,0xff,0x80,0x00,0x00,0x00,0x00,0x00,0x00,0x00,0x00,0x00,0x00,
0x00,0x00,0x00,0x00,0x00,0x00,0x00,0x00,0x00,0x00,0x0f,0xff,0xff,0xff,0xff,0xff,0x80,0x00,0x00,0x00,0x00,0x00,0x00,0x00,
0x00,0x00,0x00,0x00,0x00,0x00,0x00,0x00,0x00,0x00,0x00,0x00,0x00,0x0f,0xff,0xff,0xff,0xff,0xff,0x80,0x00,0x00,0x00,0x00,
0x00,0x00,0x00,0x00,0x00,0x00,0x00,0x00,0x00,0x00,0x00,0x00,0x00,0x00,0x00,0x00,0x0f,0xff,0xff,0xff,0xff,0xff,0x80,0x00,
0x00,0x00,0x00,0x00,0x00,0x00,0x00,0x00,0x00,0x00,0x00,0x00,0x00,0x00,0x00,0x00,0x00,0x00,0x00,0x0f,0xff,0xff,0xff,0xff,
0xff,0x80,0x00,0x00,0x00,0x00,0x00,0x00,0x00,0x00,0x00,0x00,0x00,0x00,0x00,0x00,0x00,0x00,0x00,0x00,0x00,0x00,0x0f,0xff,
0xff,0xff,0xff,0xff,0x80,0x00,0x00,0x00,0x00,0x00,0x00,0x00,0x00,0x00,0x00,0x00,0x00,0x00,0x00,0x00,0x00,0x00,0x00,0x00,
0x00,0x0f,0xff,0xff,0xff,0xff,0xff,0x80,0x00,0x00,0x00,0x00,0x00,0x00,0x00,0x00,0x00,0x00,0x00,0x00,0x00,0x00,0x00,0x00,
0x00,0x00,0x00,0x00,0x0f,0xff,0xff,0xff,0xff,0xff,0x80,0x00,0x00,0x00,0x00,0x00,0x00,0x00,0x00,0x00,0x00,0x00,0x00,0x00,
0x00,0x00,0x00,0x00,0x00,0x00,0x00,0x0f,0xff,0xff,0xff,0xff,0xff,0x80,0x00,0x00,0x00,0x00,0x00,0x00,0x00,0x00,0x00,0x00,
0x00,0x00,0x00,0x00,0x00,0x00,0x00,0x00,0x00,0x00,0x0f,0xff,0xff,0xff,0xff,0xff,0x80,0x00,0x00,0x00,0x00,0x00,0x00,0x00,
0x00,0x00,0x00,0x00,0x00,0x00,0x00,0x00,0x00,0x00,0x00,0x00,0x00,0x0f,0xff,0xff,0xff,0xff,0xff,0x80,0x00,0x00,0x00,0x00,
0x00,0x00,0x00,0x00,0x00,0x00,0x00,0x00,0x00,0x00,0x00,0x00,0x00,0x00,0x00,0x00,0x0f,0xff,0xff,0xff,0xff,0xff,0x80,0x00,
0x00,0x00,0x00,0x00,0x00,0x00,0x00,0x00,0x00,0x00,0x00,0x00,0x00,0x00,0x00,0x00,0x00,0x00,0x00,0x0f,0xff,0xff,0xff,0xff,
0xff,0x80,0x00,0x00,0x00,0x00,0x00,0x00,0x00,0x00,0x00,0x00,0x00,0x00,0x00,0x00,0x00,0x00,0x00,0x00,0x00,0x00,0x0f,0xff,
0xff,0xff,0xff,0xff,0x80,0x00,0x00,0x00,0x00,0x00,0x00,0x00,0x00,0x00,0x00,0x00,0x00,0x00,0x00,0x00,0x00,0x00,0x00,0x00,
0x00,0x0f,0xff,0xff,0xff,0xff,0xff,0x80,0x00,0x00,0x00,0x00,0x00,0x00,0x00,0x00,0x00,0x00,0x00,0x00,0x00,0x00,0x00,0x00,
0x00,0x00,0x00,0x00,0x0f,0xff,0xff,0xff,0xff,0xff,0x80,0x00,0x00,0x00,0x00,0x00,0x00,0x00,0x00,0x00,0x00,0x00,0x00,0x00,
0x00,0x00,0x00,0x00,0x00,0x00,0x00,0x0f,0xff,0xff,0xff,0xff,0xff,0x80,0x00,0x00,0x00,0x00,0x00,0x00,0x00,0x00,0x00,0x00,
0x00,0x00,0x00,0x00,0x00,0x00,0x00,0x00,0x00,0x00,0x0f,0xff,0xff,0xff,0xff,0xff,0x80,0x00,0x00,0x00,0x00,0x00,0x00,0x00,
0x00,0x00,0x00,0x00,0x00,0x00,0x00,0x00,0x00,0x00,0x00,0x00,0x00,0x0f,0xff,0xff,0xff,0xff,0xff,0x80,0x00,0x00,0x00,0x00,
0x00,0x00,0x00,0x00,0x00,0x00,0x00,0x00,0x00,0x00,0x00,0x00,0x00,0x00,0x00,0x00,0x0f,0xff,0xff,0xff,0xff,0xff,0x80,0x00,
0x00,0x00,0x00,0x00,0x00,0x00,0x00,0x00,0x00,0x00,0x00,0x00,0x00,0x00,0x00,0x00,0x00,0x00,0x00,0x0f,0xff,0xff,0xff,0xff,
0xff,0x80,0x00,0x00,0x00,0x00,0x00,0x00,0x00,0x00,0x00,0x00,0x00,0x00,0x00,0x00,0x00,0x00,0x00,0x00,0x00,0x00,0x0f,0xff,
0xff,0xff,0xff,0xff,0x80,0x00,0x00,0x00,0x00,0x00,0x00,0x00,0x00,0x00,0x00,0x00,0x00,0x00,0x00,0x00,0x00,0x00,0x00,0x00,
0x00,0x0f,0xff,0xff,0xff,0xff,0xff,0x80,0x00,0x00,0x00,0x00,0x00,0x00,0x00,0x00,0x00,0x00,0x00,0x00,0x00,0x00,0x00,0x00,
0x00,0x00,0x00,0x00,0x0f,0xff,0xff,0xff,0xff,0xff,0x80,0x00,0x00,0x00,0x00,0x00,0x00,0x00,0x00,0x00,0x00,0x00,0x00,0x00,
0x00,0x00,0x00,0x00,0x00,0x00,0x00,0x0f,0xff,0xff,0xff,0xff,0xff,0x80,0x00,0x00,0x00,0x00,0x00,0x00,0x00,0x00,0x00,0x00,
0x00,0x00,0x00,0x00,0x00,0x00,0x00,0x00,0x00,0x00,0x0f,0xff,0xff,0xff,0xff,0xff,0x80,0x00,0x00,0x00,0x00,0x00,0x00,0x00,
0x00,0x00,0x00,0x00,0x00,0x00,0x00,0x00,0x00,0x00,0x00,0x00,0x00,0x0f,0xff,0xff,0xff,0xff,0xff,0x80,0x00,0x00,0x00,0x00,
0x00,0x00,0x00,0x00,0x00,0x00,0x00,0x00,0x00,0x00,0x00,0x00,0x00,0x00,0x00,0x00,0x0f,0xff,0xff,0xff,0xff,0xff,0x80,0x00,
0x00,0x00,0x00,0x00,0x00,0x00,0x00,0x00,0x00,0x00,0x00,0x00,0x00,0x00,0x00,0x00,0x00,0x00,0x00,0x0f,0xff,0xff,0xff,0xff,
0xff,0x80,0x00,0x00,0x00,0x00,0x00,0x00,0x00,0x00,0x00,0x00,0x00,0x00,0x00,0x00,0x00,0x00,0x00,0x00,0x00,0x00,0x0f,0xff,
0xff,0xff,0xff,0xff,0x80,0x00,0x00,0x00,0x00,0x00,0x00,0x00,0x00,0x00,0x00,0x00,0x00,0x00,0x00,0x00,0x00,0x00,0x00,0x00,
0x00,0x0f,0xff,0xff,0xff,0xff,0xff,0x80,0x00,0x00,0x00,0x00,0x00,0x00,0x00,0x00,0x00,0x00,0x00,0x00,0x00,0x00,0x00,0x00,
0x00,0x00,0x00,0x00,0x0f,0xff,0xff,0xff,0xff,0xff,0x80,0x00,0x00,0x00,0x00,0x00,0x00,0x00,0x00,0x00,0x00,0x00,0x00,0x00,
0x00,0x00,0x00,0x00,0x00,0x00,0x00,0x0f,0xff,0xff,0xff,0xff,0xff,0x80,0x00,0x00,0x00,0x00,0x00,0x00,0x00,0x00,0x00,0x00,
0x00,0x00,0x00,0x00,0x00,0x00,0x00,0x00,0x00,0x00,0x00,0x01,0x48,0x9a,0xcd,0xef,0xed,0xcb,0x96,0x31,0x00,0x00,0x00,0x00,
0x00,0x00,0x00,0x00,0x00,0x00,0x00,0x00,0x00,0x00,0x00,0x00,0x00,0x00,0x00,0x00,0x00,0x00,0x00,0x00,0x00,0x00,0x00,0x00,
0x48,0xcf,0xff,0xff,0xff,0xff,0xff,0xff,0xff,0xff,0xb6,0x10,0x00,0x00,0x00,0x00,0x00,0x00,0x00,0x00,0x00,0x00,0x00,0x00,
0x00,0x00,0x00,0x00,0x00,0x00,0x00,0x00,0x00,0x00,0x00,0x00,0x00,0x6d,0xff,0xff,0xff,0xff,0xff,0xff,0xff,0xff,0xff,0xff,
0xff,0xfa,0x30,0x00,0x00,0x00,0x00,0x00,0x00,0x00,0x00,0x00,0x00,0x00,0x00,0x00,0x00,0x00,0x00,0x00,0x00,0x00,0x00,0x00,
0x00,0x00,0x6d,0xff,0xff,0xff,0xff,0xff,0xff,0xff,0xff,0xff,0xff,0xff,0xff,0xff,0xfb,0x30,0x00,0x00,0x00,0x00,0x00,0x00,
0x00,0x00,0x00,0x00,0x00,0x00,0x00,0x00,0x00,0x00,0x00,0x00,0x00,0x00,0x00,0x3d,0xff,0xff,0xff,0xff,0xff,0xff,0xff,0xff,
0xff,0xff,0xff,0xff,0xff,0xff,0xff,0xf8,0x00,0x00,0x00,0x00,0x00,0x00,0x00,0x00,0x00,0x00,0x00,0x00,0x00,0x00,0x00,0x00,
0x00,0x00,0x00,0x00,0x06,0xff,0xff,0xff,0xff,0xff,0xff,0xff,0xff,0xff,0xff,0xff,0xff,0xff,0xff,0xff,0xff,0xff,0xd3,0x00,
0x00,0x00,0x00,0x00,0x00,0x00,0x00,0x00,0x00,0x00,0x00,0x00,0x00,0x00,0x00,0x00,0x00,0x00,0x9f,0xff,0xff,0xff,0xff,0xff,
0xff,0xff,0xff,0xff,0xff,0xff,0xff,0xff,0xff,0xff,0xff,0xff,0xfe,0x40,0x00,0x00,0x00,0x00,0x00,0x00,0x00,0x00,0x00,0x00,
0x00,0x00,0x00,0x00,0x00,0x00,0x00,0x1b,0xff,0xff,0xff,0xff,0xff,0xff,0xff,0xff,0xff,0xff,0xff,0xff,0xff,0xff,0xff,0xff,
0xff,0xff,0xff,0xf6,0x00,0x00,0x00,0x00,0x00,0x00,0x00,0x00,0x00,0x00,0x00,0x00,0x00,0x00,0x00,0x00,0x00,0xaf,0xff,0xff,
0xff,0xff,0xff,0xff,0xff,0xff,0xff,0xff,0xff,0xff,0xff,0xff,0xff,0xff,0xff,0xff,0xff,0xff,0x60,0x00,0x00,0x00,0x00,0x00,
0x00,0x00,0x00,0x00,0x00,0x00,0x00,0x00,0x00,0x00,0x08,0xff,0xff,0xff,0xff,0xff,0xff,0xff,0xff,0xff,0xff,0xff,0xff,0xff,
0xff,0xff,0xff,0xff,0xff,0xff,0xff,0xff,0xf4,0x00,0x00,0x00,0x00,0x00,0x00,0x00,0x00,0x00,0x00,0x00,0x00,0x00,0x00,0x00,
0x5f,0xff,0xff,0xff,0xff,0xff,0xff,0xff,0xff,0xeb,0x98,0x77,0x89,0xae,0xff,0xff,0xff,0xff,0xff,0xff,0xff,0xff,0xfe,0x20,
0x00,0x00,0x00,0x00,0x00,0x00,0x00,0x00,0x00,0x00,0x00,0x00,0x00,0x02,0xef,0xff,0xff,0xff,0xff,0xff,0xff,0xfe,0x84,0x00,
0x00,0x00,0x00,0x00,0x37,0xdf,0xff,0xff,0xff,0xff,0xff,0xff,0xff,0xb0,0x00,0x00,0x00,0x00,0x00,0x00,0x00,0x00,0x00,0x00,
0x00,0x00,0x00,0x0a,0xff,0xff,0xff,0xff,0xff,0xff,0xfe,0x81,0x00,0x00,0x00,0x00,0x00,0x00,0x00,0x06,0xdf,0xff,0xff,0xff,
0xff,0xff,0xff,0xf6,0x00,0x00,0x00,0x00,0x00,0x00,0x00,0x00,0x00,0x00,0x00,0x00,0x00,0x3f,0xff,0xff,0xff,0xff,0xff,0xff,
0xd2,0x00,0x00,0x00,0x00,0x00,0x00,0x00,0x00,0x00,0x1a,0xff,0xff,0xff,0xff,0xff,0xff,0xfe,0x10,0x00,0x00,0x00,0x00,0x00,
0x00,0x00,0x00,0x00,0x00,0x00,0x00,0xaf,0xff,0xff,0xff,0xff,0xff,0xfb,0x10,0x00,0x00,0x00,0x00,0x00,0x00,0x00,0x00,0x00,
0x00,0x8f,0xff,0xff,0xff,0xff,0xff,0xff,0x70,0x00,0x00,0x00,0x00,0x00,0x00,0x00,0x00,0x00,0x00,0x00,0x03,0xff,0xff,0xff,
0xff,0xff,0xff,0xc1,0x00,0x00,0x00,0x00,0x00,0x00,0x00,0x00,0x00,0x00,0x00,0x08,0xff,0xff,0xff,0xff,0xff,0xff,0xe1,0x00,
0x00,0x00,0x00,0x00,0x00,0x00,0x00,0x00,0x00,0x00,0x0a,0xff,0xff,0xff,0xff,0xff,0xfe,0x30,0x00,0x00,0x00,0x00,0x00,0x00,
0x00,0x00,0x00,0x00,0x00,0x00,0xbf,0xff,0xff,0xff,0xff,0xff,0xf6,0x00,0x00,0x00,0x00,0x00,0x00,0x00,0x00,0x00,0x00,0x00,
0x0e,0xff,0xff,0xff,0xff,0xff,0xf6,0x00,0x00,0x00,0x00,0x00,0x00,0x00,0x00,0x00,0x00,0x00,0x00,0x00,0x1e,0xff,0xff,0xff,
0xff,0xff,0xfb,0x00,0x00,0x00,0x00,0x00,0x00,0x00,0x00,0x00,0x00,0x00,0x3f,0xff,0xff,0xff,0xff,0xff,0xe0,0x00,0x00,0x00,
0x00,0x00,0x00,0x00,0x00,0x00,0x00,0x00,0x00,0x00,0x07,0xff,0xff,0xff,0xff,0xff,0xff,0x10,0x00,0x00,0x00,0x00,0x00,0x00,
0x00,0x00,0x00,0x00,0x7f,0xff,0xff,0xff,0xff,0xff,0x80,0x00,0x00,0x00,0x00,0x00,0x00,0x00,0x00,0x00,0x00,0x00,0x00,0x00,
0x01,0xef,0xff,0xff,0xff,0xff,0xff,0x60,0x00,0x00,0x00,0x00,0x00,0x00,0x00,0x00,0x00,0x00,0xbf,0xff,0xff,0xff,0xff,0xff,
0x10,0x00,0x00,0x00,0x00,0x00,0x00,0x00,0x00,0x00,0x00,0x00,0x00,0x00,0x00,0x9f,0xff,0xff,0xff,0xff,0xff,0xa0,0x00,0x00,
0x00,0x00,0x00,0x00,0x00,0x00,0x00,0x01,0xff,0xff,0xff,0xff,0xff,0xfc,0x00,0x00,0x00,0x00,0x00,0x00,0x00,0x00,0x00,0x00,
0x00,0x00,0x00,0x00,0x00,0x4f,0xff,0xff,0xff,0xff,0xff,0xd0,0x00,0x00,0x00,0x00,0x00,0x00,0x00,0x00,0x00,0x02,0xff,0xff,
0xff,0xff,0xff,0xf9,0x00,0x00,0x00,0x00,0x00,0x00,0x00,0x00,0x00,0x00,0x00,0x00,0x00,0x00,0x00,0x1f,0xff,0xff,0xff,0xff,
0xff,0xf0,0x00,0x00,0x00,0x00,0x00,0x00,0x00,0x00,0x00,0x03,0xff,0xff,0xff,0xff,0xff,0xf6,0x00,0x00,0x00,0x00,0x00,0x00,
0x00,0x00,0x00,0x00,0x00,0x00,0x00,0x00,0x00,0x0c,0xff,0xff,0xff,0xff,0xff,0xf3,0x00,0x00,0x00,0x00,0x00,0x00,0x00,0x00,
0x00,0x05,0xff,0xff,0xff,0xff,0xff,0xf3,0x00,0x00,0x00,0x00,0x00,0x00,0x00,0x00,0x00,0x00,0x00,0x00,0x00,0x00,0x00,0x0a,
0xff,0xff,0xff,0xff,0xff,0xf4,0x00,0x00,0x00,0x00,0x00,0x00,0x00,0x00,0x00,0x06,0xff,0xff,0xff,0xff,0xff,0xf2,0x00,0x00,
0x00,0x00,0x00,0x00,0x00,0x00,0x00,0x00,0x00,0x00,0x00,0x00,0x00,0x09,0xff,0xff,0xff,0xff,0xff,0xf5,0x00,0x00,0x00,0x00,
0x00,0x00,0x00,0x00,0x00,0x07,0xff,0xff,0xff,0xff,0xff,0xf1,0x00,0x00,0x00,0x00,0x00,0x00,0x00,0x00,0x00,0x00,0x00,0x00,
0x00,0x00,0x00,0x07,0xff,0xff,0xff,0xff,0xff,0xf6,0x00,0x00,0x00,0x00,0x00,0x00,0x00,0x00,0x00,0x08,0xff,0xff,0xff,0xff,
0xff,0xf0,0x00,0x00,0x00,0x00,0x00,0x00,0x00,0x00,0x00,0x00,0x00,0x00,0x00,0x00,0x00,0x06,0xff,0xff,0xff,0xff,0xff,0xf6,
0x00,0x00,0x00,0x00,0x00,0x00,0x00,0x00,0x00,0x08,0xff,0xff,0xff,0xff,0xff,0xe0,0x00,0x00,0x00,0x00,0x00,0x00,0x00,0x00,
0x00,0x00,0x00,0x00,0x00,0x00,0x00,0x06,0xff,0xff,0xff,0xff,0xff,0xf7,0x00,0x00,0x00,0x00,0x00,0x00,0x00,0x00,0x00,0x08,
0xff,0xff,0xff,0xff,0xff,0xe0,0x00,0x00,0x00,0x00,0x00,0x00,0x00,0x00,0x00,0x00,0x00,0x00,0x00,0x00,0x00,0x06,0xff,0xff,
0xff,0xff,0xff,0xf7,0x00,0x00,0x00,0x00,0x00,0x00,0x00,0x00,0x00,0x08,0xff,0xff,0xff,0xff,0xff,0xe0,0x00,0x00,0x00,0x00,
0x00,0x00,0x00,0x00,0x00,0x00,0x00,0x00,0x00,0x00,0x00,0x07,0xff,0xff,0xff,0xff,0xff,0xf6,0x00,0x00,0x00,0x00,0x00,0x00,
0x00,0x00,0x00,0x02,0x33,0x33,0x33,0x33,0x33,0x30,0x00,0x00,0x00,0x00,0x00,0x00,0x00,0x00,0x00,0x00,0x00,0x00,0x00,0x00,
0x00,0x08,0xff,0xff,0xff,0xff,0xff,0xf6,0x00,0x00,0x00,0x00,0x00,0x00,0x00,0x00,0x00,0x00,0x00,0x00,0x00,0x00,0x00,0x00,
0x00,0x00,0x00,0x00,0x00,0x00,0x00,0x00,0x00,0x00,0x00,0x00,0x00,0x00,0x00,0x0a,0xff,0xff,0xff,0xff,0xff,0xf5,0x00,0x00,
0x00,0x00,0x00,0x00,0x00,0x00,0x00,0x00,0x00,0x00,0x00,0x00,0x00,0x00,0x00,0x00,0x00,0x00,0x00,0x00,0x00,0x00,0x00,0x00,
0x00,0x00,0x00,0x00,0x00,0x0b,0xff,0xff,0xff,0xff,0xff,0xf4,0x00,0x00,0x00,0x00,0x00,0x00,0x00,0x00,0x00,0x00,0x00,0x00,
0x00,0x00,0x00,0x00,0x00,0x00,0x00,0x00,0x00,0x00,0x00,0x00,0x00,0x00,0x00,0x00,0x00,0x00,0x00,0x0d,0xff,0xff,0xff,0xff,
0xff,0xf2,0x00,0x00,0x00,0x00,0x00,0x00,0x00,0x00,0x00,0x00,0x00,0x00,0x00,0x00,0x00,0x00,0x00,0x00,0x00,0x00,0x00,0x00,
0x00,0x00,0x00,0x00,0x00,0x00,0x00,0x00,0x00,0x1f,0xff,0xff,0xff,0xff,0xff,0xf0,0x00,0x00,0x00,0x00,0x00,0x00,0x00,0x00,
0x00,0x00,0x00,0x00,0x00,0x00,0x00,0x00,0x00,0x00,0x00,0x00,0x00,0x00,0x00,0x00,0x00,0x00,0x00,0x00,0x00,0x00,0x00,0x5f,
0xff,0xff,0xff,0xff,0xff,0xd0,0x00,0x00,0x00,0x00,0x00,0x00,0x00,0x00,0x00,0x00,0x00,0x00,0x00,0x00,0x00,0x00,0x00,0x00,
0x00,0x00,0x00,0x00,0x00,0x00,0x00,0x00,0x00,0x00,0x00,0x00,0x00,0xaf,0xff,0xff,0xff,0xff,0xff,0x90,0x00,0x00,0x00,0x00,
0x00,0x00,0x00,0x00,0x00,0x00,0x00,0x00,0x00,0x00,0x00,0x00,0x00,0x00,0x00,0x00,0x00,0x00,0x00,0x00,0x00,0x00,0x00,0x00,
0x00,0x00,0x00,0xef,0xff,0xff,0xff,0xff,0xff,0x60,0x00,0x00,0x00,0x00,0x00,0x00,0x00,0x00,0x00,0x00,0x00,0x00,0x00,0x00,
0x00,0x00,0x00,0x00,0x00,0x00,0x00,0x00,0x00,0x00,0x00,0x00,0x00,0x00,0x00,0x00,0x03,0xff,0xff,0xff,0xff,0xff,0xff,0x20,
0x00,0x00,0x00,0x00,0x00,0x00,0x00,0x00,0x00,0x00,0x00,0x00,0x00,0x00,0x00,0x00,0x00,0x00,0x00,0x00,0x00,0x00,0x00,0x00,
0x00,0x00,0x00,0x00,0x00,0x00,0x0a,0xff,0xff,0xff,0xff,0xff,0xfd,0x00,0x00,0x00,0x00,0x00,0x00,0x00,0x00,0x00,0x00,0x00,
0x00,0x00,0x00,0x00,0x00,0x00,0x00,0x00,0x00,0x00,0x00,0x00,0x00,0x00,0x00,0x00,0x00,0x00,0x00,0x00,0x2f,0xff,0xff,0xff,
0xff,0xff,0xf8,0x00,0x00,0x00,0x00,0x00,0x00,0x00,0x00,0x00,0x00,0x00,0x00,0x00,0x00,0x00,0x00,0x00,0x00,0x00,0x00,0x00,
0x00,0x00,0x00,0x00,0x00,0x00,0x00,0x00,0x00,0x00,0x8f,0xff,0xff,0xff,0xff,0xff,0xf2,0x00,0x00,0x00,0x00,0x00,0x00,0x00,
0x00,0x00,0x00,0x00,0x00,0x00,0x00,0x00,0x00,0x00,0x00,0x00,0x00,0x00,0x00,0x00,0x00,0x00,0x00,0x00,0x00,0x00,0x00,0x01,
0xef,0xff,0xff,0xff,0xff,0xff,0xb0,0x00,0x00,0x00,0x00,0x00,0x00,0x00,0x00,0x00,0x00,0x00,0x00,0x00,0x00,0x00,0x00,0x00,
0x00,0x00,0x00,0x00,0x00,0x00,0x00,0x00,0x00,0x00,0x00,0x00,0x00,0x07,0xff,0xff,0xff,0xff,0xff,0xff,0x50,0x00,0x00,0x00,
0x00,0x00,0x00,0x00,0x00,0x00,0x00,0x00,0x00,0x00,0x00,0x00,0x00,0x00,0x00,0x00,0x00,0x00,0x00,0x00,0x00,0x00,0x00,0x00,
0x00,0x00,0x00,0x2e,0xff,0xff,0xff,0xff,0xff,0xfd,0x00,0x00,0x00,0x00,0x00,0x00,0x00,0x00,0x00,0x00,0x00,0x00,0x00,0x00,
0x00,0x00,0x00,0x00,0x00,0x00,0x00,0x00,0x00,0x00,0x00,0x00,0x00,0x00,0x00,0x00,0x00,0xaf,0xff,0xff,0xff,0xff,0xff,0xf6,
0x00,0x00,0x00,0x00,0x00,0x00,0x00,0x00,0x00,0x00,0x00,0x00,0x00,0x00,0x00,0x00,0x00,0x00,0x00,0x00,0x00,0x00,0x00,0x00,
0x00,0x00,0x00,0x00,0x00,0x00,0x04,0xff,0xff,0xff,0xff,0xff,0xff,0xd0,0x00,0x00,0x00,0x00,0x00,0x00,0x00,0x00,0x00,0x00,
0x00,0x00,0x00,0x00,0x00,0x00,0x00,0x00,0x00,0x00,0x00,0x00,0x00,0x00,0x00,0x00,0x00,0x00,0x00,0x00,0x0d,0xff,0xff,0xff,
0xff,0xff,0xff,0x50,0x00,0x00,0x00,0x00,0x00,0x00,0x00,0x00,0x00,0x00,0x00,0x00,0x00,0x00,0x00,0x00,0x00,0x00,0x00,0x00,
0x00,0x00,0x00,0x00,0x00,0x00,0x00,0x00,0x00,0x00,0x7f,0xff,0xff,0xff,0xff,0xff,0xfc,0x00,0x00,0x00,0x00,0x00,0x00,0x00,
0x00,0x00,0x00,0x00,0x00,0x00,0x00,0x00,0x00,0x00,0x00,0x00,0x00,0x00,0x00,0x00,0x00,0x00,0x00,0x00,0x00,0x00,0x00,0x03,
0xff,0xff,0xff,0xff,0xff,0xff,0xf3,0x00,0x00,0x00,0x00,0x00,0x00,0x00,0x00,0x00,0x00,0x00,0x00,0x00,0x00,0x00,0x00,0x00,
0x00,0x00,0x00,0x00,0x00,0x00,0x00,0x00,0x00,0x00,0x00,0x00,0x00,0x1d,0xff,0xff,0xff,0xff,0xff,0xff,0x80,0x00,0x00,0x00,
0x00,0x00,0x00,0x00,0x00,0x00,0x00,0x00,0x00,0x00,0x00,0x00,0x00,0x00,0x00,0x00,0x00,0x00,0x00,0x00,0x00,0x00,0x00,0x00,
0x00,0x00,0x00,0x9f,0xff,0xff,0xff,0xff,0xff,0xfd,0x10,0x00,0x00,0x00,0x00,0x00,0x00,0x00,0x00,0x00,0x00,0x00,0x00,0x00,
0x00,0x00,0x00,0x00,0x00,0x00,0x00,0x00,0x00,0x00,0x00,0x00,0x00,0x00,0x00,0x00,0x04,0xff,0xff,0xff,0xff,0xff,0xff,0xf4,
0x00,0x00,0x00,0x00,0x00,0x00,0x00,0x00,0x00,0x00,0x00,0x00,0x00,0x00,0x00,0x00,0x00,0x00,0x00,0x00,0x00,0x00,0x00,0x00,
0x00,0x00,0x00,0x00,0x00,0x00,0x1e,0xff,0xff,0xff,0xff,0xff,0xff,0x80,0x00,0x00,0x00,0x00,0x00,0x00,0x00,0x00,0x00,0x00,
0x00,0x00,0x00,0x00,0x00,0x00,0x00,0x00,0x00,0x00,0x00,0x00,0x00,0x00,0x00,0x00,0x00,0x00,0x00,0x00,0xaf,0xff,0xff,0xff,
0xff,0xff,0xfc,0x00,0x00,0x00,0x00,0x00,0x00,0x00,0x00,0x00,0x00,0x00,0x00,0x00,0x00,0x00,0x00,0x00,0x00,0x00,0x00,0x00,
0x00,0x00,0x00,0x00,0x00,0x00,0x00,0x00,0x00,0x06,0xff,0xff,0xff,0xff,0xff,0xff,0xf3,0x00,0x00,0x00,0x00,0x00,0x00,0x00,
0x00,0x00,0x00,0x00,0x00,0x00,0x00,0x00,0x00,0x00,0x00,0x00,0x00,0x00,0x00,0x00,0x00,0x00,0x00,0x00,0x00,0x00,0x00,0x2e,
0xff,0xff,0xff,0xff,0xff,0xff,0x70,0x00,0x00,0x00,0x00,0x00,0x00,0x00,0x00,0x00,0x00,0x00,0x00,0x00,0x00,0x00,0x00,0x00,
0x00,0x00,0x00,0x00,0x00,0x00,0x00,0x00,0x00,0x00,0x00,0x00,0x00,0xbf,0xff,0xff,0xff,0xff,0xff,0xfb,0x00,0x00,0x00,0x00,
0x00,0x00,0x00,0x00,0x00,0x00,0x00,0x00,0x00,0x00,0x00,0x00,0x00,0x00,0x00,0x00,0x00,0x00,0x00,0x00,0x00,0x00,0x00,0x00,
0x00,0x00,0x07,0xff,0xff,0xff,0xff,0xff,0xff,0xe2,0x00,0x00,0x00,0x00,0x00,0x00,0x00,0x00,0x00,0x00,0x00,0x00,0x00,0x00,
0x00,0x00,0x00,0x00,0x00,0x00,0x00,0x00,0x00,0x00,0x00,0x00,0x00,0x00,0x00,0x00,0x3f,0xff,0xff,0xff,0xff,0xff,0xff,0x60,
0x00,0x00,0x00,0x00,0x00,0x00,0x00,0x00,0x00,0x00,0x00,0x00,0x00,0x00,0x00,0x00,0x00,0x00,0x00,0x00,0x00,0x00,0x00,0x00,
0x00,0x00,0x00,0x00,0x00,0x00,0xdf,0xff,0xff,0xff,0xff,0xff,0xfa,0x00,0x00,0x00,0x00,0x00,0x00,0x00,0x00,0x00,0x00,0x00,
0x00,0x00,0x00,0x00,0x00,0x00,0x00,0x00,0x00,0x00,0x00,0x00,0x00,0x00,0x00,0x00,0x00,0x00,0x00,0x09,0xff,0xff,0xff,0xff,
0xff,0xff,0xe1,0x00,0x00,0x00,0x00,0x00,0x00,0x00,0x00,0x00,0x00,0x00,0x00,0x00,0x00,0x00,0x00,0x00,0x00,0x00,0x00,0x00,
0x00,0x00,0x00,0x00,0x00,0x00,0x00,0x00,0x00,0x4f,0xff,0xff,0xff,0xff,0xff,0xff,0x40,0x00,0x00,0x00,0x00,0x00,0x00,0x00,
0x00,0x00,0x00,0x00,0x00,0x00,0x00,0x00,0x00,0x00,0x00,0x00,0x00,0x00,0x00,0x00,0x00,0x00,0x00,0x00,0x00,0x00,0x01,0xdf,
0xff,0xff,0xff,0xff,0xff,0xf9,0x00,0x00,0x00,0x00,0x00,0x00,0x00,0x00,0x00,0x00,0x00,0x00,0x00,0x00,0x00,0x00,0x00,0x00,
0x00,0x00,0x00,0x00,0x00,0x00,0x00,0x00,0x00,0x00,0x00,0x00,0x0a,0xff,0xff,0xff,0xff,0xff,0xff,0xd1,0x00,0x00,0x00,0x00,
0x00,0x00,0x00,0x00,0x00,0x00,0x00,0x00,0x00,0x00,0x00,0x00,0x00,0x00,0x00,0x00,0x00,0x00,0x00,0x00,0x00,0x00,0x00,0x00,
0x00,0x00,0x5f,0xff,0xff,0xff,0xff,0xff,0xff,0x30,0x00,0x00,0x00,0x00,0x00,0x00,0x00,0x00,0x00,0x00,0x00,0x00,0x00,0x00,
0x00,0x00,0x00,0x00,0x00,0x00,0x00,0x00,0x00,0x00,0x00,0x00,0x00,0x00,0x00,0x02,0xef,0xff,0xff,0xff,0xff,0xff,0xf8,0x00,
0x00,0x00,0x00,0x00,0x00,0x00,0x00,0x00,0x00,0x00,0x00,0x00,0x00,0x00,0x00,0x00,0x00,0x00,0x00,0x00,0x00,0x00,0x00,0x00,
0x00,0x00,0x00,0x00,0x00,0x0b,0xff,0xff,0xff,0xff,0xff,0xff,0xc0,0x00,0x00,0x00,0x00,0x00,0x00,0x00,0x00,0x00,0x00,0x00,
0x00,0x00,0x00,0x00,0x00,0x00,0x00,0x00,0x00,0x00,0x00,0x00,0x00,0x00,0x00,0x00,0x00,0x00,0x00,0x7f,0xff,0xff,0xff,0xff,
0xff,0xfe,0x20,0x00,0x00,0x00,0x00,0x00,0x00,0x00,0x00,0x00,0x00,0x00,0x00,0x00,0x00,0x00,0x00,0x00,0x00,0x00,0x00,0x00,
0x00,0x00,0x00,0x00,0x00,0x00,0x00,0x00,0x03,0xff,0xff,0xff,0xff,0xff,0xff,0xf6,0x00,0x00,0x00,0x00,0x00,0x00,0x00,0x00,
0x00,0x00,0x00,0x00,0x00,0x00,0x00,0x00,0x00,0x00,0x00,0x00,0x00,0x00,0x00,0x00,0x00,0x00,0x00,0x00,0x00,0x00,0x0c,0xff,
0xff,0xff,0xff,0xff,0xff,0xb0,0x00,0x00,0x00,0x00,0x00,0x00,0x00,0x00,0x00,0x00,0x00,0x00,0x00,0x00,0x00,0x00,0x00,0x00,
0x00,0x00,0x00,0x00,0x00,0x00,0x00,0x00,0x00,0x00,0x00,0x00,0x8f,0xff,0xff,0xff,0xff,0xff,0xfe,0x20,0x00,0x00,0x00,0x00,
0x00,0x00,0x00,0x00,0x00,0x00,0x00,0x00,0x00,0x00,0x00,0x00,0x00,0x00,0x00,0x00,0x00,0x00,0x00,0x00,0x00,0x00,0x00,0x00,
0x00,0x04,0xff,0xff,0xff,0xff,0xff,0xff,0xf5,0x00,0x00,0x00,0x00,0x00,0x00,0x00,0x00,0x00,0x00,0x00,0x00,0x00,0x00,0x00,
0x00,0x00,0x00,0x00,0x00,0x00,0x00,0x00,0x00,0x00,0x00,0x00,0x00,0x00,0x00,0x1d,0xff,0xff,0xff,0xff,0xff,0xff,0xa0,0x00,
0x00,0x00,0x00,0x00,0x00,0x00,0x00,0x00,0x00,0x00,0x00,0x00,0x00,0x00,0x00,0x00,0x00,0x00,0x00,0x00,0x00,0x00,0x00,0x00,
0x00,0x00,0x00,0x00,0x00,0xaf,0xff,0xff,0xff,0xff,0xff,0xfd,0x10,0x00,0x00,0x00,0x00,0x00,0x00,0x00,0x00,0x00,0x00,0x00,
0x00,0x00,0x00,0x00,0x00,0x00,0x00,0x00,0x00,0x00,0x00,0x00,0x00,0x00,0x00,0x00,0x00,0x00,0x05,0xff,0xff,0xff,0xff,0xff,
0xff,0xf4,0x00,0x00,0x00,0x00,0x00,0x00,0x00,0x00,0x00,0x00,0x00,0x00,0x00,0x00,0x00,0x00,0x00,0x00,0x00,0x00,0x00,0x00,
0x00,0x00,0x00,0x00,0x00,0x00,0x00,0x00,0x2e,0xff,0xff,0xff,0xff,0xff,0xff,0x90,0x00,0x00,0x00,0x00,0x00,0x00,0x00,0x00,
0x00,0x00,0x00,0x00,0x00,0x00,0x00,0x00,0x00,0x00,0x00,0x00,0x00,0x00,0x00,0x00,0x00,0x00,0x00,0x00,0x00,0x00,0xbf,0xff,
0xff,0xff,0xff,0xff,0xfd,0x10,0x00,0x00,0x00,0x00,0x00,0x00,0x00,0x00,0x00,0x00,0x00,0x00,0x00,0x00,0x00,0x00,0x00,0x00,
0x00,0x00,0x00,0x00,0x00,0x00,0x00,0x00,0x00,0x00,0x00,0x07,0xff,0xff,0xff,0xff,0xff,0xff,0xf3,0x00,0x00,0x00,0x00,0x00,
0x00,0x00,0x00,0x00,0x00,0x00,0x00,0x00,0x00,0x00,0x00,0x00,0x00,0x00,0x00,0x00,0x00,0x00,0x00,0x00,0x00,0x00,0x00,0x00,
0x00,0x3f,0xff,0xff,0xff,0xff,0xff,0xff,0x70,0x00,0x00,0x00,0x00,0x00,0x00,0x00,0x00,0x00,0x00,0x00,0x00,0x00,0x00,0x00,
0x00,0x00,0x00,0x00,0x00,0x00,0x00,0x00,0x00,0x00,0x00,0x00,0x00,0x00,0x00,0xcf,0xff,0xff,0xff,0xff,0xff,0xfc,0x00,0x00,
0x00,0x00,0x00,0x00,0x00,0x00,0x00,0x00,0x00,0x00,0x00,0x00,0x00,0x00,0x00,0x00,0x00,0x00,0x00,0x00,0x00,0x00,0x00,0x00,
0x00,0x00,0x00,0x00,0x08,0xff,0xff,0xff,0xff,0xff,0xff,0xe2,0x00,0x00,0x00,0x00,0x00,0x00,0x00,0x00,0x00,0x00,0x00,0x00,
0x00,0x00,0x00,0x00,0x00,0x00,0x00,0x00,0x00,0x00,0x00,0x00,0x00,0x00,0x00,0x00,0x00,0x00,0x4f,0xff,0xff,0xff,0xff,0xff,
0xff,0x60,0x00,0x00,0x00,0x00,0x00,0x00,0x00,0x00,0x00,0x00,0x00,0x00,0x00,0x00,0x00,0x00,0x00,0x00,0x00,0x00,0x00,0x00,
0x00,0x00,0x00,0x00,0x00,0x00,0x00,0x01,0xdf,0xff,0xff,0xff,0xff,0xff,0xfb,0x00,0x00,0x00,0x00,0x00,0x00,0x00,0x00,0x00,
0x00,0x00,0x00,0x00,0x00,0x00,0x00,0x00,0x00,0x00,0x00,0x00,0x00,0x00,0x00,0x00,0x00,0x00,0x00,0x00,0x00,0x0a,0xff,0xff,
0xff,0xff,0xff,0xff,0xe1,0x00,0x00,0x00,0x00,0x00,0x00,0x00,0x00,0x00,0x00,0x00,0x00,0x00,0x00,0x00,0x00,0x00,0x00,0x00,
0x00,0x00,0x00,0x00,0x00,0x00,0x00,0x00,0x00,0x00,0x00,0x5f,0xff,0xff,0xff,0xff,0xff,0xff,0x50,0x00,0x00,0x00,0x00,0x00,
0x00,0x00,0x00,0x00,0x00,0x00,0x00,0x00,0x00,0x00,0x00,0x00,0x00,0x00,0x00,0x00,0x00,0x00,0x00,0x00,0x00,0x00,0x00,0x00,
0x02,0xef,0xff,0xff,0xff,0xff,0xff,0xf9,0x00,0x00,0x00,0x00,0x00,0x00,0x00,0x00,0x00,0x00,0x00,0x00,0x00,0x00,0x00,0x00,
0x00,0x00,0x00,0x00,0x00,0x00,0x00,0x00,0x00,0x00,0x00,0x00,0x00,0x00,0x0b,0xff,0xff,0xff,0xff,0xff,0xff,0xd1,0x00,0x00,
0x00,0x00,0x00,0x00,0x00,0x00,0x00,0x00,0x00,0x00,0x00,0x00,0x00,0x00,0x00,0x00,0x00,0x00,0x00,0x00,0x00,0x00,0x00,0x00,
0x00,0x00,0x00,0x00,0x7f,0xff,0xff,0xff,0xff,0xff,0xff,0x40,0x00,0x00,0x00,0x00,0x00,0x00,0x00,0x00,0x00,0x00,0x00,0x00,
0x00,0x00,0x00,0x00,0x00,0x00,0x00,0x00,0x00,0x00,0x00,0x00,0x00,0x00,0x00,0x00,0x00,0x02,0xff,0xff,0xff,0xff,0xff,0xff,
0xf8,0x00,0x00,0x00,0x00,0x00,0x00,0x00,0x00,0x00,0x00,0x00,0x00,0x00,0x00,0x00,0x00,0x00,0x00,0x00,0x00,0x00,0x00,0x00,
0x00,0x00,0x00,0x00,0x00,0x00,0x00,0x0c,0xff,0xff,0xff,0xff,0xff,0xff,0xc0,0x00,0x00,0x00,0x00,0x00,0x00,0x00,0x00,0x00,
0x00,0x00,0x00,0x00,0x00,0x00,0x00,0x00,0x00,0x00,0x00,0x00,0x00,0x00,0x00,0x00,0x00,0x00,0x00,0x00,0x00,0x8f,0xff,0xff,
0xff,0xff,0xff,0xff,0x30,0x00,0x00,0x00,0x00,0x00,0x00,0x00,0x00,0x00,0x00,0x00,0x00,0x00,0x00,0x00,0x00,0x00,0x00,0x00,
0x00,0x00,0x00,0x00,0x00,0x00,0x00,0x00,0x00,0x00,0x04,0xff,0xff,0xff,0xff,0xff,0xff,0xf7,0x00,0x00,0x00,0x00,0x00,0x00,
0x00,0x00,0x00,0x00,0x00,0x00,0x00,0x00,0x00,0x00,0x00,0x00,0x00,0x00,0x00,0x00,0x00,0x00,0x00,0x00,0x00,0x00,0x00,0x00,
0x1d,0xff,0xff,0xff,0xff,0xff,0xff,0xb0,0x00,0x00,0x00,0x00,0x00,0x00,0x00,0x00,0x00,0x00,0x00,0x00,0x00,0x00,0x00,0x00,
0x00,0x00,0x00,0x00,0x00,0x00,0x00,0x00,0x00,0x00,0x00,0x00,0x00,0x00,0x9f,0xff,0xff,0xff,0xff,0xff,0xfe,0x20,0x00,0x00,
0x00,0x00,0x00,0x00,0x00,0x00,0x00,0x00,0x00,0x00,0x00,0x00,0x00,0x00,0x00,0x00,0x00,0x00,0x00,0x00,0x00,0x00,0x00,0x00,
0x00,0x00,0x00,0x05,0xff,0xff,0xff,0xff,0xff,0xff,0xf6,0x00,0x00,0x00,0x00,0x00,0x00,0x00,0x00,0x00,0x00,0x00,0x00,0x00,
0x00,0x00,0x00,0x00,0x00,0x00,0x00,0x00,0x00,0x00,0x00,0x00,0x00,0x00,0x00,0x00,0x00,0x1e,0xff,0xff,0xff,0xff,0xff,0xff,
0xa0,0x00,0x00,0x00,0x00,0x00,0x00,0x00,0x00,0x00,0x00,0x00,0x00,0x00,0x00,0x00,0x00,0x00,0x00,0x00,0x00,0x00,0x00,0x00,
0x00,0x00,0x00,0x00,0x00,0x00,0x00,0xbf,0xff,0xff,0xff,0xff,0xff,0xfe,0x10,0x00,0x00,0x00,0x00,0x00,0x00,0x00,0x00,0x00,
0x00,0x00,0x00,0x00,0x00,0x00,0x00,0x00,0x00,0x00,0x00,0x00,0x00,0x00,0x00,0x00,0x00,0x00,0x00,0x00,0x06,0xff,0xff,0xff,
0xff,0xff,0xff,0xf4,0x00,0x00,0x00,0x00,0x00,0x00,0x00,0x00,0x00,0x00,0x00,0x00,0x00,0x00,0x00,0x00,0x00,0x00,0x00,0x00,
0x00,0x00,0x00,0x00,0x00,0x00,0x00,0x00,0x00,0x00,0x2e,0xff,0xff,0xff,0xff,0xff,0xff,0x90,0x00,0x00,0x00,0x00,0x00,0x00,
0x00,0x00,0x00,0x00,0x00,0x00,0x00,0x00,0x00,0x00,0x00,0x00,0x00,0x00,0x00,0x00,0x00,0x00,0x00,0x00,0x00,0x00,0x00,0x00,
0xcf,0xff,0xff,0xff,0xff,0xff,0xff,0x76,0x66,0x66,0x66,0x66,0x66,0x66,0x66,0x66,0x66,0x66,0x66,0x66,0x66,0x66,0x66,0x66,
0x66,0x66,0x66,0x63,0x00,0x00,0x00,0x00,0x00,0x00,0x00,0x00,0x00,0x07,0xff,0xff,0xff,0xff,0xff,0xff,0xff,0xff,0xff,0xff,
0xff,0xff,0xff,0xff,0xff,0xff,0xff,0xff,0xff,0xff,0xff,0xff,0xff,0xff,0xff,0xff,0xff,0xf7,0x00,0x00,0x00,0x00,0x00,0x00,
0x00,0x00,0x00,0x08,0xff,0xff,0xff,0xff,0xff,0xff,0xff,0xff,0xff,0xff,0xff,0xff,0xff,0xff,0xff,0xff,0xff,0xff,0xff,0xff,
0xff,0xff,0xff,0xff,0xff,0xff,0xff,0xf7,0x00,0x00,0x00,0x00,0x00,0x00,0x00,0x00,0x00,0x08,0xff,0xff,0xff,0xff,0xff,0xff,
0xff,0xff,0xff,0xff,0xff,0xff,0xff,0xff,0xff,0xff,0xff,0xff,0xff,0xff,0xff,0xff,0xff,0xff,0xff,0xff,0xff,0xf7,0x00,0x00,
0x00,0x00,0x00,0x00,0x00,0x00,0x00,0x08,0xff,0xff,0xff,0xff,0xff,0xff,0xff,0xff,0xff,0xff,0xff,0xff,0xff,0xff,0xff,0xff,
0xff,0xff,0xff,0xff,0xff,0xff,0xff,0xff,0xff,0xff,0xff,0xf7,0x00,0x00,0x00,0x00,0x00,0x00,0x00,0x00,0x00,0x08,0xff,0xff,
0xff,0xff,0xff,0xff,0xff,0xff,0xff,0xff,0xff,0xff,0xff,0xff,0xff,0xff,0xff,0xff,0xff,0xff,0xff,0xff,0xff,0xff,0xff,0xff,
0xff,0xf7,0x00,0x00,0x00,0x00,0x00,0x00,0x00,0x00,0x00,0x08,0xff,0xff,0xff,0xff,0xff,0xff,0xff,0xff,0xff,0xff,0xff,0xff,
0xff,0xff,0xff,0xff,0xff,0xff,0xff,0xff,0xff,0xff,0xff,0xff,0xff,0xff,0xff,0xf7,0x00,0x00,0x00,0x00,0x00,0x00,0x00,0x00,
0x00,0x08,0xff,0xff,0xff,0xff,0xff,0xff,0xff,0xff,0xff,0xff,0xff,0xff,0xff,0xff,0xff,0xff,0xff,0xff,0xff,0xff,0xff,0xff,
0xff,0xff,0xff,0xff,0xff,0xf7,0x00,0x00,0x00,0x00,0x00,0x00,0x00,0x00,0x00,0x08,0xff,0xff,0xff,0xff,0xff,0xff,0xff,0xff,
0xff,0xff,0xff,0xff,0xff,0xff,0xff,0xff,0xff,0xff,0xff,0xff,0xff,0xff,0xff,0xff,0xff,0xff,0xff,0xf7,0x00,0x00,0x00,0x00,
0x00,0x00,0x00,0x00,0x00,0x08,0xff,0xff,0xff,0xff,0xff,0xff,0xff,0xff,0xff,0xff,0xff,0xff,0xff,0xff,0xff,0xff,0xff,0xff,
0xff,0xff,0xff,0xff,0xff,0xff,0xff,0xff,0xff,0xf7,0x00,0x00,0x00,0x00,0x00,0x00,0x00,0x00,0x00,0x08,0xff,0xff,0xff,0xff,
0xff,0xff,0xff,0xff,0xff,0xff,0xff,0xff,0xff,0xff,0xff,0xff,0xff,0xff,0xff,0xff,0xff,0xff,0xff,0xff,0xff,0xff,0xff,0xf7,
0x00,0x00,0x00,0x00,0x00,0x00,0x00,0x00,0x00,0x00,0x00,0x00,0x00,0x00,0x00,0x00,0x00,0x00,0x00,0x00,0x04,0x79,0xab,0xcd,
0xfe,0xdc,0xba,0x86,0x20,0x00,0x00,0x00,0x00,0x00,0x00,0x00,0x00,0x00,0x00,0x00,0x00,0x00,0x00,0x00,0x00,0x00,0x00,0x00,
0x00,0x00,0x00,0x00,0x00,0x00,0x00,0x00,0x00,0x00,0x04,0x7b,0xef,0xff,0xff,0xff,0xff,0xff,0xff,0xff,0xfd,0x95,0x10,0x00,
0x00,0x00,0x00,0x00,0x00,0x00,0x00,0x00,0x00,0x00,0x00,0x00,0x00,0x00,0x00,0x00,0x00,0x00,0x00,0x00,0x00,0x00,0x00,0x00,
0x00,0x05,0xcf,0xff,0xff,0xff,0xff,0xff,0xff,0xff,0xff,0xff,0xff,0xff,0xf9,0x20,0x00,0x00,0x00,0x00,0x00,0x00,0x00,0x00,
0x00,0x00,0x00,0x00,0x00,0x00,0x00,0x00,0x00,0x00,0x00,0x00,0x00,0x00,0x00,0x00,0x06,0xdf,0xff,0xff,0xff,0xff,0xff,0xff,
0xff,0xff,0xff,0xff,0xff,0xff,0xff,0xf9,0x20,0x00,0x00,0x00,0x00,0x00,0x00,0x00,0x00,0x00,0x00,0x00,0x00,0x00,0x00,0x00,
0x00,0x00,0x00,0x00,0x00,0x00,0x00,0x03,0xdf,0xff,0xff,0xff,0xff,0xff,0xff,0xff,0xff,0xff,0xff,0xff,0xff,0xff,0xff,0xff,
0xf7,0x00,0x00,0x00,0x00,0x00,0x00,0x00,0x00,0x00,0x00,0x00,0x00,0x00,0x00,0x00,0x00,0x00,0x00,0x00,0x00,0x00,0x00,0x6e,
0xff,0xff,0xff,0xff,0xff,0xff,0xff,0xff,0xff,0xff,0xff,0xff,0xff,0xff,0xff,0xff,0xff,0xa1,0x00,0x00,0x00,0x00,0x00,0x00,
0x00,0x00,0x00,0x00,0x00,0x00,0x00,0x00,0x00,0x00,0x00,0x00,0x00,0x00,0x09,0xff,0xff,0xff,0xff,0xff,0xff,0xff,0xff,0xff,
0xff,0xff,0xff,0xff,0xff,0xff,0xff,0xff,0xff,0xfd,0x20,0x00,0x00,0x00,0x00,0x00,0x00,0x00,0x00,0x00,0x00,0x00,0x00,0x00,
0x00,0x00,0x00,0x00,0x00,0x00,0xbf,0xff,0xff,0xff,0xff,0xff,0xff,0xff,0xff,0xff,0xff,0xff,0xff,0xff,0xff,0xff,0xff,0xff,
0xff,0xff,0xe4,0x00,0x00,0x00,0x00,0x00,0x00,0x00,0x00,0x00,0x00,0x00,0x00,0x00,0x00,0x00,0x00,0x00,0x00,0x09,0xff,0xff,
0xff,0xff,0xff,0xff,0xff,0xff,0xff,0xff,0xff,0xff,0xff,0xff,0xff,0xff,0xff,0xff,0xff,0xff,0xfe,0x20,0x00,0x00,0x00,0x00,
0x00,0x00,0x00,0x00,0x00,0x00,0x00,0x00,0x00,0x00,0x00,0x00,0x00,0x7f,0xff,0xff,0xff,0xff,0xff,0xff,0xff,0xff,0xff,0xff,
0xff,0xff,0xff,0xff,0xff,0xff,0xff,0xff,0xff,0xff,0xff,0xc1,0x00,0x00,0x00,0x00,0x00,0x00,0x00,0x00,0x00,0x00,0x00,0x00,
0x00,0x00,0x00,0x00,0x04,0xff,0xff,0xff,0xff,0xff,0xff,0xff,0xff,0xff,0xca,0x87,0x67,0x9a,0xcf,0xff,0xff,0xff,0xff,0xff,
0xff,0xff,0xff,0xfa,0x00,0x00,0x00,0x00,0x00,0x00,0x00,0x00,0x00,0x00,0x00,0x00,0x00,0x00,0x00,0x00,0x1e,0xff,0xff,0xff,
0xff,0xff,0xff,0xff,0xfa,0x51,0x00,0x00,0x00,0x00,0x01,0x5a,0xff,0xff,0xff,0xff,0xff,0xff,0xff,0xff,0x70,0x00,0x00,0x00,
0x00,0x00,0x00,0x00,0x00,0x00,0x00,0x00,0x00,0x00,0x00,0x00,0x7f,0xff,0xff,0xff,0xff,0xff,0xff,0xfa,0x20,0x00,0x00,0x00,
0x00,0x00,0x00,0x00,0x3a,0xff,0xff,0xff,0xff,0xff,0xff,0xff,0xe1,0x00,0x00,0x00,0x00,0x00,0x00,0x00,0x00,0x00,0x00,0x00,
0x00,0x00,0x00,0x01,0xef,0xff,0xff,0xff,0xff,0xff,0xfe,0x40,0x00,0x00,0x00,0x00,0x00,0x00,0x00,0x00,0x00,0x5e,0xff,0xff,
0xff,0xff,0xff,0xff,0xf7,0x00,0x00,0x00,0x00,0x00,0x00,0x00,0x00,0x00,0x00,0x00,0x00,0x00,0x00,0x08,0xff,0xff,0xff,0xff,
0xff,0xff,0xd2,0x00,0x00,0x00,0x00,0x00,0x00,0x00,0x00,0x00,0x00,0x03,0xef,0xff,0xff,0xff,0xff,0xff,0xfe,0x10,0x00,0x00,
0x00,0x00,0x00,0x00,0x00,0x00,0x00,0x00,0x00,0x00,0x00,0x1e,0xff,0xff,0xff,0xff,0xff,0xfe,0x20,0x00,0x00,0x00,0x00,0x00,
0x00,0x00,0x00,0x00,0x00,0x00,0x2e,0xff,0xff,0xff,0xff,0xff,0xff,0x80,0x00,0x00,0x00,0x00,0x00,0x00,0x00,0x00,0x00,0x00,
0x00,0x00,0x00,0x5f,0xff,0xff,0xff,0xff,0xff,0xf5,0x00,0x00,0x00,0x00,0x00,0x00,0x00,0x00,0x00,0x00,0x00,0x00,0x05,0xff,
0xff,0xff,0xff,0xff,0xff,0xe0,0x00,0x00,0x00,0x00,0x00,0x00,0x00,0x00,0x00,0x00,0x00,0x00,0x00,0x9f,0xff,0xff,0xff,0xff,
0xff,0x90,0x00,0x00,0x00,0x00,0x00,0x00,0x00,0x00,0x00,0x00,0x00,0x00,0x00,0x8f,0xff,0xff,0xff,0xff,0xff,0xf3,0x00,0x00,
0x00,0x00,0x00,0x00,0x00,0x00,0x00,0x00,0x00,0x00,0x00,0xdf,0xff,0xff,0xff,0xff,0xff,0x20,0x00,0x00,0x00,0x00,0x00,0x00,
0x00,0x00,0x00,0x00,0x00,0x00,0x00,0x1e,0xff,0xff,0xff,0xff,0xff,0xf7,0x00,0x00,0x00,0x00,0x00,0x00,0x00,0x00,0x00,0x00,
0x00,0x00,0x02,0xff,0xff,0xff,0xff,0xff,0xf9,0x00,0x00,0x00,0x00,0x00,0x00,0x00,0x00,0x00,0x00,0x00,0x00,0x00,0x00,0x08,
0xff,0xff,0xff,0xff,0xff,0xfb,0x00,0x00,0x00,0x00,0x00,0x00,0x00,0x00,0x00,0x00,0x00,0x00,0x06,0xff,0xff,0xff,0xff,0xff,
0xf3,0x00,0x00,0x00,0x00,0x00,0x00,0x00,0x00,0x00,0x00,0x00,0x00,0x00,0x00,0x01,0xff,0xff,0xff,0xff,0xff,0xfe,0x00,0x00,
0x00,0x00,0x00,0x00,0x00,0x00,0x00,0x00,0x00,0x00,0x08,0xff,0xff,0xff,0xff,0xff,0xe0,0x00,0x00,0x00,0x00,0x00,0x00,0x00,
0x00,0x00,0x00,0x00,0x00,0x00,0x00,0x00,0xbf,0xff,0xff,0xff,0xff,0xff,0x30,0x00,0x00,0x00,0x00,0x00,0x00,0x00,0x00,0x00,
0x00,0x00,0x0a,0xff,0xff,0xff,0xff,0xff,0xb0,0x00,0x00,0x00,0x00,0x00,0x00,0x00,0x00,0x00,0x00,0x00,0x00,0x00,0x00,0x00,
0x8f,0xff,0xff,0xff,0xff,0xff,0x50,0x00,0x00,0x00,0x00,0x00,0x00,0x00,0x00,0x00,0x00,0x00,0x0b,0xff,0xff,0xff,0xff,0xff,
0x70,0x00,0x00,0x00,0x00,0x00,0x00,0x00,0x00,0x00,0x00,0x00,0x00,0x00,0x00,0x00,0x4f,0xff,0xff,0xff,0xff,0xff,0x60,0x00,
0x00,0x00,0x00,0x00,0x00,0x00,0x00,0x00,0x00,0x00,0x0c,0xff,0xff,0xff,0xff,0xff,0x60,0x00,0x00,0x00,0x00,0x00,0x00,0x00,
0x00,0x00,0x00,0x00,0x00,0x00,0x00,0x00,0x1f,0xff,0xff,0xff,0xff,0xff,0x70,0x00,0x00,0x00,0x00,0x00,0x00,0x00,0x00,0x00,
0x00,0x00,0x0d,0xff,0xff,0xff,0xff,0xff,0x50,0x00,0x00,0x00,0x00,0x00,0x00,0x00,0x00,0x00,0x00,0x00,0x00,0x00,0x00,0x00,
0x0f,0xff,0xff,0xff,0xff,0xff,0x90,0x00,0x00,0x00,0x00,0x00,0x00,0x00,0x00,0x00,0x00,0x00,0x0e,0xff,0xff,0xff,0xff,0xff,
0x40,0x00,0x00,0x00,0x00,0x00,0x00,0x00,0x00,0x00,0x00,0x00,0x00,0x00,0x00,0x00,0x0e,0xff,0xff,0xff,0xff,0xff,0xa0,0x00,
0x00,0x00,0x00,0x00,0x00,0x00,0x00,0x00,0x00,0x00,0x0f,0xff,0xff,0xff,0xff,0xff,0x30,0x00,0x00,0x00,0x00,0x00,0x00,0x00,
0x00,0x00,0x00,0x00,0x00,0x00,0x00,0x00,0x0d,0xff,0xff,0xff,0xff,0xff,0xb0,0x00,0x00,0x00,0x00,0x00,0x00,0x00,0x00,0x00,
0x00,0x00,0x0f,0xff,0xff,0xff,0xff,0xff,0x30,0x00,0x00,0x00,0x00,0x00,0x00,0x00,0x00,0x00,0x00,0x00,0x00,0x00,0x00,0x00,
0x0c,0xff,0xff,0xff,0xff,0xff,0xb0,0x00,0x00,0x00,0x00,0x00,0x00,0x00,0x00,0x00,0x00,0x00,0x07,0x77,0x77,0x77,0x77,0x77,
0x20,0x00,0x00,0x00,0x00,0x00,0x00,0x00,0x00,0x00,0x00,0x00,0x00,0x00,0x00,0x00,0x0c,0xff,0xff,0xff,0xff,0xff,0xb0,0x00,
0x00,0x00,0x00,0x00,0x00,0x00,0x00,0x00,0x00,0x00,0x00,0x00,0x00,0x00,0x00,0x00,0x00,0x00,0x00,0x00,0x00,0x00,0x00,0x00,
0x00,0x00,0x00,0x00,0x00,0x00,0x00,0x00,0x0c,0xff,0xff,0xff,0xff,0xff,0xb0,0x00,0x00,0x00,0x00,0x00,0x00,0x00,0x00,0x00,
0x00,0x00,0x00,0x00,0x00,0x00,0x00,0x00,0x00,0x00,0x00,0x00,0x00,0x00,0x00,0x00,0x00,0x00,0x00,0x00,0x00,0x00,0x00,0x00,
0x0d,0xff,0xff,0xff,0xff,0xff,0xa0,0x00,0x00,0x00,0x00,0x00,0x00,0x00,0x00,0x00,0x00,0x00,0x00,0x00,0x00,0x00,0x00,0x00,
0x00,0x00,0x00,0x00,0x00,0x00,0x00,0x00,0x00,0x00,0x00,0x00,0x00,0x00,0x00,0x00,0x0e,0xff,0xff,0xff,0xff,0xff,0x90,0x00,
0x00,0x00,0x00,0x00,0x00,0x00,0x00,0x00,0x00,0x00,0x00,0x00,0x00,0x00,0x00,0x00,0x00,0x00,0x00,0x00,0x00,0x00,0x00,0x00,
0x00,0x00,0x00,0x00,0x00,0x00,0x00,0x00,0x0f,0xff,0xff,0xff,0xff,0xff,0x80,0x00,0x00,0x00,0x00,0x00,0x00,0x00,0x00,0x00,
0x00,0x00,0x00,0x00,0x00,0x00,0x00,0x00,0x00,0x00,0x00,0x00,0x00,0x00,0x00,0x00,0x00,0x00,0x00,0x00,0x00,0x00,0x00,0x00,
0x1f,0xff,0xff,0xff,0xff,0xff,0x70,0x00,0x00,0x00,0x00,0x00,0x00,0x00,0x00,0x00,0x00,0x00,0x00,0x00,0x00,0x00,0x00,0x00,
0x00,0x00,0x00,0x00,0x00,0x00,0x00,0x00,0x00,0x00,0x00,0x00,0x00,0x00,0x00,0x00,0x3f,0xff,0xff,0xff,0xff,0xff,0x50,0x00,
0x00,0x00,0x00,0x00,0x00,0x00,0x00,0x00,0x00,0x00,0x00,0x00,0x00,0x00,0x00,0x00,0x00,0x00,0x00,0x00,0x00,0x00,0x00,0x00,
0x00,0x00,0x00,0x00,0x00,0x00,0x00,0x00,0x7f,0xff,0xff,0xff,0xff,0xff,0x20,0x00,0x00,0x00,0x00,0x00,0x00,0x00,0x00,0x00,
0x00,0x00,0x00,0x00,0x00,0x00,0x00,0x00,0x00,0x00,0x00,0x00,0x00,0x00,0x00,0x00,0x00,0x00,0x00,0x00,0x00,0x00,0x00,0x00,
0xbf,0xff,0xff,0xff,0xff,0xfe,0x00,0x00,0x00,0x00,0x00,0x00,0x00,0x00,0x00,0x00,0x00,0x00,0x00,0x00,0x00,0x00,0x00,0x00,
0x00,0x00,0x00,0x00,0x00,0x00,0x00,0x00,0x00,0x00,0x00,0x00,0x00,0x00,0x00,0x00,0xef,0xff,0xff,0xff,0xff,0xfa,0x00,0x00,
0x00,0x00,0x00,0x00,0x00,0x00,0x00,0x00,0x00,0x00,0x00,0x00,0x00,0x00,0x00,0x00,0x00,0x00,0x00,0x00,0x00,0x00,0x00,0x00,
0x00,0x00,0x00,0x00,0x00,0x00,0x00,0x06,0xff,0xff,0xff,0xff,0xff,0xf5,0x00,0x00,0x00,0x00,0x00,0x00,0x00,0x00,0x00,0x00,
0x00,0x00,0x00,0x00,0x00,0x00,0x00,0x00,0x00,0x00,0x00,0x00,0x00,0x00,0x00,0x00,0x00,0x00,0x00,0x00,0x00,0x00,0x00,0x0d,
0xff,0xff,0xff,0xff,0xff,0xe1,0x00,0x00,0x00,0x00,0x00,0x00,0x00,0x00,0x00,0x00,0x00,0x00,0x00,0x00,0x00,0x00,0x00,0x00,
0x00,0x00,0x00,0x00,0x00,0x00,0x00,0x00,0x00,0x00,0x00,0x00,0x00,0x00,0x00,0x5f,0xff,0xff,0xff,0xff,0xff,0x90,0x00,0x00,
0x00,0x00,0x00,0x00,0x00,0x00,0x00,0x00,0x00,0x00,0x00,0x00,0x00,0x00,0x00,0x00,0x00,0x00,0x00,0x00,0x00,0x00,0x00,0x00,
0x00,0x00,0x00,0x00,0x00,0x00,0x02,0xef,0xff,0xff,0xff,0xff,0xff,0x20,0x00,0x00,0x00,0x00,0x00,0x00,0x00,0x00,0x00,0x00,
0x00,0x00,0x00,0x00,0x00,0x00,0x00,0x00,0x00,0x00,0x00,0x00,0x00,0x00,0x00,0x00,0x00,0x00,0x00,0x00,0x00,0x00,0x0b,0xff,
0xff,0xff,0xff,0xff,0xf9,0x00,0x00,0x00,0x00,0x00,0x00,0x00,0x00,0x00,0x00,0x00,0x00,0x00,0x00,0x00,0x00,0x00,0x00,0x00,
0x00,0x00,0x00,0x00,0x00,0x00,0x00,0x00,0x00,0x00,0x00,0x00,0x00,0x00,0x9f,0xff,0xff,0xff,0xff,0xff,0xe1,0x00,0x00,0x00,
0x00,0x00,0x00,0x00,0x00,0x00,0x00,0x00,0x00,0x00,0x00,0x00,0x00,0x00,0x00,0x00,0x00,0x00,0x00,0x00,0x00,0x00,0x00,0x00,
0x00,0x00,0x00,0x00,0x00,0x0a,0xff,0xff,0xff,0xff,0xff,0xff,0x50,0x00,0x00,0x00,0x00,0x00,0x00,0x00,0x00,0x00,0x00,0x00,
0x00,0x00,0x00,0x00,0x00,0x00,0x00,0x00,0x00,0x00,0x00,0x00,0x00,0x00,0x00,0x00,0x00,0x00,0x00,0x00,0x02,0xcf,0xff,0xff,
0xff,0xff,0xff,0xf9,0x00,0x00,0x00,0x00,0x00,0x00,0x00,0x00,0x00,0x00,0x00,0x00,0x00,0x00,0x00,0x00,0x00,0x00,0x00,0x00,
0x00,0x00,0x00,0x00,0x00,0x00,0x00,0x00,0x00,0x00,0x00,0x01,0x9f,0xff,0xff,0xff,0xff,0xff,0xff,0xc1,0x00,0x00,0x00,0x00,
0x00,0x00,0x00,0x00,0x00,0x00,0x00,0x00,0x00,0x00,0x00,0x00,0x00,0x00,0x00,0x00,0x00,0x00,0x00,0x00,0x00,0x00,0x00,0x00,
0x00,0x00,0x15,0xae,0xff,0xff,0xff,0xff,0xff,0xff,0xfc,0x10,0x00,0x00,0x00,0x00,0x00,0x00,0x00,0x00,0x00,0x00,0x00,0x00,
0x00,0x00,0x00,0x00,0x00,0x00,0x00,0x00,0x00,0x00,0x00,0x00,0x00,0x68,0x88,0x88,0x9a,0xbd,0xff,0xff,0xff,0xff,0xff,0xff,
0xff,0xff,0xc1,0x00,0x00,0x00,0x00,0x00,0x00,0x00,0x00,0x00,0x00,0x00,0x00,0x00,0x00,0x00,0x00,0x00,0x00,0x00,0x00,0x00,
0x00,0x00,0x00,0x00,0x00,0xaf,0xff,0xff,0xff,0xff,0xff,0xff,0xff,0xff,0xff,0xff,0xff,0xfa,0x10,0x00,0x00,0x00,0x00,0x00,
0x00,0x00,0x00,0x00,0x00,0x00,0x00,0x00,0x00,0x00,0x00,0x00,0x00,0x00,0x00,0x00,0x00,0x00,0x00,0x00,0x00,0xaf,0xff,0xff,
0xff,0xff,0xff,0xff,0xff,0xff,0xff,0xff,0xff,0x60,0x00,0x00,0x00,0x00,0x00,0x00,0x00,0x00,0x00,0x00,0x00,0x00,0x00,0x00,
0x00,0x00,0x00,0x00,0x00,0x00,0x00,0x00,0x00,0x00,0x00,0x00,0x00,0xaf,0xff,0xff,0xff,0xff,0xff,0xff,0xff,0xff,0xff,0xff,
0xa2,0x00,0x00,0x00,0x00,0x00,0x00,0x00,0x00,0x00,0x00,0x00,0x00,0x00,0x00,0x00,0x00,0x00,0x00,0x00,0x00,0x00,0x00,0x00,
0x00,0x00,0x00,0x00,0x00,0xaf,0xff,0xff,0xff,0xff,0xff,0xff,0xff,0xff,0xff,0xf5,0x00,0x00,0x00,0x00,0x00,0x00,0x00,0x00,
0x00,0x00,0x00,0x00,0x00,0x00,0x00,0x00,0x00,0x00,0x00,0x00,0x00,0x00,0x00,0x00,0x00,0x00,0x00,0x00,0x00,0xaf,0xff,0xff,
0xff,0xff,0xff,0xff,0xff,0xff,0xff,0xff,0x92,0x00,0x00,0x00,0x00,0x00,0x00,0x00,0x00,0x00,0x00,0x00,0x00,0x00,0x00,0x00,
0x00,0x00,0x00,0x00,0x00,0x00,0x00,0x00,0x00,0x00,0x00,0x00,0x00,0xaf,0xff,0xff,0xff,0xff,0xff,0xff,0xff,0xff,0xff,0xff,
0xff,0x91,0x00,0x00,0x00,0x00,0x00,0x00,0x00,0x00,0x00,0x00,0x00,0x00,0x00,0x00,0x00,0x00,0x00,0x00,0x00,0x00,0x00,0x00,
0x00,0x00,0x00,0x00,0x00,0xaf,0xff,0xff,0xff,0xff,0xff,0xff,0xff,0xff,0xff,0xff,0xff,0xfd,0x40,0x00,0x00,0x00,0x00,0x00,
0x00,0x00,0x00,0x00,0x00,0x00,0x00,0x00,0x00,0x00,0x00,0x00,0x00,0x00,0x00,0x00,0x00,0x00,0x00,0x00,0x00,0xaf,0xff,0xff,
0xff,0xff,0xff,0xff,0xff,0xff,0xff,0xff,0xff,0xff,0xf8,0x00,0x00,0x00,0x00,0x00,0x00,0x00,0x00,0x00,0x00,0x00,0x00,0x00,
0x00,0x00,0x00,0x00,0x00,0x00,0x00,0x00,0x00,0x00,0x00,0x00,0x00,0xaf,0xff,0xff,0xff,0xff,0xff,0xff,0xff,0xff,0xff,0xff,
0xff,0xff,0xff,0x90,0x00,0x00,0x00,0x00,0x00,0x00,0x00,0x00,0x00,0x00,0x00,0x00,0x00,0x00,0x00,0x00,0x00,0x00,0x00,0x00,
0x00,0x00,0x00,0x00,0x00,0xaf,0xff,0xff,0xff,0xff,0xff,0xff,0xff,0xff,0xff,0xff,0xff,0xff,0xff,0xf9,0x00,0x00,0x00,0x00,
0x00,0x00,0x00,0x00,0x00,0x00,0x00,0x00,0x00,0x00,0x00,0x00,0x00,0x00,0x00,0x00,0x00,0x00,0x00,0x00,0x00,0x00,0x00,0x00,
0x12,0x34,0x6a,0xef,0xff,0xff,0xff,0xff,0xff,0xff,0xff,0xff,0x80,0x00,0x00,0x00,0x00,0x00,0x00,0x00,0x00,0x00,0x00,0x00,
0x00,0x00,0x00,0x00,0x00,0x00,0x00,0x00,0x00,0x00,0x00,0x00,0x00,0x00,0x00,0x00,0x00,0x00,0x00,0x03,0xaf,0xff,0xff,0xff,
0xff,0xff,0xff,0xff,0xf4,0x00,0x00,0x00,0x00,0x00,0x00,0x00,0x00,0x00,0x00,0x00,0x00,0x00,0x00,0x00,0x00,0x00,0x00,0x00,
0x00,0x00,0x00,0x00,0x00,0x00,0x00,0x00,0x00,0x00,0x00,0x00,0x03,0xaf,0xff,0xff,0xff,0xff,0xff,0xff,0xfe,0x10,0x00,0x00,
0x00,0x00,0x00,0x00,0x00,0x00,0x00,0x00,0x00,0x00,0x00,0x00,0x00,0x00,0x00,0x00,0x00,0x00,0x00,0x00,0x00,0x00,0x00,0x00,
0x00,0x00,0x00,0x00,0x00,0x05,0xef,0xff,0xff,0xff,0xff,0xff,0xff,0xa0,0x00,0x00,0x00,0x00,0x00,0x00,0x00,0x00,0x00,0x00,
0x00,0x00,0x00,0x00,0x00,0x00,0x00,0x00,0x00,0x00,0x00,0x00,0x00,0x00,0x00,0x00,0x00,0x00,0x00,0x00,0x00,0x00,0x3e,0xff,
0xff,0xff,0xff,0xff,0xff,0xf2,0x00,0x00,0x00,0x00,0x00,0x00,0x00,0x00,0x00,0x00,0x00,0x00,0x00,0x00,0x00,0x00,0x00,0x00,
0x00,0x00,0x00,0x00,0x00,0x00,0x00,0x00,0x00,0x00,0x00,0x00,0x00,0x00,0x02,0xef,0xff,0xff,0xff,0xff,0xff,0xfa,0x00,0x00,
0x00,0x00,0x00,0x00,0x00,0x00,0x00,0x00,0x00,0x00,0x00,0x00,0x00,0x00,0x00,0x00,0x00,0x00,0x00,0x00,0x00,0x00,0x00,0x00,
0x00,0x00,0x00,0x00,0x00,0x00,0x00,0x4f,0xff,0xff,0xff,0xff,0xff,0xff,0x30,0x00,0x00,0x00,0x00,0x00,0x00,0x00,0x00,0x00,
0x00,0x00,0x00,0x00,0x00,0x00,0x00,0x00,0x00,0x00,0x00,0x00,0x00,0x00,0x00,0x00,0x00,0x00,0x00,0x00,0x00,0x00,0x00,0x07,
0xff,0xff,0xff,0xff,0xff,0xff,0x80,0x00,0x00,0x00,0x00,0x00,0x00,0x00,0x00,0x00,0x00,0x00,0x00,0x00,0x00,0x00,0x00,0x00,
0x00,0x00,0x00,0x00,0x00,0x00,0x00,0x00,0x00,0x00,0x00,0x00,0x00,0x00,0x00,0x00,0xcf,0xff,0xff,0xff,0xff,0xff,0xd0,0x00,
0x00,0x00,0x00,0x00,0x00,0x00,0x00,0x00,0x00,0x00,0x00,0x00,0x00,0x00,0x00,0x00,0x00,0x00,0x00,0x00,0x00,0x00,0x00,0x00,
0x00,0x00,0x00,0x00,0x00,0x00,0x00,0x00,0x5f,0xff,0xff,0xff,0xff,0xff,0xf3,0x00,0x00,0x00,0x00,0x00,0x00,0x00,0x00,0x00,
0x00,0x00,0x00,0x00,0x00,0x00,0x00,0x00,0x00,0x00,0x00,0x00,0x00,0x00,0x00,0x00,0x00,0x00,0x00,0x00,0x00,0x00,0x00,0x00,
0x0d,0xff,0xff,0xff,0xff,0xff,0xf8,0x00,0x00,0x00,0x00,0x00,0x00,0x00,0x00,0x00,0x00,0x00,0x00,0x00,0x00,0x00,0x00,0x00,
0x00,0x00,0x00,0x00,0x00,0x00,0x00,0x00,0x00,0x00,0x00,0x00,0x00,0x00,0x00,0x00,0x06,0xff,0xff,0xff,0xff,0xff,0xfb,0x00,
0x00,0x00,0x00,0x00,0x00,0x00,0x00,0x00,0x00,0x00,0x00,0x00,0x00,0x00,0x00,0x00,0x00,0x00,0x00,0x00,0x00,0x00,0x00,0x00,
0x00,0x00,0x00,0x00,0x00,0x00,0x00,0x00,0x02,0xff,0xff,0xff,0xff,0xff,0xfe,0x00,0x00,0x00,0x00,0x00,0x00,0x00,0x00,0x00,
0x00,0x00,0x00,0x00,0x00,0x00,0x00,0x00,0x00,0x00,0x00,0x00,0x00,0x00,0x00,0x00,0x00,0x00,0x00,0x00,0x00,0x00,0x00,0x00,
0x00,0xdf,0xff,0xff,0xff,0xff,0xff,0x20,0x00,0x00,0x00,0x00,0x00,0x00,0x00,0x00,0x00,0x00,0x00,0x00,0x00,0x00,0x00,0x00,
0x00,0x00,0x00,0x00,0x00,0x00,0x00,0x00,0x00,0x00,0x00,0x00,0x00,0x00,0x00,0x00,0x00,0x9f,0xff,0xff,0xff,0xff,0xff,0x40,
0x00,0x00,0x00,0x00,0x00,0x00,0x00,0x00,0x00,0x00,0x00,0x00,0x00,0x00,0x00,0x00,0x00,0x00,0x00,0x00,0x00,0x00,0x00,0x00,
0x00,0x00,0x00,0x00,0x00,0x00,0x00,0x00,0x00,0x6f,0xff,0xff,0xff,0xff,0xff,0x60,0x00,0x00,0x00,0x00,0x00,0x00,0x00,0x00,
0x00,0x00,0x00,0x00,0x00,0x00,0x00,0x00,0x00,0x00,0x00,0x00,0x00,0x00,0x00,0x00,0x00,0x00,0x00,0x00,0x00,0x00,0x00,0x00,
0x00,0x4f,0xff,0xff,0xff,0xff,0xff,0x70,0x00,0x00,0x00,0x00,0x00,0x00,0x00,0x00,0x00,0x00,0x00,0x00,0x00,0x00,0x00,0x00,
0x00,0x00,0x00,0x00,0x00,0x00,0x00,0x00,0x00,0x00,0x00,0x00,0x00,0x00,0x00,0x00,0x00,0x3f,0xff,0xff,0xff,0xff,0xff,0x80,
0x00,0x00,0x00,0x00,0x00,0x00,0x00,0x00,0x00,0x00,0x00,0x00,0x00,0x00,0x00,0x00,0x00,0x00,0x00,0x00,0x00,0x00,0x00,0x00,
0x00,0x00,0x00,0x00,0x00,0x00,0x00,0x00,0x00,0x2f,0xff,0xff,0xff,0xff,0xff,0x90,0x00,0x00,0x00,0x00,0x00,0x00,0x00,0x00,
0x00,0x00,0x00,0x00,0x00,0x00,0x00,0x00,0x00,0x00,0x00,0x00,0x00,0x00,0x00,0x00,0x00,0x00,0x00,0x00,0x00,0x00,0x00,0x00,
0x00,0x1f,0xff,0xff,0xff,0xff,0xff,0x90,0x00,0x00,0x00,0x00,0x00,0x00,0x00,0x00,0x00,0x00,0x00,0x00,0x00,0x00,0x00,0x00,
0x00,0x00,0x00,0x00,0x00,0x00,0x00,0x00,0x00,0x00,0x00,0x00,0x00,0x00,0x00,0x00,0x00,0x1f,0xff,0xff,0xff,0xff,0xff,0xa0,
0x00,0x00,0x00,0x00,0x00,0x00,0x00,0x00,0x00,0x00,0x00,0x00,0x00,0x00,0x00,0x00,0x00,0x00,0x00,0x00,0x00,0x00,0x00,0x00,
0x00,0x00,0x00,0x00,0x00,0x00,0x00,0x00,0x00,0x1f,0xff,0xff,0xff,0xff,0xff,0xa0,0x00,0x00,0x00,0x00,0x00,0x00,0x00,0x00,
0x00,0x00,0x00,0x00,0x00,0x00,0x00,0x00,0x00,0x00,0x00,0x00,0x00,0x00,0x00,0x00,0x00,0x00,0x00,0x00,0x00,0x00,0x00,0x00,
0x00,0x1f,0xff,0xff,0xff,0xff,0xff,0xa0,0x00,0x00,0x00,0x00,0x00,0x00,0x00,0x00,0x00,0x00,0x00,0x00,0x00,0x00,0x00,0x00,
0x00,0x00,0x00,0x00,0x00,0x00,0x00,0x00,0x00,0x00,0x00,0x00,0x00,0x00,0x00,0x00,0x00,0x1f,0xff,0xff,0xff,0xff,0xff,0x90,
0x00,0x00,0x00,0x00,0x00,0x00,0x00,0x00,0x00,0x01,0x55,0x55,0x55,0x55,0x55,0x52,0x00,0x00,0x00,0x00,0x00,0x00,0x00,0x00,
0x00,0x00,0x00,0x00,0x00,0x00,0x00,0x00,0x00,0x1f,0xff,0xff,0xff,0xff,0xff,0x90,0x00,0x00,0x00,0x00,0x00,0x00,0x00,0x00,
0x00,0x04,0xff,0xff,0xff,0xff,0xff,0xf7,0x00,0x00,0x00,0x00,0x00,0x00,0x00,0x00,0x00,0x00,0x00,0x00,0x00,0x00,0x00,0x00,
0x00,0x2f,0xff,0xff,0xff,0xff,0xff,0x80,0x00,0x00,0x00,0x00,0x00,0x00,0x00,0x00,0x00,0x04,0xff,0xff,0xff,0xff,0xff,0xf7,
0x00,0x00,0x00,0x00,0x00,0x00,0x00,0x00,0x00,0x00,0x00,0x00,0x00,0x00,0x00,0x00,0x00,0x3f,0xff,0xff,0xff,0xff,0xff,0x80,
0x00,0x00,0x00,0x00,0x00,0x00,0x00,0x00,0x00,0x03,0xff,0xff,0xff,0xff,0xff,0xf7,0x00,0x00,0x00,0x00,0x00,0x00,0x00,0x00,
0x00,0x00,0x00,0x00,0x00,0x00,0x00,0x00,0x00,0x4f,0xff,0xff,0xff,0xff,0xff,0x60,0x00,0x00,0x00,0x00,0x00,0x00,0x00,0x00,
0x00,0x02,0xff,0xff,0xff,0xff,0xff,0xf9,0x00,0x00,0x00,0x00,0x00,0x00,0x00,0x00,0x00,0x00,0x00,0x00,0x00,0x00,0x00,0x00,
0x00,0x6f,0xff,0xff,0xff,0xff,0xff,0x40,0x00,0x00,0x00,0x00,0x00,0x00,0x00,0x00,0x00,0x01,0xff,0xff,0xff,0xff,0xff,0xfa,
0x00,0x00,0x00,0x00,0x00,0x00,0x00,0x00,0x00,0x00,0x00,0x00,0x00,0x00,0x00,0x00,0x00,0xaf,0xff,0xff,0xff,0xff,0xff,0x30,
0x00,0x00,0x00,0x00,0x00,0x00,0x00,0x00,0x00,0x00,0xff,0xff,0xff,0xff,0xff,0xfc,0x00,0x00,0x00,0x00,0x00,0x00,0x00,0x00,
0x00,0x00,0x00,0x00,0x00,0x00,0x00,0x00,0x00,0xef,0xff,0xff,0xff,0xff,0xff,0x00,0x00,0x00,0x00,0x00,0x00,0x00,0x00,0x00,
0x00,0x00,0xdf,0xff,0xff,0xff,0xff,0xff,0x10,0x00,0x00,0x00,0x00,0x00,0x00,0x00,0x00,0x00,0x00,0x00,0x00,0x00,0x00,0x00,
0x02,0xff,0xff,0xff,0xff,0xff,0xfc,0x00,0x00,0x00,0x00,0x00,0x00,0x00,0x00,0x00,0x00,0x00,0xcf,0xff,0xff,0xff,0xff,0xff,
0x50,0x00,0x00,0x00,0x00,0x00,0x00,0x00,0x00,0x00,0x00,0x00,0x00,0x00,0x00,0x00,0x08,0xff,0xff,0xff,0xff,0xff,0xf9,0x00,
0x00,0x00,0x00,0x00,0x00,0x00,0x00,0x00,0x00,0x00,0x9f,0xff,0xff,0xff,0xff,0xff,0x90,0x00,0x00,0x00,0x00,0x00,0x00,0x00,
0x00,0x00,0x00,0x00,0x00,0x00,0x00,0x00,0x1e,0xff,0xff,0xff,0xff,0xff,0xf4,0x00,0x00,0x00,0x00,0x00,0x00,0x00,0x00,0x00,
0x00,0x00,0x5f,0xff,0xff,0xff,0xff,0xff,0xf2,0x00,0x00,0x00,0x00,0x00,0x00,0x00,0x00,0x00,0x00,0x00,0x00,0x00,0x00,0x00,
0x7f,0xff,0xff,0xff,0xff,0xff,0xe0,0x00,0x00,0x00,0x00,0x00,0x00,0x00,0x00,0x00,0x00,0x00,0x1f,0xff,0xff,0xff,0xff,0xff,
0xf9,0x00,0x00,0x00,0x00,0x00,0x00,0x00,0x00,0x00,0x00,0x00,0x00,0x00,0x00,0x01,0xef,0xff,0xff,0xff,0xff,0xff,0xa0,0x00,
0x00,0x00,0x00,0x00,0x00,0x00,0x00,0x00,0x00,0x00,0x0b,0xff,0xff,0xff,0xff,0xff,0xff,0x30,0x00,0x00,0x00,0x00,0x00,0x00,
0x00,0x00,0x00,0x00,0x00,0x00,0x00,0x0b,0xff,0xff,0xff,0xff,0xff,0xff,0x40,0x00,0x00,0x00,0x00,0x00,0x00,0x00,0x00,0x00,
0x00,0x00,0x07,0xff,0xff,0xff,0xff,0xff,0xff,0xe2,0x00,0x00,0x00,0x00,0x00,0x00,0x00,0x00,0x00,0x00,0x00,0x00,0x00,0x7f,
0xff,0xff,0xff,0xff,0xff,0xfc,0x00,0x00,0x00,0x00,0x00,0x00,0x00,0x00,0x00,0x00,0x00,0x00,0x02,0xff,0xff,0xff,0xff,0xff,
0xff,0xfc,0x10,0x00,0x00,0x00,0x00,0x00,0x00,0x00,0x00,0x00,0x00,0x00,0x06,0xff,0xff,0xff,0xff,0xff,0xff,0xf5,0x00,0x00,
0x00,0x00,0x00,0x00,0x00,0x00,0x00,0x00,0x00,0x00,0x00,0x8f,0xff,0xff,0xff,0xff,0xff,0xff,0xd3,0x00,0x00,0x00,0x00,0x00,
0x00,0x00,0x00,0x00,0x00,0x00,0x8f,0xff,0xff,0xff,0xff,0xff,0xff,0xc0,0x00,0x00,0x00,0x00,0x00,0x00,0x00,0x00,0x00,0x00,
0x00,0x00,0x00,0x1e,0xff,0xff,0xff,0xff,0xff,0xff,0xff,0x70,0x00,0x00,0x00,0x00,0x00,0x00,0x00,0x00,0x00,0x3b,0xff,0xff,
0xff,0xff,0xff,0xff,0xff,0x40,0x00,0x00,0x00,0x00,0x00,0x00,0x00,0x00,0x00,0x00,0x00,0x00,0x00,0x07,0xff,0xff,0xff,0xff,
0xff,0xff,0xff,0xfd,0x71,0x00,0x00,0x00,0x00,0x00,0x00,0x00,0x2a,0xff,0xff,0xff,0xff,0xff,0xff,0xff,0xf9,0x00,0x00,0x00,
0x00,0x00,0x00,0x00,0x00,0x00,0x00,0x00,0x00,0x00,0x00,0x00,0xdf,0xff,0xff,0xff,0xff,0xff,0xff,0xff,0xfe,0xa7,0x31,0x00,
0x00,0x00,0x14,0x8d,0xff,0xff,0xff,0xff,0xff,0xff,0xff,0xff,0xc0,0x00,0x00,0x00,0x00,0x00,0x00,0x00,0x00,0x00,0x00,0x00,
0x00,0x00,0x00,0x00,0x2e,0xff,0xff,0xff,0xff,0xff,0xff,0xff,0xff,0xff,0xff,0xfd,0xcd,0xef,0xff,0xff,0xff,0xff,0xff,0xff,
0xff,0xff,0xff,0xfe,0x20,0x00,0x00,0x00,0x00,0x00,0x00,0x00,0x00,0x00,0x00,0x00,0x00,0x00,0x00,0x00,0x03,0xef,0xff,0xff,
0xff,0xff,0xff,0xff,0xff,0xff,0xff,0xff,0xff,0xff,0xff,0xff,0xff,0xff,0xff,0xff,0xff,0xff,0xff,0xe3,0x00,0x00,0x00,0x00,
0x00,0x00,0x00,0x00,0x00,0x00,0x00,0x00,0x00,0x00,0x00,0x00,0x00,0x4f,0xff,0xff,0xff,0xff,0xff,0xff,0xff,0xff,0xff,0xff,
0xff,0xff,0xff,0xff,0xff,0xff,0xff,0xff,0xff,0xff,0xfe,0x40,0x00,0x00,0x00,0x00,0x00,0x00,0x00,0x00,0x00,0x00,0x00,0x00,
0x00,0x00,0x00,0x00,0x00,0x05,0xff,0xff,0xff,0xff,0xff,0xff,0xff,0xff,0xff,0xff,0xff,0xff,0xff,0xff,0xff,0xff,0xff,0xff,
0xff,0xff,0xe3,0x00,0x00,0x00,0x00,0x00,0x00,0x00,0x00,0x00,0x00,0x00,0x00,0x00,0x00,0x00,0x00,0x00,0x00,0x00,0x3d,0xff,
0xff,0xff,0xff,0xff,0xff,0xff,0xff,0xff,0xff,0xff,0xff,0xff,0xff,0xff,0xff,0xff,0xff,0xfc,0x20,0x00,0x00,0x00,0x00,0x00,
0x00,0x00,0x00,0x00,0x00,0x00,0x00,0x00,0x00,0x00,0x00,0x00,0x00,0x00,0x01,0x9f,0xff,0xff,0xff,0xff,0xff,0xff,0xff,0xff,
0xff,0xff,0xff,0xff,0xff,0xff,0xff,0xff,0xff,0x90,0x00,0x00,0x00,0x00,0x00,0x00,0x00,0x00,0x00,0x00,0x00,0x00,0x00,0x00,
0x00,0x00,0x00,0x00,0x00,0x00,0x00,0x05,0xdf,0xff,0xff,0xff,0xff,0xff,0xff,0xff,0xff,0xff,0xff,0xff,0xff,0xff,0xff,0xff,
0xc4,0x00,0x00,0x00,0x00,0x00,0x00,0x00,0x00,0x00,0x00,0x00,0x00,0x00,0x00,0x00,0x00,0x00,0x00,0x00,0x00,0x00,0x00,0x00,
0x05,0xcf,0xff,0xff,0xff,0xff,0xff,0xff,0xff,0xff,0xff,0xff,0xff,0xff,0xff,0xc6,0x00,0x00,0x00,0x00,0x00,0x00,0x00,0x00,
0x00,0x00,0x00,0x00,0x00,0x00,0x00,0x00,0x00,0x00,0x00,0x00,0x00,0x00,0x00,0x00,0x00,0x04,0xaf,0xff,0xff,0xff,0xff,0xff,
0xff,0xff,0xff,0xff,0xff,0xfe,0xa4,0x00,0x00,0x00,0x00,0x00,0x00,0x00,0x00,0x00,0x00,0x00,0x00,0x00,0x00,0x00,0x00,0x00,
0x00,0x00,0x00,0x00,0x00,0x00,0x00,0x00,0x00,0x00,0x00,0x47,0xbe,0xff,0xff,0xff,0xff,0xff,0xff,0xff,0xc9,0x51,0x00,0x00,
0x00,0x00,0x00,0x00,0x00,0x00,0x00,0x00,0x00,0x00,0x00,0x00,0x00,0x00,0x00,0x00,0x00,0x00,0x00,0x00,0x00,0x00,0x00,0x00,
0x00,0x00,0x00,0x00,0x00,0x24,0x56,0x78,0x99,0x88,0x64,0x30,0x00,0x00,0x00,0x00,0x00,0x00,0x00,0x00,0x00,0x00,0x00,0x00,
0x00,0x00,0x00,0x00,0x00,0x00,0x00,0x00,0x00,0x00,0x00,0x00,0x00,0x00,0x00,0x00,0x00,0x00,0x00,0x00,0x00,0x00,0x00,0x00,
0x00,0x46,0x66,0x66,0x66,0x66,0x66,0x00,0x00,0x00,0x00,0x00,0x00,0x00,0x00,0x00,0x00,0x00,0x00,0x00,0x00,0x00,0x00,0x00,
0x00,0x00,0x00,0x00,0x00,0x00,0x00,0x00,0x00,0x00,0x00,0x00,0x00,0x00,0x00,0x00,0x00,0xdf,0xff,0xff,0xff,0xff,0xfc,0x00,
0x00,0x00,0x00,0x00,0x00,0x00,0x00,0x00,0x00,0x00,0x00,0x00,0x00,0x00,0x00,0x00,0x00,0x00,0x00,0x00,0x00,0x00,0x00,0x00,
0x00,0x00,0x00,0x00,0x00,0x00,0x00,0x00,0x05,0xff,0xff,0xff,0xff,0xff,0xf5,0x00,0x00,0x00,0x00,0x00,0x00,0x00,0x00,0x00,
0x00,0x00,0x00,0x00,0x00,0x00,0x00,0x00,0x00,0x00,0x00,0x00,0x00,0x00,0x00,0x00,0x00,0x00,0x00,0x00,0x00,0x00,0x00,0x00,
0x0b,0xff,0xff,0xff,0xff,0xff,0xe0,0x00,0x00,0x00,0x00,0x00,0x00,0x00,0x00,0x00,0x00,0x00,0x00,0x00,0x00,0x00,0x00,0x00,
0x00,0x00,0x00,0x00,0x00,0x00,0x00,0x00,0x00,0x00,0x00,0x00,0x00,0x00,0x00,0x00,0x3f,0xff,0xff,0xff,0xff,0xff,0x80,0x00,
0x00,0x00,0x00,0x00,0x00,0x00,0x00,0x00,0x00,0x00,0x00,0x00,0x00,0x00,0x00,0x00,0x00,0x00,0x00,0x00,0x00,0x00,0x00,0x00,
0x00,0x00,0x00,0x00,0x00,0x00,0x00,0x00,0x9f,0xff,0xff,0xff,0xff,0xff,0x20,0x00,0x00,0x00,0x00,0x00,0x00,0x00,0x00,0x00,
0x00,0x00,0x00,0x00,0x00,0x00,0x00,0x00,0x00,0x00,0x00,0x00,0x00,0x00,0x00,0x00,0x00,0x00,0x00,0x00,0x00,0x00,0x00,0x01,
0xef,0xff,0xff,0xff,0xff,0xfa,0x00,0x00,0x00,0x00,0x00,0x00,0x00,0x00,0x00,0x00,0x00,0x00,0x00,0x00,0x00,0x00,0x00,0x00,
0x00,0x00,0x00,0x00,0x00,0x00,0x00,0x00,0x00,0x00,0x00,0x00,0x00,0x00,0x00,0x07,0xff,0xff,0xff,0xff,0xff,0xf4,0x00,0x00,
0x00,0x00,0x00,0x00,0x00,0x00,0x00,0x00,0x00,0x00,0x00,0x00,0x00,0x00,0x00,0x00,0x00,0x00,0x00,0x00,0x00,0x00,0x00,0x00,
0x00,0x00,0x00,0x00,0x00,0x00,0x00,0x0d,0xff,0xff,0xff,0xff,0xff,0xc0,0x00,0x00,0x00,0x00,0x00,0x00,0x00,0x00,0x00,0x00,
0x00,0x00,0x00,0x00,0x00,0x00,0x00,0x00,0x00,0x00,0x00,0x00,0x00,0x00,0x00,0x00,0x00,0x00,0x00,0x00,0x00,0x00,0x00,0x4f,
0xff,0xff,0xff,0xff,0xff,0x60,0x00,0x00,0x00,0x00,0x00,0x00,0x00,0x00,0x00,0x00,0x00,0x00,0x00,0x00,0x00,0x00,0x00,0x00,
0x00,0x00,0x00,0x00,0x00,0x00,0x00,0x00,0x00,0x00,0x00,0x00,0x00,0x00,0x00,0xbf,0xff,0xff,0xff,0xff,0xfe,0x10,0x00,0x00,
0x00,0x00,0x00,0x00,0x00,0x00,0x00,0x00,0x00,0x00,0x00,0x00,0x00,0x00,0x00,0x00,0x00,0x00,0x00,0x00,0x00,0x00,0x00,0x00,
0x00,0x00,0x00,0x00,0x00,0x00,0x02,0xff,0xff,0xff,0xff,0xff,0xf8,0x00,0x00,0x00,0x00,0x00,0x00,0x00,0x00,0x00,0x00,0x00,
0x00,0x00,0x00,0x00,0x00,0x00,0x00,0x00,0x00,0x00,0x00,0x00,0x00,0x00,0x00,0x00,0x00,0x00,0x00,0x00,0x00,0x00,0x08,0xff,
0xff,0xff,0xff,0xff,0xf2,0x00,0x00,0x00,0x00,0x00,0x00,0x00,0x00,0x00,0x00,0x00,0x00,0x00,0x00,0x00,0x00,0x00,0x00,0x00,
0x00,0x00,0x00,0x00,0x00,0x00,0x00,0x00,0x00,0x00,0x00,0x00,0x00,0x00,0x1e,0xff,0xff,0xff,0xff,0xff,0xa0,0x00,0x00,0x00,
0x00,0x00,0x00,0x00,0x00,0x00,0x00,0x00,0x00,0x00,0x00,0x00,0x00,0x00,0x00,0x00,0x00,0x00,0x00,0x00,0x00,0x00,0x00,0x00,
0x00,0x00,0x00,0x00,0x00,0x00,0x6f,0xff,0xff,0xff,0xff,0xff,0x40,0x00,0x00,0x00,0x00,0x00,0x00,0x00,0x00,0x00,0x00,0x00,
0x00,0x00,0x00,0x00,0x00,0x00,0x00,0x00,0x00,0x00,0x00,0x00,0x00,0x00,0x00,0x00,0x00,0x00,0x00,0x00,0x00,0x00,0xdf,0xff,
0xff,0xff,0xff,0xfd,0x00,0x00,0x00,0x00,0x00,0x00,0x00,0x00,0x00,0x00,0x00,0x00,0x00,0x00,0x00,0x00,0x00,0x00,0x00,0x00,
0x00,0x00,0x00,0x00,0x00,0x00,0x00,0x00,0x00,0x00,0x00,0x00,0x00,0x04,0xff,0xff,0xff,0xff,0xff,0xf6,0x00,0x00,0x00,0x00,
0x00,0x00,0x00,0x00,0x00,0x00,0x00,0x00,0x00,0x00,0x00,0x00,0x00,0x00,0x00,0x00,0x00,0x00,0x00,0x00,0x00,0x00,0x00,0x00,
0x00,0x00,0x00,0x00,0x00,0x0a,0xff,0xff,0xff,0xff,0xff,0xe1,0x00,0x00,0x00,0x00,0x00,0x00,0x00,0x00,0x00,0x00,0x00,0x00,
0x00,0x00,0x00,0x00,0x00,0x00,0x00,0x00,0x00,0x00,0x00,0x00,0x00,0x00,0x00,0x00,0x00,0x00,0x00,0x00,0x00,0x2f,0xff,0xff,
0xff,0xff,0xff,0x90,0x00,0x00,0x00,0x00,0x00,0x00,0x00,0x00,0x00,0x00,0x00,0x00,0x00,0x00,0x00,0x00,0x00,0x00,0x00,0x00,
0x00,0x00,0x00,0x00,0x00,0x00,0x00,0x00,0x00,0x00,0x00,0x00,0x00,0x8f,0xff,0xff,0xff,0xff,0xff,0x20,0x00,0x00,0x00,0x00,
0x00,0x00,0x00,0x00,0x00,0x00,0x00,0x00,0x00,0x00,0x00,0x00,0x00,0x00,0x00,0x00,0x00,0x00,0x00,0x00,0x00,0x00,0x00,0x00,
0x00,0x00,0x00,0x00,0x00,0xef,0xff,0xff,0xff,0xff,0xfb,0x00,0x00,0x00,0x00,0x00,0x00,0x00,0x00,0x00,0x00,0x00,0x00,0x00,
0x00,0x00,0x00,0x00,0x00,0x00,0x00,0x00,0x00,0x00,0x00,0x00,0x00,0x00,0x00,0x00,0x00,0x00,0x00,0x00,0x06,0xff,0xff,0xff,
0xff,0xff,0xf5,0x00,0x00,0x00,0x00,0x00,0x00,0x00,0x00,0x00,0x00,0x00,0x00,0x00,0x00,0x00,0x00,0x00,0x00,0x00,0x00,0x00,
0x00,0x00,0x00,0x00,0x00,0x00,0x00,0x00,0x00,0x00,0x00,0x00,0x0c,0xff,0xff,0xff,0xff,0xff,0xd0,0x00,0x00,0x00,0x00,0x00,
0x00,0x00,0x00,0x00,0x00,0x00,0x00,0x00,0x00,0x00,0x00,0x00,0x00,0x00,0x00,0x00,0x00,0x00,0x00,0x00,0x00,0x00,0x00,0x00,
0x00,0x00,0x00,0x00,0x3f,0xff,0xff,0xff,0xff,0xff,0x70,0x00,0x00,0x00,0x00,0x00,0x00,0x00,0x00,0x00,0x00,0x00,0x00,0x00,
0x00,0x00,0x00,0x00,0x00,0x00,0x00,0x00,0x00,0x00,0x00,0x00,0x00,0x00,0x00,0x00,0x00,0x00,0x00,0x00,0xaf,0xff,0xff,0xff,
0xff,0xff,0x10,0x00,0x00,0x00,0x00,0x00,0x00,0x00,0x00,0x00,0x00,0x00,0x00,0x00,0x00,0x00,0x00,0x00,0x00,0x00,0x00,0x00,
0x00,0x00,0x00,0x00,0x00,0x00,0x00,0x00,0x00,0x00,0x00,0x01,0xff,0xff,0xff,0xff,0xff,0xf9,0x00,0x00,0x00,0x00,0x00,0x00,
0x00,0x00,0x00,0x00,0x00,0x00,0x00,0x00,0x00,0x00,0x00,0x00,0x00,0x00,0x00,0x00,0x00,0x00,0x00,0x00,0x00,0x00,0x00,0x00,
0x00,0x00,0x00,0x07,0xff,0xff,0xff,0xff,0xff,0xf3,0x00,0x00,0x00,0x00,0x00,0x00,0x00,0x00,0x00,0x00,0x00,0x00,0x00,0x00,
0x00,0x00,0x00,0x00,0x00,0x00,0x00,0x00,0x00,0x00,0x00,0x00,0x00,0x00,0x00,0x00,0x00,0x00,0x00,0x0d,0xff,0xff,0xff,0xff,
0xff,0xc0,0x00,0x00,0x00,0x00,0x00,0x00,0x00,0x00,0x00,0x00,0x00,0x00,0x00,0x00,0x00,0x00,0x00,0x00,0x00,0x00,0x00,0x00,
0x00,0x00,0x00,0x00,0x00,0x00,0x00,0x00,0x00,0x00,0x00,0x5f,0xff,0xff,0xff,0xff,0xff,0x50,0x00,0x00,0x00,0x00,0x00,0x00,
0x00,0x00,0x00,0x00,0x00,0x00,0x00,0x00,0x00,0x00,0x00,0x00,0x00,0x00,0x00,0x00,0x00,0x00,0x00,0x00,0x00,0x00,0x00,0x00,
0x00,0x00,0x00,0xbf,0xff,0xff,0xff,0xff,0xfe,0x00,0x00,0x00,0x00,0x00,0x00,0x00,0x00,0x00,0x00,0x00,0x00,0x00,0x00,0x00,
0x00,0x00,0x00,0x00,0x00,0x00,0x00,0x00,0x00,0x00,0x00,0x00,0x00,0x00,0x00,0x00,0x00,0x00,0x03,0xff,0xff,0xff,0xff,0xff,
0xf7,0x00,0x00,0x00,0x00,0x00,0x00,0x00,0x00,0x00,0x00,0x00,0x00,0x00,0x00,0x00,0x00,0x00,0x00,0x00,0x00,0x00,0x00,0x00,
0x00,0x00,0x00,0x00,0x00,0x00,0x00,0x00,0x00,0x00,0x09,0xff,0xff,0xff,0xff,0xff,0xf1,0x00,0x00,0x00,0x00,0x00,0x00,0x00,
0x00,0x00,0x00,0x00,0x00,0x00,0x00,0x00,0x00,0x00,0x00,0x00,0x00,0x00,0x00,0x00,0x00,0x00,0x00,0x00,0x00,0x00,0x00,0x00,
0x00,0x00,0x1e,0xff,0xff,0xff,0xff,0xff,0xa0,0x00,0x00,0x00,0x00,0x00,0x00,0x00,0x00,0x00,0x00,0x00,0x00,0x00,0x00,0x00,
0x00,0x00,0x00,0x00,0x00,0x00,0x00,0x00,0x00,0x00,0x00,0x00,0x00,0x00,0x00,0x00,0x00,0x00,0x7f,0xff,0xff,0xff,0xff,0xff,
0x30,0x00,0x00,0x00,0x00,0x00,0x00,0x00,0x00,0x00,0x00,0x00,0x00,0x00,0x00,0x00,0x00,0x00,0x00,0x00,0x00,0x00,0x00,0x00,
0x00,0x00,0x00,0x00,0x00,0x00,0x00,0x00,0x00,0x00,0xdf,0xff,0xff,0xff,0xff,0xfc,0x00,0x00,0x00,0x00,0x00,0x00,0x00,0x00,
0x00,0x00,0x00,0x00,0x00,0x00,0x00,0x00,0x00,0x00,0x00,0x00,0x00,0x00,0x00,0x00,0x00,0x00,0x00,0x00,0x00,0x00,0x00,0x00,
0x00,0x04,0xff,0xff,0xff,0xff,0xff,0xf6,0x00,0x00,0x00,0x00,0x00,0x00,0x00,0x00,0x00,0x00,0x00,0x00,0x00,0x00,0x00,0x00,
0x00,0x00,0x00,0x00,0x00,0x00,0x00,0x00,0x00,0x00,0x00,0x00,0x00,0x00,0x00,0x00,0x00,0x0b,0xff,0xff,0xff,0xff,0xff,0xe0,
0x00,0x00,0x00,0x00,0x00,0x00,0x00,0x00,0x00,0x00,0x00,0x00,0x00,0x00,0x00,0x00,0x00,0x00,0x00,0x00,0x00,0x00,0x00,0x00,
0x00,0x00,0x00,0x00,0x00,0x00,0x00,0x00,0x00,0x2f,0xff,0xff,0xff,0xff,0xff,0x80,0x00,0x00,0x00,0x00,0x00,0x00,0x00,0x00,
0x00,0x00,0x00,0x00,0x00,0x00,0x00,0x00,0x00,0x00,0x00,0x00,0x00,0x00,0x00,0x00,0x00,0x00,0x00,0x00,0x00,0x00,0x00,0x00,
0x00,0x9f,0xff,0xff,0xff,0xff,0xff,0x20,0x00,0x00,0x00,0x00,0x00,0x00,0x00,0x00,0x00,0x00,0x00,0x00,0x00,0x00,0x00,0x00,
0x00,0x00,0x00,0x00,0x00,0x00,0x00,0x00,0x00,0x00,0x00,0x00,0x00,0x00,0x00,0x00,0x01,0xef,0xff,0xff,0xff,0xff,0xfa,0x00,
0x00,0x00,0x00,0x00,0x00,0x00,0x00,0x00,0x00,0x00,0x00,0x00,0x00,0x00,0x00,0x00,0x00,0x00,0x00,0x00,0x00,0x00,0x00,0x00,
0x00,0x00,0x00,0x00,0x00,0x00,0x00,0x00,0x06,0xff,0xff,0xff,0xff,0xff,0xf4,0x00,0x00,0x00,0x00,0x00,0x00,0x00,0x00,0x00,
0x00,0x00,0x00,0x00,0x00,0x00,0x00,0x00,0x00,0x00,0x00,0x00,0x00,0x00,0x00,0x00,0x00,0x00,0x00,0x00,0x00,0x00,0x00,0x00,
0x0d,0xff,0xff,0xff,0xff,0xff,0xd0,0x00,0x00,0x00,0x00,0x00,0x00,0x00,0x00,0x00,0x00,0x00,0x00,0x00,0x00,0x00,0x00,0x00,
0x00,0x00,0x00,0x00,0x00,0x00,0x00,0x00,0x00,0x00,0x00,0x00,0x00,0x00,0x00,0x00,0x4f,0xff,0xff,0xff,0xff,0xff,0x60,0x00,
0x00,0x00,0x00,0x00,0x00,0x00,0x00,0x00,0x00,0x00,0x00,0x00,0x00,0x00,0x00,0x00,0x00,0x00,0x00,0x00,0x00,0x00,0x00,0x00,
0x00,0x00,0x00,0x00,0x00,0x00,0x00,0x00,0xaf,0xff,0xff,0xff,0xff,0xfe,0x10,0x00,0x00,0x00,0x00,0x00,0x00,0x00,0x00,0x00,
0x00,0x00,0x00,0x00,0x00,0x00,0x00,0x00,0x00,0x00,0x00,0x00,0x00,0x00,0x00,0x00,0x00,0x00,0x00,0x00,0x00,0x00,0x00,0x02,
0xff,0xff,0xff,0xff,0xff,0xf9,0x00,0x00,0x00,0x00,0x00,0x00,0x00,0x00,0x00,0x00,0x00,0x00,0x00,0x00,0x00,0x00,0x00,0x00,
0x00,0x00,0x00,0x00,0x00,0x00,0x00,0x00,0x00,0x00,0x00,0x00,0x00,0x00,0x00,0x08,0xff,0xff,0xff,0xff,0xff,0xf2,0x00,0x00,
0x00,0x00,0x00,0x00,0x00,0x00,0x00,0x00,0x00,0x00,0x00,0x00,0x00,0x00,0x00,0x00,0x00,0x00,0x00,0x00,0x00,0x00,0x00,0x00,
0x00,0x00,0x00,0x00,0x00,0x00,0x00,0x0e,0xff,0xff,0xff,0xff,0xff,0xb0,0x00,0x00,0x00,0x00,0x00,0x00,0x00,0x00,0x00,0x00,
0x00,0x00,0x00,0x00,0x00,0x00,0x00,0x00,0x00,0x00,0x00,0x00,0x00,0x00,0x00,0x00,0x00,0x00,0x00,0x00,0x00,0x00,0x00,0x6f,
0xff,0xff,0xff,0xff,0xff,0x40,0x00,0x00,0x00,0x00,0x00,0x00,0x00,0x00,0x00,0x00,0x00,0x00,0x00,0x00,0x00,0x00,0x00,0x00,
0x00,0x00,0x00,0x00,0x00,0x00,0x00,0x00,0x00,0x00,0x00,0x00,0x00,0x00,0x00,0xcf,0xff,0xff,0xff,0xff,0xfd,0x00,0x00,0x00,
0x00,0x00,0x00,0x00,0x00,0x13,0x33,0x33,0x33,0x33,0x33,0x20,0x00,0x00,0x00,0x00,0x00,0x00,0x00,0x00,0x00,0x00,0x00,0x00,
0x00,0x00,0x00,0x00,0x00,0x00,0x03,0xff,0xff,0xff,0xff,0xff,0xf7,0x00,0x00,0x00,0x00,0x00,0x00,0x00,0x00,0x3f,0xff,0xff,
0xff,0xff,0xff,0x70,0x00,0x00,0x00,0x00,0x00,0x00,0x00,0x00,0x00,0x00,0x00,0x00,0x00,0x00,0x00,0x00,0x00,0x00,0x0a,0xff,
0xff,0xff,0xff,0xff,0xe1,0x00,0x00,0x00,0x00,0x00,0x00,0x00,0x00,0x3f,0xff,0xff,0xff,0xff,0xff,0x70,0x00,0x00,0x00,0x00,
0x00,0x00,0x00,0x00,0x00,0x00,0x00,0x00,0x00,0x00,0x00,0x00,0x00,0x00,0x1f,0xff,0xff,0xff,0xff,0xff,0x90,0x00,0x00,0x00,
0x00,0x00,0x00,0x00,0x00,0x3f,0xff,0xff,0xff,0xff,0xff,0x70,0x00,0x00,0x00,0x00,0x00,0x00,0x00,0x00,0x00,0x00,0x00,0x00,
0x00,0x00,0x00,0x00,0x00,0x00,0x7f,0xff,0xff,0xff,0xff,0xff,0x30,0x00,0x00,0x00,0x00,0x00,0x00,0x00,0x00,0x3f,0xff,0xff,
0xff,0xff,0xff,0x70,0x00,0x00,0x00,0x00,0x00,0x00,0x00,0x00,0x00,0x00,0x00,0x00,0x00,0x00,0x00,0x00,0x00,0x00,0xdf,0xff,
0xff,0xff,0xff,0xfb,0x00,0x00,0x00,0x00,0x00,0x00,0x00,0x00,0x00,0x3f,0xff,0xff,0xff,0xff,0xff,0x70,0x00,0x00,0x00,0x00,
0x00,0x00,0x00,0x00,0x00,0x00,0x00,0x00,0x00,0x00,0x00,0x00,0x00,0x05,0xff,0xff,0xff,0xff,0xff,0xf5,0x00,0x00,0x00,0x00,
0x00,0x00,0x00,0x00,0x00,0x3f,0xff,0xff,0xff,0xff,0xff,0x70,0x00,0x00,0x00,0x00,0x00,0x00,0x00,0x00,0x00,0x00,0x00,0x00,
0x00,0x00,0x00,0x00,0x00,0x0b,0xff,0xff,0xff,0xff,0xff,0xd0,0x00,0x00,0x00,0x00,0x00,0x00,0x00,0x00,0x00,0x3f,0xff,0xff,
0xff,0xff,0xff,0x70,0x00,0x00,0x00,0x00,0x00,0x00,0x00,0x00,0x00,0x00,0x00,0x00,0x00,0x00,0x00,0x00,0x00,0x3f,0xff,0xff,
0xff,0xff,0xff,0x70,0x00,0x00,0x00,0x00,0x00,0x00,0x00,0x00,0x00,0x3f,0xff,0xff,0xff,0xff,0xff,0x70,0x00,0x00,0x00,0x00,
0x00,0x00,0x00,0x00,0x00,0x00,0x00,0x00,0x00,0x00,0x00,0x00,0x00,0x9f,0xff,0xff,0xff,0xff,0xff,0x10,0x00,0x00,0x00,0x00,
0x00,0x00,0x00,0x00,0x00,0x3f,0xff,0xff,0xff,0xff,0xff,0x70,0x00,0x00,0x00,0x00,0x00,0x00,0x00,0x00,0x00,0x00,0x00,0x00,
0x00,0x00,0x00,0x00,0x01,0xef,0xff,0xff,0xff,0xff,0xfa,0x00,0x00,0x00,0x00,0x00,0x00,0x00,0x00,0x00,0x00,0x3f,0xff,0xff,
0xff,0xff,0xff,0x70,0x00,0x00,0x00,0x00,0x00,0x00,0x00,0x00,0x00,0x00,0x00,0x00,0x00,0x00,0x00,0x00,0x07,0xff,0xff,0xff,
0xff,0xff,0xf3,0x00,0x00,0x00,0x00,0x00,0x00,0x00,0x00,0x00,0x00,0x3f,0xff,0xff,0xff,0xff,0xff,0x70,0x00,0x00,0x00,0x00,
0x00,0x00,0x00,0x00,0x00,0x00,0x00,0x00,0x00,0x00,0x00,0x00,0x0d,0xff,0xff,0xff,0xff,0xff,0xc0,0x00,0x00,0x00,0x00,0x00,
0x00,0x00,0x00,0x00,0x00,0x3f,0xff,0xff,0xff,0xff,0xff,0x70,0x00,0x00,0x00,0x00,0x00,0x00,0x00,0x00,0x00,0x00,0x00,0x00,
0x00,0x00,0x00,0x00,0x5f,0xff,0xff,0xff,0xff,0xff,0x60,0x00,0x00,0x00,0x00,0x00,0x00,0x00,0x00,0x00,0x00,0x3f,0xff,0xff,
0xff,0xff,0xff,0x70,0x00,0x00,0x00,0x00,0x00,0x00,0x00,0x00,0x00,0x00,0x00,0x00,0x00,0x00,0x00,0x00,0xbf,0xff,0xff,0xff,
0xff,0xfe,0x00,0x00,0x00,0x00,0x00,0x00,0x00,0x00,0x00,0x00,0x00,0x3f,0xff,0xff,0xff,0xff,0xff,0x70,0x00,0x00,0x00,0x00,
0x00,0x00,0x00,0x00,0x00,0x00,0x00,0x00,0x00,0x00,0x00,0x02,0xff,0xff,0xff,0xff,0xff,0xf8,0x00,0x00,0x00,0x00,0x00,0x00,
0x00,0x00,0x00,0x00,0x00,0x3f,0xff,0xff,0xff,0xff,0xff,0x70,0x00,0x00,0x00,0x00,0x00,0x00,0x00,0x00,0x00,0x00,0x00,0x00,
0x00,0x00,0x00,0x09,0xff,0xff,0xff,0xff,0xff,0xf2,0x00,0x00,0x00,0x00,0x00,0x00,0x00,0x00,0x00,0x00,0x00,0x3f,0xff,0xff,
0xff,0xff,0xff,0x70,0x00,0x00,0x00,0x00,0x00,0x00,0x00,0x00,0x00,0x00,0x00,0x00,0x00,0x00,0x00,0x1e,0xff,0xff,0xff,0xff,
0xff,0xa0,0x00,0x00,0x00,0x00,0x00,0x00,0x00,0x00,0x00,0x00,0x00,0x3f,0xff,0xff,0xff,0xff,0xff,0x70,0x00,0x00,0x00,0x00,
0x00,0x00,0x00,0x00,0x00,0x00,0x00,0x00,0x00,0x00,0x00,0x6f,0xff,0xff,0xff,0xff,0xff,0x40,0x00,0x00,0x00,0x00,0x00,0x00,
0x00,0x00,0x00,0x00,0x00,0x3f,0xff,0xff,0xff,0xff,0xff,0x70,0x00,0x00,0x00,0x00,0x00,0x00,0x00,0x00,0x00,0x00,0x00,0x00,
0x00,0x00,0x00,0xdf,0xff,0xff,0xff,0xff,0xfc,0x00,0x00,0x00,0x00,0x00,0x00,0x00,0x00,0x00,0x00,0x00,0x00,0x3f,0xff,0xff,
0xff,0xff,0xff,0x70,0x00,0x00,0x00,0x00,0x00,0x00,0x00,0x00,0x00,0x00,0x00,0x00,0x00,0x00,0x04,0xff,0xff,0xff,0xff,0xff,
0xf6,0x00,0x00,0x00,0x00,0x00,0x00,0x00,0x00,0x00,0x00,0x00,0x00,0x3f,0xff,0xff,0xff,0xff,0xff,0x70,0x00,0x00,0x00,0x00,
0x00,0x00,0x00,0x00,0x00,0x00,0x00,0x00,0x00,0x00,0x0a,0xff,0xff,0xff,0xff,0xff,0xe1,0x00,0x00,0x00,0x00,0x00,0x00,0x00,
0x00,0x00,0x00,0x00,0x00,0x3f,0xff,0xff,0xff,0xff,0xff,0x70,0x00,0x00,0x00,0x00,0x00,0x00,0x00,0x00,0x00,0x00,0x00,0x00,
0x00,0x00,0x2f,0xff,0xff,0xff,0xff,0xff,0x80,0x00,0x00,0x00,0x00,0x00,0x00,0x00,0x00,0x00,0x00,0x00,0x00,0x3f,0xff,0xff,
0xff,0xff,0xff,0x70,0x00,0x00,0x00,0x00,0x00,0x00,0x00,0x00,0x00,0x00,0x00,0x00,0x00,0x00,0x8f,0xff,0xff,0xff,0xff,0xff,
0x20,0x00,0x00,0x00,0x00,0x00,0x00,0x00,0x00,0x00,0x00,0x00,0x00,0x3f,0xff,0xff,0xff,0xff,0xff,0x70,0x00,0x00,0x00,0x00,
0x00,0x00,0x00,0x00,0x00,0x00,0x00,0x00,0x00,0x00,0xef,0xff,0xff,0xff,0xff,0xfb,0x00,0x00,0x00,0x00,0x00,0x00,0x00,0x00,
0x00,0x00,0x00,0x00,0x00,0x3f,0xff,0xff,0xff,0xff,0xff,0x70,0x00,0x00,0x00,0x00,0x00,0x00,0x00,0x00,0x00,0x00,0x00,0x00,
0x00,0x06,0xff,0xff,0xff,0xff,0xff,0xf4,0x00,0x00,0x00,0x00,0x00,0x00,0x00,0x00,0x00,0x00,0x00,0x00,0x00,0x3f,0xff,0xff,
0xff,0xff,0xff,0x70,0x00,0x00,0x00,0x00,0x00,0x00,0x00,0x00,0x00,0x00,0x00,0x00,0x00,0x0c,0xff,0xff,0xff,0xff,0xff,0xd0,
0x00,0x00,0x00,0x00,0x00,0x00,0x00,0x00,0x00,0x00,0x00,0x00,0x00,0x3f,0xff,0xff,0xff,0xff,0xff,0x70,0x00,0x00,0x00,0x00,
0x00,0x00,0x00,0x00,0x00,0x00,0x00,0x00,0x00,0x3f,0xff,0xff,0xff,0xff,0xff,0x70,0x00,0x00,0x00,0x00,0x00,0x00,0x00,0x00,
0x00,0x00,0x00,0x00,0x00,0x3f,0xff,0xff,0xff,0xff,0xff,0x70,0x00,0x00,0x00,0x00,0x00,0x00,0x00,0x00,0x00,0x00,0x00,0x00,
0x00,0xaf,0xff,0xff,0xff,0xff,0xfe,0x10,0x00,0x00,0x00,0x00,0x00,0x00,0x00,0x00,0x00,0x00,0x00,0x00,0x00,0x3f,0xff,0xff,
0xff,0xff,0xff,0x70,0x00,0x00,0x00,0x00,0x00,0x00,0x00,0x00,0x00,0x00,0x00,0x00,0x01,0xff,0xff,0xff,0xff,0xff,0xf9,0x00,
0x00,0x00,0x00,0x00,0x00,0x00,0x00,0x00,0x00,0x00,0x00,0x00,0x00,0x3f,0xff,0xff,0xff,0xff,0xff,0x70,0x00,0x00,0x00,0x00,
0x00,0x00,0x00,0x00,0x00,0x00,0x00,0x00,0x07,0xff,0xff,0xff,0xff,0xff,0xf5,0x22,0x22,0x22,0x22,0x22,0x22,0x22,0x22,0x22,
0x22,0x22,0x22,0x22,0x22,0x5f,0xff,0xff,0xff,0xff,0xff,0x82,0x22,0x22,0x22,0x22,0x22,0x10,0x00,0x00,0x00,0x00,0x00,0x00,
0x0a,0xff,0xff,0xff,0xff,0xff,0xff,0xff,0xff,0xff,0xff,0xff,0xff,0xff,0xff,0xff,0xff,0xff,0xff,0xff,0xff,0xff,0xff,0xff,
0xff,0xff,0xff,0xff,0xff,0xff,0xff,0xff,0xff,0x70,0x00,0x00,0x00,0x00,0x00,0x00,0x0a,0xff,0xff,0xff,0xff,0xff,0xff,0xff,
0xff,0xff,0xff,0xff,0xff,0xff,0xff,0xff,0xff,0xff,0xff,0xff,0xff,0xff,0xff,0xff,0xff,0xff,0xff,0xff,0xff,0xff,0xff,0xff,
0xff,0x70,0x00,0x00,0x00,0x00,0x00,0x00,0x0a,0xff,0xff,0xff,0xff,0xff,0xff,0xff,0xff,0xff,0xff,0xff,0xff,0xff,0xff,0xff,
0xff,0xff,0xff,0xff,0xff,0xff,0xff,0xff,0xff,0xff,0xff,0xff,0xff,0xff,0xff,0xff,0xff,0x70,0x00,0x00,0x00,0x00,0x00,0x00,
0x0a,0xff,0xff,0xff,0xff,0xff,0xff,0xff,0xff,0xff,0xff,0xff,0xff,0xff,0xff,0xff,0xff,0xff,0xff,0xff,0xff,0xff,0xff,0xff,
0xff,0xff,0xff,0xff,0xff,0xff,0xff,0xff,0xff,0x70,0x00,0x00,0x00,0x00,0x00,0x00,0x0a,0xff,0xff,0xff,0xff,0xff,0xff,0xff,
0xff,0xff,0xff,0xff,0xff,0xff,0xff,0xff,0xff,0xff,0xff,0xff,0xff,0xff,0xff,0xff,0xff,0xff,0xff,0xff,0xff,0xff,0xff,0xff,
0xff,0x70,0x00,0x00,0x00,0x00,0x00,0x00,0x0a,0xff,0xff,0xff,0xff,0xff,0xff,0xff,0xff,0xff,0xff,0xff,0xff,0xff,0xff,0xff,
0xff,0xff,0xff,0xff,0xff,0xff,0xff,0xff,0xff,0xff,0xff,0xff,0xff,0xff,0xff,0xff,0xff,0x70,0x00,0x00,0x00,0x00,0x00,0x00,
0x0a,0xff,0xff,0xff,0xff,0xff,0xff,0xff,0xff,0xff,0xff,0xff,0xff,0xff,0xff,0xff,0xff,0xff,0xff,0xff,0xff,0xff,0xff,0xff,
0xff,0xff,0xff,0xff,0xff,0xff,0xff,0xff,0xff,0x70,0x00,0x00,0x00,0x00,0x00,0x00,0x0a,0xff,0xff,0xff,0xff,0xff,0xff,0xff,
0xff,0xff,0xff,0xff,0xff,0xff,0xff,0xff,0xff,0xff,0xff,0xff,0xff,0xff,0xff,0xff,0xff,0xff,0xff,0xff,0xff,0xff,0xff,0xff,
0xff,0x70,0x00,0x00,0x00,0x00,0x00,0x00,0x0a,0xff,0xff,0xff,0xff,0xff,0xff,0xff,0xff,0xff,0xff,0xff,0xff,0xff,0xff,0xff,
0xff,0xff,0xff,0xff,0xff,0xff,0xff,0xff,0xff,0xff,0xff,0xff,0xff,0xff,0xff,0xff,0xff,0x70,0x00,0x00,0x00,0x00,0x00,0x00,
0x0a,0xff,0xff,0xff,0xff,0xff,0xff,0xff,0xff,0xff,0xff,0xff,0xff,0xff,0xff,0xff,0xff,0xff,0xff,0xff,0xff,0xff,0xff,0xff,
0xff,0xff,0xff,0xff,0xff,0xff,0xff,0xff,0xff,0x70,0x00,0x00,0x00,0x00,0x00,0x00,0x04,0x66,0x66,0x66,0x66,0x66,0x66,0x66,
0x66,0x66,0x66,0x66,0x66,0x66,0x66,0x66,0x66,0x66,0x66,0x66,0x66,0x8f,0xff,0xff,0xff,0xff,0xff,0xa6,0x66,0x66,0x66,0x66,
0x66,0x30,0x00,0x00,0x00,0x00,0x00,0x00,0x00,0x00,0x00,0x00,0x00,0x00,0x00,0x00,0x00,0x00,0x00,0x00,0x00,0x00,0x00,0x00,
0x00,0x00,0x00,0x00,0x00,0x3f,0xff,0xff,0xff,0xff,0xff,0x70,0x00,0x00,0x00,0x00,0x00,0x00,0x00,0x00,0x00,0x00,0x00,0x00,
0x00,0x00,0x00,0x00,0x00,0x00,0x00,0x00,0x00,0x00,0x00,0x00,0x00,0x00,0x00,0x00,0x00,0x00,0x00,0x00,0x00,0x3f,0xff,0xff,
0xff,0xff,0xff,0x70,0x00,0x00,0x00,0x00,0x00,0x00,0x00,0x00,0x00,0x00,0x00,0x00,0x00,0x00,0x00,0x00,0x00,0x00,0x00,0x00,
0x00,0x00,0x00,0x00,0x00,0x00,0x00,0x00,0x00,0x00,0x00,0x00,0x00,0x3f,0xff,0xff,0xff,0xff,0xff,0x70,0x00,0x00,0x00,0x00,
0x00,0x00,0x00,0x00,0x00,0x00,0x00,0x00,0x00,0x00,0x00,0x00,0x00,0x00,0x00,0x00,0x00,0x00,0x00,0x00,0x00,0x00,0x00,0x00,
0x00,0x00,0x00,0x00,0x00,0x3f,0xff,0xff,0xff,0xff,0xff,0x70,0x00,0x00,0x00,0x00,0x00,0x00,0x00,0x00,0x00,0x00,0x00,0x00,
0x00,0x00,0x00,0x00,0x00,0x00,0x00,0x00,0x00,0x00,0x00,0x00,0x00,0x00,0x00,0x00,0x00,0x00,0x00,0x00,0x00,0x3f,0xff,0xff,
0xff,0xff,0xff,0x70,0x00,0x00,0x00,0x00,0x00,0x00,0x00,0x00,0x00,0x00,0x00,0x00,0x00,0x00,0x00,0x00,0x00,0x00,0x00,0x00,
0x00,0x00,0x00,0x00,0x00,0x00,0x00,0x00,0x00,0x00,0x00,0x00,0x00,0x3f,0xff,0xff,0xff,0xff,0xff,0x70,0x00,0x00,0x00,0x00,
0x00,0x00,0x00,0x00,0x00,0x00,0x00,0x00,0x00,0x00,0x00,0x00,0x00,0x00,0x00,0x00,0x00,0x00,0x00,0x00,0x00,0x00,0x00,0x00,
0x00,0x00,0x00,0x00,0x00,0x3f,0xff,0xff,0xff,0xff,0xff,0x70,0x00,0x00,0x00,0x00,0x00,0x00,0x00,0x00,0x00,0x00,0x00,0x00,
0x00,0x00,0x00,0x00,0x00,0x00,0x00,0x00,0x00,0x00,0x00,0x00,0x00,0x00,0x00,0x00,0x00,0x00,0x00,0x00,0x00,0x3f,0xff,0xff,
0xff,0xff,0xff,0x70,0x00,0x00,0x00,0x00,0x00,0x00,0x00,0x00,0x00,0x00,0x00,0x00,0x00,0x00,0x00,0x00,0x00,0x00,0x00,0x00,
0x00,0x00,0x00,0x00,0x00,0x00,0x00,0x00,0x00,0x00,0x00,0x00,0x00,0x3f,0xff,0xff,0xff,0xff,0xff,0x70,0x00,0x00,0x00,0x00,
0x00,0x00,0x00,0x00,0x00,0x00,0x00,0x00,0x00,0x00,0x00,0x00,0x00,0x00,0x00,0x00,0x00,0x00,0x00,0x00,0x00,0x00,0x00,0x00,
0x00,0x00,0x00,0x00,0x00,0x3f,0xff,0xff,0xff,0xff,0xff,0x70,0x00,0x00,0x00,0x00,0x00,0x00,0x00,0x00,0x00,0x00,0x00,0x00,
0x00,0x00,0x00,0x00,0x00,0x00,0x00,0x00,0x00,0x00,0x00,0x00,0x00,0x00,0x00,0x00,0x00,0x00,0x00,0x00,0x00,0x3f,0xff,0xff,
0xff,0xff,0xff,0x70,0x00,0x00,0x00,0x00,0x00,0x00,0x00,0x00,0x00,0x00,0x00,0x00,0x00,0x00,0x00,0x00,0x00,0x00,0x00,0x00,
0x00,0x00,0x00,0x00,0x00,0x00,0x00,0x00,0x00,0x00,0x00,0x00,0x00,0x3f,0xff,0xff,0xff,0xff,0xff,0x70,0x00,0x00,0x00,0x00,
0x00,0x00,0x00,0x00,0x00,0x00,0x00,0x00,0x00,0x00,0x00,0x00,0x00,0x00,0x00,0x00,0x00,0x00,0x00,0x00,0x00,0x00,0x00,0x00,
0x00,0x00,0x00,0x00,0x00,0x3f,0xff,0xff,0xff,0xff,0xff,0x70,0x00,0x00,0x00,0x00,0x00,0x00,0x00,0x00,0x00,0x00,0x00,0x00,
0x00,0x00,0x00,0x00,0x00,0x00,0x00,0x00,0x00,0x00,0x00,0x00,0x00,0x00,0x00,0x00,0x00,0x00,0x00,0x00,0x00,0x3f,0xff,0xff,
0xff,0xff,0xff,0x70,0x00,0x00,0x00,0x00,0x00,0x00,0x00,0x00,0x00,0x00,0x00,0x00,0x00,0x00,0x00,0x00,0x00,0x00,0x00,0x00,
0x00,0x00,0x00,0x00,0x00,0x00,0x00,0x00,0x00,0x00,0x00,0x00,0x00,0x3f,0xff,0xff,0xff,0xff,0xff,0x70,0x00,0x00,0x00,0x00,
0x00,0x00,0x00,0x00,0x00,0x00,0x00,0x00,0x00,0x00,0x00,0x00,0x00,0x00,0x00,0x00,0x00,0x00,0x00,0x00,0x00,0x00,0x00,0x00,
0x00,0x00,0x00,0x00,0x00,0x3f,0xff,0xff,0xff,0xff,0xff,0x70,0x00,0x00,0x00,0x00,0x00,0x00,0x00,0x00,0x00,0x00,0x00,0x00,
0x00,0x00,0x00,0x00,0x00,0x00,0x00,0x00,0x00,0x00,0x00,0x00,0x00,0x00,0x00,0x00,0x00,0x00,0x00,0x00,0x00,0x3f,0xff,0xff,
0xff,0xff,0xff,0x70,0x00,0x00,0x00,0x00,0x00,0x00,0x00,0x00,0x00,0x00,0x00,0x00,0x00,0x00,0x00,0x00,0x00,0x00,0x00,0x00,
0x00,0x00,0x00,0x00,0x00,0x00,0x00,0x00,0x00,0x00,0x00,0x00,0x00,0x3f,0xff,0xff,0xff,0xff,0xff,0x70,0x00,0x00,0x00,0x00,
0x00,0x00,0x00,0x00,0x00,0x00,0x00,0x00,0x00,0x00,0x00,0x00,0x00,0x00,0x00,0x00,0x00,0x00,0x00,0x00,0x00,0x00,0x00,0x00,
0x00,0x00,0x00,0x00,0x00,0x3f,0xff,0xff,0xff,0xff,0xff,0x70,0x00,0x00,0x00,0x00,0x00,0x00,0x00,0x00,0x00,0x00,0x00,0x00,
0x00,0x00,0x00,0x00,0x00,0x00,0x00,0x00,0x00,0x00,0x00,0x00,0x00,0x00,0x00,0x00,0x00,0x00,0x00,0x00,0x00,0x3f,0xff,0xff,
0xff,0xff,0xff,0x70,0x00,0x00,0x00,0x00,0x00,0x00,0x00,0x00,0x00,0x00,0x00,0x00,0x00,0x00,0x00,0x00,0x00,0x00,0x00,0x00,
0x00,0x00,0x00,0x00,0x00,0x00,0x00,0x00,0x00,0x00,0x00,0x00,0x00,0x3f,0xff,0xff,0xff,0xff,0xff,0x70,0x00,0x00,0x00,0x00,
0x00,0x00,0x00,0x00,0x00,0x00,0x00,0x00,0x00,0x00,0x00,0x46,0x66,0x66,0x66,0x66,0x66,0x66,0x66,0x66,0x66,0x66,0x66,0x66,
0x66,0x66,0x66,0x66,0x66,0x66,0x66,0x66,0x66,0x66,0x66,0x66,0x66,0x61,0x00,0x00,0x00,0x00,0x00,0x00,0x00,0x00,0x00,0x00,
0x00,0x00,0xaf,0xff,0xff,0xff,0xff,0xff,0xff,0xff,0xff,0xff,0xff,0xff,0xff,0xff,0xff,0xff,0xff,0xff,0xff,0xff,0xff,0xff,
0xff,0xff,0xff,0xff,0xf2,0x00,0x00,0x00,0x00,0x00,0x00,0x00,0x00,0x00,0x00,0x00,0x00,0xaf,0xff,0xff,0xff,0xff,0xff,0xff,
0xff,0xff,0xff,0xff,0xff,0xff,0xff,0xff,0xff,0xff,0xff,0xff,0xff,0xff,0xff,0xff,0xff,0xff,0xff,0xf2,0x00,0x00,0x00,0x00,
0x00,0x00,0x00,0x00,0x00,0x00,0x00,0x00,0xaf,0xff,0xff,0xff,0xff,0xff,0xff,0xff,0xff,0xff,0xff,0xff,0xff,0xff,0xff,0xff,
0xff,0xff,0xff,0xff,0xff,0xff,0xff,0xff,0xff,0xff,0xf2,0x00,0x00,0x00,0x00,0x00,0x00,0x00,0x00,0x00,0x00,0x00,0x00,0xaf,
0xff,0xff,0xff,0xff,0xff,0xff,0xff,0xff,0xff,0xff,0xff,0xff,0xff,0xff,0xff,0xff,0xff,0xff,0xff,0xff,0xff,0xff,0xff,0xff,
0xff,0xf2,0x00,0x00,0x00,0x00,0x00,0x00,0x00,0x00,0x00,0x00,0x00,0x00,0xaf,0xff,0xff,0xff,0xff,0xff,0xff,0xff,0xff,0xff,
0xff,0xff,0xff,0xff,0xff,0xff,0xff,0xff,0xff,0xff,0xff,0xff,0xff,0xff,0xff,0xff,0xf2,0x00,0x00,0x00,0x00,0x00,0x00,0x00,
0x00,0x00,0x00,0x00,0x00,0xaf,0xff,0xff,0xff,0xff,0xff,0xff,0xff,0xff,0xff,0xff,0xff,0xff,0xff,0xff,0xff,0xff,0xff,0xff,
0xff,0xff,0xff,0xff,0xff,0xff,0xff,0xf2,0x00,0x00,0x00,0x00,0x00,0x00,0x00,0x00,0x00,0x00,0x00,0x00,0xaf,0xff,0xff,0xff,
0xff,0xff,0xff,0xff,0xff,0xff,0xff,0xff,0xff,0xff,0xff,0xff,0xff,0xff,0xff,0xff,0xff,0xff,0xff,0xff,0xff,0xff,0xf2,0x00,
0x00,0x00,0x00,0x00,0x00,0x00,0x00,0x00,0x00,0x00,0x00,0xaf,0xff,0xff,0xff,0xff,0xff,0xff,0xff,0xff,0xff,0xff,0xff,0xff,
0xff,0xff,0xff,0xff,0xff,0xff,0xff,0xff,0xff,0xff,0xff,0xff,0xff,0xf2,0x00,0x00,0x00,0x00,0x00,0x00,0x00,0x00,0x00,0x00,
0x00,0x00,0xaf,0xff,0xff,0xff,0xff,0xff,0xff,0xff,0xff,0xff,0xff,0xff,0xff,0xff,0xff,0xff,0xff,0xff,0xff,0xff,0xff,0xff,
0xff,0xff,0xff,0xff,0xf2,0x00,0x00,0x00,0x00,0x00,0x00,0x00,0x00,0x00,0x00,0x00,0x00,0xaf,0xff,0xff,0xff,0xff,0xff,0xff,
0xff,0xff,0xff,0xff,0xff,0xff,0xff,0xff,0xff,0xff,0xff,0xff,0xff,0xff,0xff,0xff,0xff,0xff,0xff,0xf2,0x00,0x00,0x00,0x00,
0x00,0x00,0x00,0x00,0x00,0x00,0x00,0x00,0xaf,0xff,0xff,0xff,0xff,0xf5,0x55,0x55,0x55,0x55,0x55,0x55,0x55,0x55,0x55,0x55,
0x55,0x55,0x55,0x55,0x55,0x55,0x55,0x55,0x55,0x55,0x51,0x00,0x00,0x00,0x00,0x00,0x00,0x00,0x00,0x00,0x00,0x00,0x00,0xaf,
0xff,0xff,0xff,0xff,0xf0,0x00,0x00,0x00,0x00,0x00,0x00,0x00,0x00,0x00,0x00,0x00,0x00,0x00,0x00,0x00,0x00,0x00,0x00,0x00,
0x00,0x00,0x00,0x00,0x00,0x00,0x00,0x00,0x00,0x00,0x00,0x00,0x00,0x00,0xaf,0xff,0xff,0xff,0xff,0xf0,0x00,0x00,0x00,0x00,
0x00,0x00,0x00,0x00,0x00,0x00,0x00,0x00,0x00,0x00,0x00,0x00,0x00,0x00,0x00,0x00,0x00,0x00,0x00,0x00,0x00,0x00,0x00,0x00,
0x00,0x00,0x00,0x00,0x00,0xaf,0xff,0xff,0xff,0xff,0xf0,0x00,0x00,0x00,0x00,0x00,0x00,0x00,0x00,0x00,0x00,0x00,0x00,0x00,
0x00,0x00,0x00,0x00,0x00,0x00,0x00,0x00,0x00,0x00,0x00,0x00,0x00,0x00,0x00,0x00,0x00,0x00,0x00,0x00,0xaf,0xff,0xff,0xff,
0xff,0xf0,0x00,0x00,0x00,0x00,0x00,0x00,0x00,0x00,0x00,0x00,0x00,0x00,0x00,0x00,0x00,0x00,0x00,0x00,0x00,0x00,0x00,0x00,
0x00,0x00,0x00,0x00,0x00,0x00,0x00,0x00,0x00,0x00,0x00,0xaf,0xff,0xff,0xff,0xff,0xf0,0x00,0x00,0x00,0x00,0x00,0x00,0x00,
0x00,0x00,0x00,0x00,0x00,0x00,0x00,0x00,0x00,0x00,0x00,0x00,0x00,0x00,0x00,0x00,0x00,0x00,0x00,0x00,0x00,0x00,0x00,0x00,
0x00,0x00,0xaf,0xff,0xff,0xff,0xff,0xf0,0x00,0x00,0x00,0x00,0x00,0x00,0x00,0x00,0x00,0x00,0x00,0x00,0x00,0x00,0x00,0x00,
0x00,0x00,0x00,0x00,0x00,0x00,0x00,0x00,0x00,0x00,0x00,0x00,0x00,0x00,0x00,0x00,0x00,0xaf,0xff,0xff,0xff,0xff,0xf0,0x00,
0x00,0x00,0x00,0x00,0x00,0x00,0x00,0x00,0x00,0x00,0x00,0x00,0x00,0x00,0x00,0x00,0x00,0x00,0x00,0x00,0x00,0x00,0x00,0x00,
0x00,0x00,0x00,0x00,0x00,0x00,0x00,0x00,0xaf,0xff,0xff,0xff,0xff,0xf0,0x00,0x00,0x00,0x00,0x00,0x00,0x00,0x00,0x00,0x00,
0x00,0x00,0x00,0x00,0x00,0x00,0x00,0x00,0x00,0x00,0x00,0x00,0x00,0x00,0x00,0x00,0x00,0x00,0x00,0x00,0x00,0x00,0x00,0xaf,
0xff,0xff,0xff,0xff,0xf0,0x00,0x00,0x00,0x00,0x00,0x00,0x00,0x00,0x00,0x00,0x00,0x00,0x00,0x00,0x00,0x00,0x00,0x00,0x00,
0x00,0x00,0x00,0x00,0x00,0x00,0x00,0x00,0x00,0x00,0x00,0x00,0x00,0x00,0xaf,0xff,0xff,0xff,0xff,0xf0,0x00,0x00,0x00,0x00,
0x00,0x00,0x00,0x00,0x00,0x00,0x00,0x00,0x00,0x00,0x00,0x00,0x00,0x00,0x00,0x00,0x00,0x00,0x00,0x00,0x00,0x00,0x00,0x00,
0x00,0x00,0x00,0x00,0x00,0xaf,0xff,0xff,0xff,0xff,0xf0,0x00,0x00,0x00,0x00,0x00,0x00,0x00,0x00,0x00,0x00,0x00,0x00,0x00,
0x00,0x00,0x00,0x00,0x00,0x00,0x00,0x00,0x00,0x00,0x00,0x00,0x00,0x00,0x00,0x00,0x00,0x00,0x00,0x00,0xaf,0xff,0xff,0xff,
0xff,0xf0,0x00,0x00,0x00,0x00,0x00,0x00,0x00,0x00,0x00,0x00,0x00,0x00,0x00,0x00,0x00,0x00,0x00,0x00,0x00,0x00,0x00,0x00,
0x00,0x00,0x00,0x00,0x00,0x00,0x00,0x00,0x00,0x00,0x00,0xaf,0xff,0xff,0xff,0xff,0xf0,0x00,0x00,0x00,0x00,0x00,0x00,0x00,
0x00,0x00,0x00,0x00,0x00,0x00,0x00,0x00,0x00,0x00,0x00,0x00,0x00,0x00,0x00,0x00,0x00,0x00,0x00,0x00,0x00,0x00,0x00,0x00,
0x00,0x00,0xaf,0xff,0xff,0xff,0xff,0xf0,0x00,0x00,0x00,0x00,0x00,0x00,0x00,0x00,0x00,0x00,0x00,0x00,0x00,0x00,0x00,0x00,
0x00,0x00,0x00,0x00,0x00,0x00,0x00,0x00,0x00,0x00,0x00,0x00,0x00,0x00,0x00,0x00,0x00,0xaf,0xff,0xff,0xff,0xff,0xf0,0x00,
0x00,0x00,0x00,0x00,0x00,0x00,0x00,0x00,0x00,0x00,0x00,0x00,0x00,0x00,0x00,0x00,0x00,0x00,0x00,0x00,0x00,0x00,0x00,0x00,
0x00,0x00,0x00,0x00,0x00,0x00,0x00,0x00,0xaf,0xff,0xff,0xff,0xff,0xf0,0x00,0x00,0x00,0x00,0x00,0x00,0x00,0x00,0x00,0x00,
0x00,0x00,0x00,0x00,0x00,0x00,0x00,0x00,0x00,0x00,0x00,0x00,0x00,0x00,0x00,0x00,0x00,0x00,0x00,0x00,0x00,0x00,0x00,0xaf,
0xff,0xff,0xff,0xff,0xf0,0x00,0x00,0x00,0x00,0x00,0x00,0x00,0x00,0x00,0x00,0x00,0x00,0x00,0x00,0x00,0x00,0x00,0x00,0x00,
0x00,0x00,0x00,0x00,0x00,0x00,0x00,0x00,0x00,0x00,0x00,0x00,0x00,0x00,0xaf,0xff,0xff,0xff,0xff,0xf0,0x00,0x00,0x00,0x00,
0x00,0x00,0x00,0x00,0x00,0x00,0x00,0x00,0x00,0x00,0x00,0x00,0x00,0x00,0x00,0x00,0x00,0x00,0x00,0x00,0x00,0x00,0x00,0x00,
0x00,0x00,0x00,0x00,0x00,0xaf,0xff,0xff,0xff,0xff,0xf0,0x00,0x00,0x00,0x00,0x00,0x00,0x00,0x00,0x00,0x00,0x00,0x00,0x00,
0x00,0x00,0x00,0x00,0x00,0x00,0x00,0x00,0x00,0x00,0x00,0x00,0x00,0x00,0x00,0x00,0x00,0x00,0x00,0x00,0xaf,0xff,0xff,0xff,
0xff,0xf0,0x00,0x00,0x00,0x00,0x00,0x00,0x00,0x00,0x00,0x00,0x00,0x00,0x00,0x00,0x00,0x00,0x00,0x00,0x00,0x00,0x00,0x00,
0x00,0x00,0x00,0x00,0x00,0x00,0x00,0x00,0x00,0x00,0x00,0xaf,0xff,0xff,0xff,0xff,0xf0,0x00,0x00,0x00,0x00,0x00,0x00,0x00,
0x00,0x00,0x00,0x00,0x00,0x00,0x00,0x00,0x00,0x00,0x00,0x00,0x00,0x00,0x00,0x00,0x00,0x00,0x00,0x00,0x00,0x00,0x00,0x00,
0x00,0x00,0xaf,0xff,0xff,0xff,0xff,0xf0,0x00,0x00,0x00,0x00,0x00,0x00,0x00,0x00,0x00,0x00,0x00,0x00,0x00,0x00,0x00,0x00,
0x00,0x00,0x00,0x00,0x00,0x00,0x00,0x00,0x00,0x00,0x00,0x00,0x00,0x00,0x00,0x00,0x00,0xaf,0xff,0xff,0xff,0xff,0xf0,0x00,
0x00,0x00,0x00,0x00,0x00,0x00,0x00,0x00,0x00,0x00,0x00,0x00,0x00,0x00,0x00,0x00,0x00,0x00,0x00,0x00,0x00,0x00,0x00,0x00,
0x00,0x00,0x00,0x00,0x00,0x00,0x00,0x00,0xaf,0xff,0xff,0xff,0xff,0xf0,0x00,0x00,0x00,0x00,0x00,0x00,0x00,0x00,0x00,0x00,
0x00,0x00,0x00,0x00,0x00,0x00,0x00,0x00,0x00,0x00,0x00,0x00,0x00,0x00,0x00,0x00,0x00,0x00,0x00,0x00,0x00,0x00,0x00,0xaf,
0xff,0xff,0xff,0xff,0xf0,0x00,0x00,0x00,0x00,0x00,0x00,0x00,0x00,0x00,0x00,0x00,0x00,0x00,0x00,0x00,0x00,0x00,0x00,0x00,
0x00,0x00,0x00,0x00,0x00,0x00,0x00,0x00,0x00,0x00,0x00,0x00,0x00,0x00,0xaf,0xff,0xff,0xff,0xff,0xf0,0x00,0x00,0x00,0x00,
0x00,0x00,0x00,0x00,0x00,0x00,0x00,0x00,0x00,0x00,0x00,0x00,0x00,0x00,0x00,0x00,0x00,0x00,0x00,0x00,0x00,0x00,0x00,0x00,
0x00,0x00,0x00,0x00,0x00,0xaf,0xff,0xff,0xff,0xff,0xf0,0x00,0x00,0x00,0x00,0x00,0x00,0x00,0x00,0x00,0x00,0x00,0x00,0x00,
0x00,0x00,0x00,0x00,0x00,0x00,0x00,0x00,0x00,0x00,0x00,0x00,0x00,0x00,0x00,0x00,0x00,0x00,0x00,0x00,0xaf,0xff,0xff,0xff,
0xff,0xf0,0x00,0x00,0x00,0x00,0x00,0x03,0x68,0x9a,0xa9,0x98,0x64,0x20,0x00,0x00,0x00,0x00,0x00,0x00,0x00,0x00,0x00,0x00,
0x00,0x00,0x00,0x00,0x00,0x00,0x00,0x00,0x00,0x00,0x00,0xaf,0xff,0xff,0xff,0xff,0xf0,0x00,0x00,0x00,0x01,0x5a,0xef,0xff,
0xff,0xff,0xff,0xff,0xfe,0xa6,0x20,0x00,0x00,0x00,0x00,0x00,0x00,0x00,0x00,0x00,0x00,0x00,0x00,0x00,0x00,0x00,0x00,0x00,
0x00,0x00,0xaf,0xff,0xff,0xff,0xff,0xf0,0x00,0x00,0x03,0xaf,0xff,0xff,0xff,0xff,0xff,0xff,0xff,0xff,0xff,0xfb,0x40,0x00,
0x00,0x00,0x00,0x00,0x00,0x00,0x00,0x00,0x00,0x00,0x00,0x00,0x00,0x00,0x00,0x00,0x00,0xaf,0xff,0xff,0xff,0xff,0xf0,0x00,
0x01,0x9f,0xff,0xff,0xff,0xff,0xff,0xff,0xff,0xff,0xff,0xff,0xff,0xfb,0x30,0x00,0x00,0x00,0x00,0x00,0x00,0x00,0x00,0x00,
0x00,0x00,0x00,0x00,0x00,0x00,0x00,0x00,0xaf,0xff,0xff,0xff,0xff,0xf0,0x00,0x7e,0xff,0xff,0xff,0xff,0xff,0xff,0xff,0xff,
0xff,0xff,0xff,0xff,0xff,0xfa,0x20,0x00,0x00,0x00,0x00,0x00,0x00,0x00,0x00,0x00,0x00,0x00,0x00,0x00,0x00,0x00,0x00,0xaf,
0xff,0xff,0xff,0xff,0xf0,0x0a,0xff,0xff,0xff,0xff,0xff,0xff,0xff,0xff,0xff,0xff,0xff,0xff,0xff,0xff,0xff,0xe3,0x00,0x00,
0x00,0x00,0x00,0x00,0x00,0x00,0x00,0x00,0x00,0x00,0x00,0x00,0x00,0x00,0xaf,0xff,0xff,0xff,0xff,0xf1,0xbf,0xff,0xff,0xff,
0xff,0xff,0xff,0xff,0xff,0xff,0xff,0xff,0xff,0xff,0xff,0xff,0xfe,0x40,0x00,0x00,0x00,0x00,0x00,0x00,0x00,0x00,0x00,0x00,
0x00,0x00,0x00,0x00,0x00,0xaf,0xff,0xff,0xff,0xff,0xfd,0xff,0xff,0xff,0xff,0xff,0xff,0xff,0xff,0xff,0xff,0xff,0xff,0xff,
0xff,0xff,0xff,0xff,0xe4,0x00,0x00,0x00,0x00,0x00,0x00,0x00,0x00,0x00,0x00,0x00,0x00,0x00,0x00,0x00,0xaf,0xff,0xff,0xff,
0xff,0xff,0xff,0xff,0xff,0xff,0xff,0xff,0xff,0xff,0xff,0xff,0xff,0xff,0xff,0xff,0xff,0xff,0xff,0xff,0x40,0x00,0x00,0x00,
0x00,0x00,0x00,0x00,0x00,0x00,0x00,0x00,0x00,0x00,0x00,0xaf,0xff,0xff,0xff,0xff,0xff,0xff,0xff,0xff,0xff,0xff,0xff,0xff,
0xff,0xff,0xff,0xff,0xff,0xff,0xff,0xff,0xff,0xff,0xff,0xd1,0x00,0x00,0x00,0x00,0x00,0x00,0x00,0x00,0x00,0x00,0x00,0x00,
0x00,0x00,0xaf,0xff,0xff,0xff,0xff,0xff,0xff,0xff,0xff,0xff,0xff,0xff,0xfe,0xef,0xff,0xff,0xff,0xff,0xff,0xff,0xff,0xff,
0xff,0xff,0xf9,0x00,0x00,0x00,0x00,0x00,0x00,0x00,0x00,0x00,0x00,0x00,0x00,0x00,0x00,0xaf,0xff,0xff,0xff,0xff,0xff,0xff,
0xff,0xff,0xff,0xd8,0x52,0x00,0x00,0x12,0x48,0xcf,0xff,0xff,0xff,0xff,0xff,0xff,0xff,0xff,0x40,0x00,0x00,0x00,0x00,0x00,
0x00,0x00,0x00,0x00,0x00,0x00,0x00,0x00,0xaf,0xff,0xff,0xff,0xff,0xff,0xff,0xff,0xff,0xa3,0x00,0x00,0x00,0x00,0x00,0x00,
0x01,0x8f,0xff,0xff,0xff,0xff,0xff,0xff,0xff,0xd1,0x00,0x00,0x00,0x00,0x00,0x00,0x00,0x00,0x00,0x00,0x00,0x00,0x00,0xaf,
0xff,0xff,0xff,0xff,0xff,0xff,0xff,0xc4,0x00,0x00,0x00,0x00,0x00,0x00,0x00,0x00,0x02,0xaf,0xff,0xff,0xff,0xff,0xff,0xff,
0xf6,0x00,0x00,0x00,0x00,0x00,0x00,0x00,0x00,0x00,0x00,0x00,0x00,0x00,0xaf,0xff,0xff,0xff,0xff,0xff,0xff,0xfa,0x00,0x00,
0x00,0x00,0x00,0x00,0x00,0x00,0x00,0x00,0x08,0xff,0xff,0xff,0xff,0xff,0xff,0xfc,0x00,0x00,0x00,0x00,0x00,0x00,0x00,0x00,
0x00,0x00,0x00,0x00,0x00,0xaf,0xff,0xff,0xff,0xff,0xff,0xff,0x80,0x00,0x00,0x00,0x00,0x00,0x00,0x00,0x00,0x00,0x00,0x00,
0x7f,0xff,0xff,0xff,0xff,0xff,0xff,0x30,0x00,0x00,0x00,0x00,0x00,0x00,0x00,0x00,0x00,0x00,0x00,0x00,0xaf,0xff,0xff,0xff,
0xff,0xff,0xfa,0x00,0x00,0x00,0x00,0x00,0x00,0x00,0x00,0x00,0x00,0x00,0x00,0x0a,0xff,0xff,0xff,0xff,0xff,0xff,0x90,0x00,
0x00,0x00,0x00,0x00,0x00,0x00,0x00,0x00,0x00,0x00,0x00,0xaf,0xff,0xff,0xff,0xff,0xff,0xc0,0x00,0x00,0x00,0x00,0x00,0x00,
0x00,0x00,0x00,0x00,0x00,0x00,0x01,0xef,0xff,0xff,0xff,0xff,0xff,0xe1,0x00,0x00,0x00,0x00,0x00,0x00,0x00,0x00,0x00,0x00,
0x00,0x00,0xaf,0xff,0xff,0xff,0xff,0xff,0x40,0x00,0x00,0x00,0x00,0x00,0x00,0x00,0x00,0x00,0x00,0x00,0x00,0x00,0x6f,0xff,
0xff,0xff,0xff,0xff,0xf4,0x00,0x00,0x00,0x00,0x00,0x00,0x00,0x00,0x00,0x00,0x00,0x00,0xaf,0xff,0xff,0xff,0xff,0xfa,0x00,
0x00,0x00,0x00,0x00,0x00,0x00,0x00,0x00,0x00,0x00,0x00,0x00,0x00,0x0e,0xff,0xff,0xff,0xff,0xff,0xf7,0x00,0x00,0x00,0x00,
0x00,0x00,0x00,0x00,0x00,0x00,0x00,0x00,0xaf,0xff,0xff,0xff,0xff,0xf3,0x00,0x00,0x00,0x00,0x00,0x00,0x00,0x00,0x00,0x00,
0x00,0x00,0x00,0x00,0x09,0xff,0xff,0xff,0xff,0xff,0xfa,0x00,0x00,0x00,0x00,0x00,0x00,0x00,0x00,0x00,0x00,0x00,0x00,0xaf,
0xff,0xff,0xff,0xff,0xc0,0x00,0x00,0x00,0x00,0x00,0x00,0x00,0x00,0x00,0x00,0x00,0x00,0x00,0x00,0x03,0xff,0xff,0xff,0xff,
0xff,0xfe,0x00,0x00,0x00,0x00,0x00,0x00,0x00,0x00,0x00,0x00,0x00,0x00,0x11,0x11,0x11,0x11,0x11,0x10,0x00,0x00,0x00,0x00,
0x00,0x00,0x00,0x00,0x00,0x00,0x00,0x00,0x00,0x00,0x00,0xdf,0xff,0xff,0xff,0xff,0xff,0x20,0x00,0x00,0x00,0x00,0x00,0x00,
0x00,0x00,0x00,0x00,0x00,0x00,0x00,0x00,0x00,0x00,0x00,0x00,0x00,0x00,0x00,0x00,0x00,0x00,0x00,0x00,0x00,0x00,0x00,0x00,
0x00,0x00,0xaf,0xff,0xff,0xff,0xff,0xff,0x50,0x00,0x00,0x00,0x00,0x00,0x00,0x00,0x00,0x00,0x00,0x00,0x00,0x00,0x00,0x00,
0x00,0x00,0x00,0x00,0x00,0x00,0x00,0x00,0x00,0x00,0x00,0x00,0x00,0x00,0x00,0x00,0x00,0x7f,0xff,0xff,0xff,0xff,0xff,0x70,
0x00,0x00,0x00,0x00,0x00,0x00,0x00,0x00,0x00,0x00,0x00,0x00,0x00,0x00,0x00,0x00,0x00,0x00,0x00,0x00,0x00,0x00,0x00,0x00,
0x00,0x00,0x00,0x00,0x00,0x00,0x00,0x00,0x5f,0xff,0xff,0xff,0xff,0xff,0x80,0x00,0x00,0x00,0x00,0x00,0x00,0x00,0x00,0x00,
0x00,0x00,0x00,0x00,0x00,0x00,0x00,0x00,0x00,0x00,0x00,0x00,0x00,0x00,0x00,0x00,0x00,0x00,0x00,0x00,0x00,0x00,0x00,0x2f,
0xff,0xff,0xff,0xff,0xff,0x90,0x00,0x00,0x00,0x00,0x00,0x00,0x00,0x00,0x00,0x00,0x00,0x00,0x00,0x00,0x00,0x00,0x00,0x00,
0x00,0x00,0x00,0x00,0x00,0x00,0x00,0x00,0x00,0x00,0x00,0x00,0x00,0x00,0x1f,0xff,0xff,0xff,0xff,0xff,0xa0,0x00,0x00,0x00,
0x00,0x00,0x00,0x00,0x00,0x00,0x00,0x00,0x00,0x00,0x00,0x00,0x00,0x00,0x00,0x00,0x00,0x00,0x00,0x00,0x00,0x00,0x00,0x00,
0x00,0x00,0x00,0x00,0x00,0x0f,0xff,0xff,0xff,0xff,0xff,0xb0,0x00,0x00,0x00,0x00,0x00,0x00,0x00,0x00,0x00,0x00,0x00,0x00,
0x00,0x00,0x00,0x00,0x00,0x00,0x00,0x00,0x00,0x00,0x00,0x00,0x00,0x00,0x00,0x00,0x00,0x00,0x00,0x00,0x0e,0xff,0xff,0xff,
0xff,0xff,0xc0,0x00,0x00,0x00,0x00,0x00,0x00,0x00,0x00,0x00,0x00,0x00,0x00,0x00,0x00,0x00,0x00,0x00,0x00,0x00,0x00,0x00,
0x00,0x00,0x00,0x00,0x00,0x00,0x00,0x00,0x00,0x00,0x00,0x0d,0xff,0xff,0xff,0xff,0xff,0xc0,0x00,0x00,0x00,0x00,0x00,0x00,
0x00,0x00,0x00,0x00,0x00,0x00,0x00,0x00,0x00,0x00,0x00,0x00,0x00,0x00,0x00,0x00,0x00,0x00,0x00,0x00,0x00,0x00,0x00,0x00,
0x00,0x00,0x0d,0xff,0xff,0xff,0xff,0xff,0xd0,0x00,0x00,0x00,0x00,0x00,0x00,0x00,0x00,0x00,0x00,0x00,0x00,0x00,0x00,0x00,
0x00,0x00,0x00,0x00,0x00,0x00,0x00,0x00,0x00,0x00,0x00,0x00,0x00,0x00,0x00,0x00,0x00,0x0c,0xff,0xff,0xff,0xff,0xff,0xd0,
0x00,0x00,0x00,0x00,0x00,0x00,0x00,0x00,0x00,0x00,0x00,0x00,0x00,0x00,0x00,0x00,0x00,0x00,0x00,0x00,0x00,0x00,0x00,0x00,
0x00,0x00,0x00,0x00,0x00,0x00,0x00,0x00,0x0c,0xff,0xff,0xff,0xff,0xff,0xd0,0x00,0x00,0x00,0x00,0x00,0x00,0x00,0x00,0x00,
0x00,0x00,0x00,0x00,0x00,0x00,0x00,0x00,0x00,0x00,0x00,0x00,0x00,0x00,0x00,0x00,0x00,0x00,0x00,0x00,0x00,0x00,0x00,0x0c,
0xff,0xff,0xff,0xff,0xff,0xd0,0x00,0x00,0x00,0x00,0x00,0x00,0x00,0x00,0x00,0x00,0x00,0x00,0x00,0x00,0x00,0x00,0x00,0x00,
0x00,0x00,0x00,0x00,0x00,0x00,0x00,0x00,0x00,0x00,0x00,0x00,0x00,0x00,0x0c,0xff,0xff,0xff,0xff,0xff,0xd0,0x00,0x00,0x00,
0x00,0x00,0x00,0x00,0x00,0x00,0x00,0x00,0x00,0x00,0x00,0x00,0x00,0x00,0x00,0x00,0x00,0x00,0x00,0x00,0x00,0x00,0x00,0x00,
0x00,0x00,0x00,0x00,0x00,0x0c,0xff,0xff,0xff,0xff,0xff,0xd0,0x00,0x00,0x00,0x00,0x00,0x00,0x00,0x00,0x00,0x00,0x00,0x00,
0x00,0x00,0x00,0x00,0x00,0x00,0x00,0x00,0x00,0x00,0x00,0x00,0x00,0x00,0x00,0x00,0x00,0x00,0x00,0x00,0x0c,0xff,0xff,0xff,
0xff,0xff,0xd0,0x00,0x00,0x00,0x00,0x00,0x00,0x00,0x00,0x00,0x00,0x00,0x00,0x00,0x00,0x00,0x00,0x00,0x00,0x00,0x00,0x00,
0x00,0x00,0x00,0x00,0x00,0x00,0x00,0x00,0x00,0x00,0x00,0x0c,0xff,0xff,0xff,0xff,0xff,0xd0,0x00,0x00,0x00,0x00,0x00,0x00,
0x00,0x00,0x00,0x00,0x00,0x00,0x00,0x00,0x00,0x00,0x00,0x00,0x00,0x00,0x00,0x00,0x00,0x00,0x00,0x00,0x00,0x00,0x00,0x00,
0x00,0x00,0x0c,0xff,0xff,0xff,0xff,0xff,0xd0,0x00,0x00,0x00,0x00,0x00,0x00,0x00,0x00,0x00,0x00,0x00,0x00,0x00,0x00,0x00,
0x00,0x00,0x00,0x00,0x00,0x00,0x00,0x00,0x00,0x00,0x00,0x00,0x00,0x00,0x00,0x00,0x00,0x0c,0xff,0xff,0xff,0xff,0xff,0xd0,
0x00,0x00,0x00,0x00,0x00,0x00,0x00,0x00,0x00,0x00,0x00,0x00,0x00,0x00,0x00,0x00,0x00,0x00,0x00,0x00,0x00,0x00,0x00,0x00,
0x00,0x00,0x00,0x00,0x00,0x00,0x00,0x00,0x0c,0xff,0xff,0xff,0xff,0xff,0xd0,0x00,0x00,0x00,0x00,0x00,0x00,0x00,0x00,0x00,
0x00,0x00,0x00,0x00,0x00,0x00,0x00,0x00,0x00,0x00,0x00,0x00,0x00,0x00,0x00,0x00,0x00,0x00,0x00,0x00,0x00,0x00,0x00,0x0c,
0xff,0xff,0xff,0xff,0xff,0xd0,0x00,0x00,0x00,0x00,0x00,0x00,0x00,0x00,0x00,0x00,0x00,0x00,0x00,0x00,0x00,0x00,0x00,0x00,
0x00,0x00,0x00,0x00,0x00,0x00,0x00,0x00,0x00,0x00,0x00,0x00,0x00,0x00,0x0d,0xff,0xff,0xff,0xff,0xff,0xd0,0x00,0x00,0x00,
0x00,0x00,0x00,0x00,0x00,0x00,0x00,0x00,0x00,0x00,0x00,0x00,0x00,0x00,0x00,0x00,0x00,0x00,0x00,0x00,0x00,0x00,0x00,0x00,
0x00,0x00,0x00,0x00,0x00,0x0e,0xff,0xff,0xff,0xff,0xff,0xc0,0x00,0x00,0x00,0x00,0x00,0x00,0x00,0x00,0x00,0x00,0x11,0x11,
0x11,0x11,0x11,0x11,0x00,0x00,0x00,0x00,0x00,0x00,0x00,0x00,0x00,0x00,0x00,0x00,0x00,0x00,0x00,0x00,0x0f,0xff,0xff,0xff,
0xff,0xff,0xb0,0x00,0x00,0x00,0x00,0x00,0x00,0x00,0x00,0x00,0x00,0x7f,0xff,0xff,0xff,0xff,0xfb,0x00,0x00,0x00,0x00,0x00,
0x00,0x00,0x00,0x00,0x00,0x00,0x00,0x00,0x00,0x00,0x00,0x1f,0xff,0xff,0xff,0xff,0xff,0xa0,0x00,0x00,0x00,0x00,0x00,0x00,
0x00,0x00,0x00,0x00,0x7f,0xff,0xff,0xff,0xff,0xfc,0x00,0x00,0x00,0x00,0x00,0x00,0x00,0x00,0x00,0x00,0x00,0x00,0x00,0x00,
0x00,0x00,0x2f,0xff,0xff,0xff,0xff,0xff,0x90,0x00,0x00,0x00,0x00,0x00,0x00,0x00,0x00,0x00,0x00,0x6f,0xff,0xff,0xff,0xff,
0xfd,0x00,0x00,0x00,0x00,0x00,0x00,0x00,0x00,0x00,0x00,0x00,0x00,0x00,0x00,0x00,0x00,0x5f,0xff,0xff,0xff,0xff,0xff,0x80,
0x00,0x00,0x00,0x00,0x00,0x00,0x00,0x00,0x00,0x00,0x5f,0xff,0xff,0xff,0xff,0xfe,0x00,0x00,0x00,0x00,0x00,0x00,0x00,0x00,
0x00,0x00,0x00,0x00,0x00,0x00,0x00,0x00,0x8f,0xff,0xff,0xff,0xff,0xff,0x70,0x00,0x00,0x00,0x00,0x00,0x00,0x00,0x00,0x00,
0x00,0x4f,0xff,0xff,0xff,0xff,0xff,0x00,0x00,0x00,0x00,0x00,0x00,0x00,0x00,0x00,0x00,0x00,0x00,0x00,0x00,0x00,0x00,0xbf,
0xff,0xff,0xff,0xff,0xff,0x40,0x00,0x00,0x00,0x00,0x00,0x00,0x00,0x00,0x00,0x00,0x2f,0xff,0xff,0xff,0xff,0xff,0x30,0x00,
0x00,0x00,0x00,0x00,0x00,0x00,0x00,0x00,0x00,0x00,0x00,0x00,0x00,0x00,0xef,0xff,0xff,0xff,0xff,0xff,0x10,0x00,0x00,0x00,
0x00,0x00,0x00,0x00,0x00,0x00,0x00,0x1f,0xff,0xff,0xff,0xff,0xff,0x70,0x00,0x00,0x00,0x00,0x00,0x00,0x00,0x00,0x00,0x00,
0x00,0x00,0x00,0x00,0x04,0xff,0xff,0xff,0xff,0xff,0xfc,0x00,0x00,0x00,0x00,0x00,0x00,0x00,0x00,0x00,0x00,0x00,0x0f,0xff,
0xff,0xff,0xff,0xff,0xb0,0x00,0x00,0x00,0x00,0x00,0x00,0x00,0x00,0x00,0x00,0x00,0x00,0x00,0x00,0x0a,0xff,0xff,0xff,0xff,
0xff,0xf9,0x00,0x00,0x00,0x00,0x00,0x00,0x00,0x00,0x00,0x00,0x00,0x0b,0xff,0xff,0xff,0xff,0xff,0xf2,0x00,0x00,0x00,0x00,
0x00,0x00,0x00,0x00,0x00,0x00,0x00,0x00,0x00,0x00,0x1e,0xff,0xff,0xff,0xff,0xff,0xf5,0x00,0x00,0x00,0x00,0x00,0x00,0x00,
0x00,0x00,0x00,0x00,0x07,0xff,0xff,0xff,0xff,0xff,0xfa,0x00,0x00,0x00,0x00,0x00,0x00,0x00,0x00,0x00,0x00,0x00,0x00,0x00,
0x00,0x8f,0xff,0xff,0xff,0xff,0xff,0xf2,0x00,0x00,0x00,0x00,0x00,0x00,0x00,0x00,0x00,0x00,0x00,0x03,0xff,0xff,0xff,0xff,
0xff,0xff,0x30,0x00,0x00,0x00,0x00,0x00,0x00,0x00,0x00,0x00,0x00,0x00,0x00,0x03,0xff,0xff,0xff,0xff,0xff,0xff,0xc0,0x00,
0x00,0x00,0x00,0x00,0x00,0x00,0x00,0x00,0x00,0x00,0x00,0xef,0xff,0xff,0xff,0xff,0xff,0xd1,0x00,0x00,0x00,0x00,0x00,0x00,
0x00,0x00,0x00,0x00,0x00,0x00,0x0c,0xff,0xff,0xff,0xff,0xff,0xff,0x50,0x00,0x00,0x00,0x00,0x00,0x00,0x00,0x00,0x00,0x00,
0x00,0x00,0x9f,0xff,0xff,0xff,0xff,0xff,0xfb,0x00,0x00,0x00,0x00,0x00,0x00,0x00,0x00,0x00,0x00,0x00,0x00,0xaf,0xff,0xff,
0xff,0xff,0xff,0xfd,0x00,0x00,0x00,0x00,0x00,0x00,0x00,0x00,0x00,0x00,0x00,0x00,0x00,0x2f,0xff,0xff,0xff,0xff,0xff,0xff,
0xc2,0x00,0x00,0x00,0x00,0x00,0x00,0x00,0x00,0x00,0x00,0x0a,0xff,0xff,0xff,0xff,0xff,0xff,0xf6,0x00,0x00,0x00,0x00,0x00,
0x00,0x00,0x00,0x00,0x00,0x00,0x00,0x00,0x09,0xff,0xff,0xff,0xff,0xff,0xff,0xfe,0x50,0x00,0x00,0x00,0x00,0x00,0x00,0x00,
0x00,0x04,0xcf,0xff,0xff,0xff,0xff,0xff,0xff,0xe1,0x00,0x00,0x00,0x00,0x00,0x00,0x00,0x00,0x00,0x00,0x00,0x00,0x00,0x01,
0xef,0xff,0xff,0xff,0xff,0xff,0xff,0xfc,0x50,0x00,0x00,0x00,0x00,0x00,0x00,0x03,0xaf,0xff,0xff,0xff,0xff,0xff,0xff,0xff,
0x60,0x00,0x00,0x00,0x00,0x00,0x00,0x00,0x00,0x00,0x00,0x00,0x00,0x00,0x00,0x8f,0xff,0xff,0xff,0xff,0xff,0xff,0xff,0xfe,
0xb7,0x42,0x10,0x01,0x23,0x59,0xdf,0xff,0xff,0xff,0xff,0xff,0xff,0xff,0xfa,0x00,0x00,0x00,0x00,0x00,0x00,0x00,0x00,0x00,
0x00,0x00,0x00,0x00,0x00,0x00,0x1c,0xff,0xff,0xff,0xff,0xff,0xff,0xff,0xff,0xff,0xff,0xff,0xff,0xff,0xff,0xff,0xff,0xff,
0xff,0xff,0xff,0xff,0xff,0xd1,0x00,0x00,0x00,0x00,0x00,0x00,0x00,0x00,0x00,0x00,0x00,0x00,0x00,0x00,0x00,0x01,0xdf,0xff,
0xff,0xff,0xff,0xff,0xff,0xff,0xff,0xff,0xff,0xff,0xff,0xff,0xff,0xff,0xff,0xff,0xff,0xff,0xff,0xff,0x30,0x00,0x00,0x00,
0x00,0x00,0x00,0x00,0x00,0x00,0x00,0x00,0x00,0x00,0x00,0x00,0x00,0x2e,0xff,0xff,0xff,0xff,0xff,0xff,0xff,0xff,0xff,0xff,
0xff,0xff,0xff,0xff,0xff,0xff,0xff,0xff,0xff,0xff,0xf6,0x00,0x00,0x00,0x00,0x00,0x00,0x00,0x00,0x00,0x00,0x00,0x00,0x00,
0x00,0x00,0x00,0x00,0x04,0xef,0xff,0xff,0xff,0xff,0xff,0xff,0xff,0xff,0xff,0xff,0xff,0xff,0xff,0xff,0xff,0xff,0xff,0xff,
0xff,0x50,0x00,0x00,0x00,0x00,0x00,0x00,0x00,0x00,0x00,0x00,0x00,0x00,0x00,0x00,0x00,0x00,0x00,0x00,0x2c,0xff,0xff,0xff,
0xff,0xff,0xff,0xff,0xff,0xff,0xff,0xff,0xff,0xff,0xff,0xff,0xff,0xff,0xff,0xe3,0x00,0x00,0x00,0x00,0x00,0x00,0x00,0x00,
0x00,0x00,0x00,0x00,0x00,0x00,0x00,0x00,0x00,0x00,0x00,0x00,0x9f,0xff,0xff,0xff,0xff,0xff,0xff,0xff,0xff,0xff,0xff,0xff,
0xff,0xff,0xff,0xff,0xff,0xfc,0x20,0x00,0x00,0x00,0x00,0x00,0x00,0x00,0x00,0x00,0x00,0x00,0x00,0x00,0x00,0x00,0x00,0x00,
0x00,0x00,0x00,0x05,0xef,0xff,0xff,0xff,0xff,0xff,0xff,0xff,0xff,0xff,0xff,0xff,0xff,0xff,0xff,0xfe,0x71,0x00,0x00,0x00,
0x00,0x00,0x00,0x00,0x00,0x00,0x00,0x00,0x00,0x00,0x00,0x00,0x00,0x00,0x00,0x00,0x00,0x00,0x00,0x06,0xcf,0xff,0xff,0xff,
0xff,0xff,0xff,0xff,0xff,0xff,0xff,0xff,0xff,0xfe,0x81,0x00,0x00,0x00,0x00,0x00,0x00,0x00,0x00,0x00,0x00,0x00,0x00,0x00,
0x00,0x00,0x00,0x00,0x00,0x00,0x00,0x00,0x00,0x00,0x00,0x04,0xbf,0xff,0xff,0xff,0xff,0xff,0xff,0xff,0xff,0xff,0xff,0xfd,
0x81,0x00,0x00,0x00,0x00,0x00,0x00,0x00,0x00,0x00,0x00,0x00,0x00,0x00,0x00,0x00,0x00,0x00,0x00,0x00,0x00,0x00,0x00,0x00,
0x00,0x00,0x00,0x01,0x48,0xbe,0xff,0xff,0xff,0xff,0xff,0xff,0xfe,0xb8,0x30,0x00,0x00,0x00,0x00,0x00,0x00,0x00,0x00,0x00,
0x00,0x00,0x00,0x00,0x00,0x00,0x00,0x00,0x00,0x00,0x00,0x00,0x00,0x00,0x00,0x00,0x00,0x00,0x00,0x00,0x00,0x34,0x56,0x78,
0x99,0x87,0x64,0x20,0x00,0x00,0x00,0x00,0x00,0x00,0x00,0x00,0x00,0x00,0x00,0x00,0x00,0x00,0x00,0x00,0x00,0x00,0x00,0x00,
0x00,0x00,0x00,0x00,0x00,0x00,0x00,0x00,0x00,0x00,0x00,0x00,0x00,0x00,0x00,0x00,0x02,0x66,0x66,0x66,0x66,0x66,0x65,0x00,
0x00,0x00,0x00,0x00,0x00,0x00,0x00,0x00,0x00,0x00,0x00,0x00,0x00,0x00,0x00,0x00,0x00,0x00,0x00,0x00,0x00,0x00,0x00,0x00,
0x00,0x00,0x00,0x00,0x00,0x00,0x00,0x00,0x0a,0xff,0xff,0xff,0xff,0xff,0xf7,0x00,0x00,0x00,0x00,0x00,0x00,0x00,0x00,0x00,
0x00,0x00,0x00,0x00,0x00,0x00,0x00,0x00,0x00,0x00,0x00,0x00,0x00,0x00,0x00,0x00,0x00,0x00,0x00,0x00,0x00,0x00,0x00,0x00,
0x3f,0xff,0xff,0xff,0xff,0xff,0xe1,0x00,0x00,0x00,0x00,0x00,0x00,0x00,0x00,0x00,0x00,0x00,0x00,0x00,0x00,0x00,0x00,0x00,
0x00,0x00,0x00,0x00,0x00,0x00,0x00,0x00,0x00,0x00,0x00,0x00,0x00,0x00,0x00,0x00,0xaf,0xff,0xff,0xff,0xff,0xff,0x70,0x00,
0x00,0x00,0x00,0x00,0x00,0x00,0x00,0x00,0x00,0x00,0x00,0x00,0x00,0x00,0x00,0x00,0x00,0x00,0x00,0x00,0x00,0x00,0x00,0x00,
0x00,0x00,0x00,0x00,0x00,0x00,0x00,0x03,0xff,0xff,0xff,0xff,0xff,0xfe,0x10,0x00,0x00,0x00,0x00,0x00,0x00,0x00,0x00,0x00,
0x00,0x00,0x00,0x00,0x00,0x00,0x00,0x00,0x00,0x00,0x00,0x00,0x00,0x00,0x00,0x00,0x00,0x00,0x00,0x00,0x00,0x00,0x00,0x0a,
0xff,0xff,0xff,0xff,0xff,0xf7,0x00,0x00,0x00,0x00,0x00,0x00,0x00,0x00,0x00,0x00,0x00,0x00,0x00,0x00,0x00,0x00,0x00,0x00,
0x00,0x00,0x00,0x00,0x00,0x00,0x00,0x00,0x00,0x00,0x00,0x00,0x00,0x00,0x00,0x3f,0xff,0xff,0xff,0xff,0xff,0xe1,0x00,0x00,
0x00,0x00,0x00,0x00,0x00,0x00,0x00,0x00,0x00,0x00,0x00,0x00,0x00,0x00,0x00,0x00,0x00,0x00,0x00,0x00,0x00,0x00,0x00,0x00,
0x00,0x00,0x00,0x00,0x00,0x00,0x00,0xaf,0xff,0xff,0xff,0xff,0xff,0x80,0x00,0x00,0x00,0x00,0x00,0x00,0x00,0x00,0x00,0x00,
0x00,0x00,0x00,0x00,0x00,0x00,0x00,0x00,0x00,0x00,0x00,0x00,0x00,0x00,0x00,0x00,0x00,0x00,0x00,0x00,0x00,0x00,0x02,0xff,
0xff,0xff,0xff,0xff,0xfe,0x10,0x00,0x00,0x00,0x00,0x00,0x00,0x00,0x00,0x00,0x00,0x00,0x00,0x00,0x00,0x00,0x00,0x00,0x00,
0x00,0x00,0x00,0x00,0x00,0x00,0x00,0x00,0x00,0x00,0x00,0x00,0x00,0x00,0x0a,0xff,0xff,0xff,0xff,0xff,0xf8,0x00,0x00,0x00,
0x00,0x00,0x00,0x00,0x00,0x00,0x00,0x00,0x00,0x00,0x00,0x00,0x00,0x00,0x00,0x00,0x00,0x00,0x00,0x00,0x00,0x00,0x00,0x00,
0x00,0x00,0x00,0x00,0x00,0x00,0x2f,0xff,0xff,0xff,0xff,0xff,0xe1,0x00,0x00,0x00,0x00,0x00,0x00,0x00,0x00,0x00,0x00,0x00,
0x00,0x00,0x00,0x00,0x00,0x00,0x00,0x00,0x00,0x00,0x00,0x00,0x00,0x00,0x00,0x00,0x00,0x00,0x00,0x00,0x00,0x00,0xaf,0xff,
0xff,0xff,0xff,0xff,0x80,0x00,0x00,0x00,0x00,0x00,0x00,0x00,0x00,0x00,0x00,0x00,0x00,0x00,0x00,0x00,0x00,0x00,0x00,0x00,
0x00,0x00,0x00,0x00,0x00,0x00,0x00,0x00,0x00,0x00,0x00,0x00,0x00,0x02,0xff,0xff,0xff,0xff,0xff,0xff,0x10,0x00,0x00,0x00,
0x00,0x00,0x00,0x00,0x00,0x00,0x00,0x00,0x00,0x00,0x00,0x00,0x00,0x00,0x00,0x00,0x00,0x00,0x00,0x00,0x00,0x00,0x00,0x00,
0x00,0x00,0x00,0x00,0x00,0x0a,0xff,0xff,0xff,0xff,0xff,0xf9,0x00,0x00,0x00,0x00,0x00,0x00,0x00,0x00,0x00,0x00,0x00,0x00,
0x00,0x00,0x00,0x00,0x00,0x00,0x00,0x00,0x00,0x00,0x00,0x00,0x00,0x00,0x00,0x00,0x00,0x00,0x00,0x00,0x00,0x2f,0xff,0xff,
0xff,0xff,0xff,0xf2,0x00,0x00,0x00,0x00,0x00,0x00,0x00,0x00,0x00,0x00,0x00,0x00,0x00,0x00,0x00,0x00,0x00,0x00,0x00,0x00,
0x00,0x00,0x00,0x00,0x00,0x00,0x00,0x00,0x00,0x00,0x00,0x00,0x00,0x9f,0xff,0xff,0xff,0xff,0xff,0x90,0x00,0x00,0x00,0x00,
0x00,0x00,0x00,0x00,0x00,0x00,0x00,0x00,0x00,0x00,0x00,0x00,0x00,0x00,0x00,0x00,0x00,0x00,0x00,0x00,0x00,0x00,0x00,0x00,
0x00,0x00,0x00,0x00,0x02,0xff,0xff,0xff,0xff,0xff,0xff,0x20,0x00,0x00,0x00,0x00,0x00,0x00,0x00,0x00,0x00,0x00,0x00,0x00,
0x00,0x00,0x00,0x00,0x00,0x00,0x00,0x00,0x00,0x00,0x00,0x00,0x00,0x00,0x00,0x00,0x00,0x00,0x00,0x00,0x09,0xff,0xff,0xff,
0xff,0xff,0xf9,0x00,0x00,0x00,0x00,0x00,0x00,0x00,0x00,0x00,0x00,0x00,0x00,0x00,0x00,0x00,0x00,0x00,0x00,0x00,0x00,0x00,
0x00,0x00,0x00,0x00,0x00,0x00,0x00,0x00,0x00,0x00,0x00,0x00,0x2f,0xff,0xff,0xff,0xff,0xff,0xf2,0x00,0x00,0x00,0x00,0x00,
0x00,0x00,0x00,0x00,0x00,0x00,0x00,0x00,0x00,0x00,0x00,0x00,0x00,0x00,0x00,0x00,0x00,0x00,0x00,0x00,0x00,0x00,0x00,0x00,
0x00,0x00,0x00,0x00,0x9f,0xff,0xff,0xff,0xff,0xff,0x90,0x00,0x00,0x00,0x00,0x00,0x00,0x00,0x00,0x00,0x00,0x00,0x00,0x00,
0x00,0x00,0x00,0x00,0x00,0x00,0x00,0x00,0x00,0x00,0x00,0x00,0x00,0x00,0x00,0x00,0x00,0x00,0x00,0x02,0xff,0xff,0xff,0xff,
0xff,0xff,0x20,0x00,0x00,0x00,0x00,0x00,0x00,0x00,0x00,0x00,0x00,0x00,0x00,0x00,0x00,0x00,0x00,0x00,0x00,0x00,0x00,0x00,
0x00,0x00,0x00,0x00,0x00,0x00,0x00,0x00,0x00,0x00,0x00,0x09,0xff,0xff,0xff,0xff,0xff,0xfa,0x00,0x00,0x00,0x00,0x00,0x00,
0x00,0x00,0x00,0x00,0x00,0x00,0x00,0x00,0x00,0x00,0x00,0x00,0x00,0x00,0x00,0x00,0x00,0x00,0x00,0x00,0x00,0x00,0x00,0x00,
0x00,0x00,0x00,0x2f,0xff,0xff,0xff,0xff,0xff,0xf2,0x00,0x00,0x00,0x00,0x00,0x00,0x00,0x00,0x00,0x00,0x00,0x00,0x00,0x00,
0x00,0x00,0x00,0x00,0x00,0x00,0x00,0x00,0x00,0x00,0x00,0x00,0x00,0x00,0x00,0x00,0x00,0x00,0x00,0x9f,0xff,0xff,0xff,0xff,
0xff,0xa0,0x00,0x00,0x00,0x00,0x00,0x00,0x00,0x00,0x00,0x00,0x00,0x00,0x00,0x00,0x00,0x00,0x00,0x00,0x00,0x00,0x00,0x00,
0x00,0x00,0x00,0x00,0x00,0x00,0x00,0x00,0x00,0x00,0x02,0xff,0xff,0xff,0xff,0xff,0xff,0x30,0x00,0x00,0x00,0x00,0x00,0x00,
0x00,0x00,0x00,0x00,0x00,0x00,0x00,0x00,0x00,0x00,0x00,0x00,0x00,0x00,0x00,0x00,0x00,0x00,0x00,0x00,0x00,0x00,0x00,0x00,
0x00,0x00,0x09,0xff,0xff,0xff,0xff,0xff,0xfa,0x00,0x00,0x00,0x00,0x00,0x00,0x00,0x00,0x00,0x00,0x00,0x00,0x00,0x00,0x00,
0x00,0x00,0x00,0x00,0x00,0x00,0x00,0x00,0x00,0x00,0x00,0x00,0x00,0x00,0x00,0x00,0x00,0x00,0x2f,0xff,0xff,0xff,0xff,0xff,
0xf3,0x00,0x00,0x00,0x00,0x00,0x00,0x00,0x00,0x00,0x00,0x00,0x00,0x00,0x00,0x00,0x00,0x00,0x00,0x00,0x00,0x00,0x00,0x00,
0x00,0x00,0x00,0x00,0x00,0x00,0x00,0x00,0x00,0x00,0x9f,0xff,0xff,0xff,0xff,0xff,0xa0,0x00,0x00,0x00,0x00,0x00,0x00,0x00,
0x00,0x00,0x00,0x00,0x00,0x00,0x00,0x00,0x00,0x00,0x00,0x00,0x00,0x00,0x00,0x00,0x00,0x00,0x00,0x00,0x00,0x00,0x00,0x00,
0x00,0x01,0xff,0xff,0xff,0xff,0xff,0xff,0x30,0x00,0x00,0x00,0x00,0x00,0x00,0x00,0x00,0x00,0x00,0x00,0x00,0x00,0x00,0x00,
0x00,0x00,0x00,0x00,0x00,0x00,0x00,0x00,0x00,0x00,0x00,0x00,0x00,0x00,0x00,0x00,0x00,0x08,0xff,0xff,0xff,0xff,0xff,0xfb,
0x00,0x00,0x00,0x00,0x00,0x00,0x00,0x00,0x00,0x00,0x00,0x00,0x00,0x00,0x00,0x00,0x00,0x00,0x00,0x00,0x00,0x00,0x00,0x00,
0x00,0x00,0x00,0x00,0x00,0x00,0x00,0x00,0x00,0x1e,0xff,0xff,0xff,0xff,0xff,0xf3,0x00,0x00,0x00,0x00,0x00,0x00,0x00,0x00,
0x00,0x00,0x00,0x00,0x00,0x00,0x00,0x00,0x00,0x00,0x00,0x00,0x00,0x00,0x00,0x00,0x00,0x00,0x00,0x00,0x00,0x00,0x00,0x00,
0x00,0x8f,0xff,0xff,0xff,0xff,0xff,0xb0,0x00,0x00,0x00,0x00,0x00,0x00,0x00,0x00,0x00,0x00,0x00,0x00,0x00,0x00,0x00,0x00,
0x00,0x00,0x00,0x00,0x00,0x00,0x00,0x00,0x00,0x00,0x00,0x00,0x00,0x00,0x00,0x00,0x01,0xef,0xff,0xff,0xff,0xff,0xff,0x30,
0x00,0x00,0x00,0x00,0x00,0x00,0x00,0x00,0x00,0x00,0x00,0x00,0x00,0x00,0x00,0x00,0x00,0x00,0x00,0x00,0x00,0x00,0x00,0x00,
0x00,0x00,0x00,0x00,0x00,0x00,0x00,0x00,0x08,0xff,0xff,0xff,0xff,0xff,0xfb,0x00,0x00,0x00,0x00,0x00,0x00,0x00,0x00,0x00,
0x00,0x00,0x00,0x00,0x00,0x00,0x00,0x00,0x00,0x00,0x00,0x00,0x00,0x00,0x00,0x00,0x00,0x00,0x00,0x00,0x00,0x00,0x00,0x00,
0x1e,0xff,0xff,0xff,0xff,0xff,0xf4,0x00,0x00,0x00,0x00,0x00,0x00,0x00,0x00,0x00,0x00,0x00,0x00,0x00,0x00,0x00,0x00,0x00,
0x00,0x00,0x00,0x00,0x00,0x00,0x00,0x00,0x00,0x00,0x00,0x00,0x00,0x00,0x00,0x00,0x8f,0xff,0xff,0xff,0xff,0xff,0xb0,0x00,
0x00,0x00,0x00,0x00,0x00,0x00,0x00,0x00,0x00,0x00,0x00,0x00,0x00,0x00,0x00,0x00,0x00,0x00,0x00,0x00,0x00,0x00,0x00,0x00,
0x00,0x00,0x00,0x00,0x00,0x00,0x00,0x01,0xef,0xff,0xff,0xff,0xff,0xff,0x40,0x00,0x00,0x00,0x00,0x00,0x00,0x00,0x00,0x00,
0x00,0x00,0x00,0x00,0x00,0x00,0x00,0x00,0x00,0x00,0x00,0x00,0x00,0x00,0x00,0x00,0x00,0x00,0x00,0x00,0x00,0x00,0x00,0x08,
0xff,0xff,0xff,0xff,0xff,0xfc,0x00,0x00,0x00,0x00,0x00,0x00,0x00,0x00,0x00,0x00,0x00,0x00,0x00,0x00,0x00,0x00,0x00,0x00,
0x00,0x00,0x00,0x00,0x00,0x00,0x00,0x00,0x00,0x00,0x00,0x00,0x00,0x00,0x00,0x1e,0xff,0xff,0xff,0xff,0xff,0xf4,0x00,0x00,
0x00,0x00,0x00,0x00,0x00,0x00,0x00,0x00,0x00,0x00,0x00,0x00,0x00,0x00,0x00,0x00,0x00,0x00,0x00,0x00,0x00,0x00,0x00,0x00,
0x00,0x00,0x00,0x00,0x00,0x00,0x00,0x8f,0xff,0xff,0xff,0xff,0xff,0xc0,0x00,0x00,0x00,0x00,0x00,0x00,0x00,0x00,0x00,0x00,
0x00,0x00,0x00,0x00,0x00,0x00,0x00,0x00,0x00,0x00,0x00,0x00,0x00,0x00,0x00,0x00,0x00,0x00,0x00,0x00,0x00,0x00,0x01,0xef,
0xff,0xff,0xff,0xff,0xff,0x40,0x00,0x00,0x00,0x00,0x00,0x00,0x00,0x00,0x00,0x00,0x00,0x00,0x00,0x00,0x00,0x00,0x00,0x00,
0x00,0x00,0x00,0x00,0x00,0x00,0x00,0x00,0x00,0x00,0x00,0x00,0x00,0x00,0x08,0xff,0xff,0xff,0xff,0xff,0xfc,0x00,0x00,0x00,
0x00,0x00,0x00,0x00,0x00,0x00,0x00,0x00,0x00,0x00,0x00,0x00,0x00,0x00,0x00,0x00,0x00,0x00,0x00,0x00,0x00,0x00,0x00,0x00,
0x00,0x00,0x00,0x00,0x00,0x00,0x1e,0xff,0xff,0xff,0xff,0xff,0xf5,0x00,0x00,0x00,0x00,0x00,0x00,0x00,0x00,0x00,0x00,0x00,
0x00,0x00,0x00,0x00,0x00,0x00,0x00,0x00,0x00,0x00,0x00,0x00,0x00,0x00,0x00,0x00,0x00,0x00,0x00,0x00,0x00,0x00,0x7f,0xff,
0xff,0xff,0xff,0xff,0xc0,0x00,0x00,0x00,0x00,0x00,0x00,0x00,0x00,0x00,0x00,0x00,0x00,0x00,0x00,0x00,0x00,0x00,0x00,0x00,
0x00,0x00,0x00,0x00,0x00,0x00,0x00,0x00,0x00,0x00,0x00,0x00,0x00,0x01,0xef,0xff,0xff,0xff,0xff,0xff,0x50,0x00,0x00,0x00,
0x00,0x00,0x00,0x00,0x00,0x00,0x00,0x00,0x00,0x00,0x00,0x00,0x00,0x00,0x00,0x00,0x00,0x00,0x00,0x00,0x00,0x00,0x00,0x00,
0x00,0x00,0x00,0x00,0x00,0x07,0xff,0xff,0xff,0xff,0xff,0xfd,0x00,0x00,0x00,0x01,0x24,0x43,0x31,0x00,0x00,0x00,0x00,0x00,
0x00,0x00,0x00,0x00,0x00,0x00,0x00,0x00,0x00,0x00,0x00,0x00,0x00,0x00,0x00,0x00,0x00,0x00,0x00,0x00,0x00,0x1e,0xff,0xff,
0xff,0xff,0xff,0xf5,0x00,0x15,0x9c,0xff,0xff,0xff,0xff,0xec,0x96,0x20,0x00,0x00,0x00,0x00,0x00,0x00,0x00,0x00,0x00,0x00,
0x00,0x00,0x00,0x00,0x00,0x00,0x00,0x00,0x00,0x00,0x00,0x00,0x00,0x7f,0xff,0xff,0xff,0xff,0xff,0xd0,0x4a,0xff,0xff,0xff,
0xff,0xff,0xff,0xff,0xff,0xfc,0x72,0x00,0x00,0x00,0x00,0x00,0x00,0x00,0x00,0x00,0x00,0x00,0x00,0x00,0x00,0x00,0x00,0x00,
0x00,0x00,0x00,0x00,0x01,0xef,0xff,0xff,0xff,0xff,0xff,0x8b,0xff,0xff,0xff,0xff,0xff,0xff,0xff,0xff,0xff,0xff,0xff,0x92,
0x00,0x00,0x00,0x00,0x00,0x00,0x00,0x00,0x00,0x00,0x00,0x00,0x00,0x00,0x00,0x00,0x00,0x00,0x00,0x00,0x07,0xff,0xff,0xff,
0xff,0xff,0xff,0xff,0xff,0xff,0xff,0xff,0xff,0xff,0xff,0xff,0xff,0xff,0xff,0xff,0x81,0x00,0x00,0x00,0x00,0x00,0x00,0x00,
0x00,0x00,0x00,0x00,0x00,0x00,0x00,0x00,0x00,0x00,0x00,0x00,0x1e,0xff,0xff,0xff,0xff,0xff,0xff,0xff,0xff,0xff,0xff,0xff,
0xff,0xff,0xff,0xff,0xff,0xff,0xff,0xff,0xfd,0x30,0x00,0x00,0x00,0x00,0x00,0x00,0x00,0x00,0x00,0x00,0x00,0x00,0x00,0x00,
0x00,0x00,0x00,0x00,0x7f,0xff,0xff,0xff,0xff,0xff,0xff,0xff,0xff,0xff,0xff,0xff,0xff,0xff,0xff,0xff,0xff,0xff,0xff,0xff,
0xff,0xf6,0x00,0x00,0x00,0x00,0x00,0x00,0x00,0x00,0x00,0x00,0x00,0x00,0x00,0x00,0x00,0x00,0x00,0x00,0xef,0xff,0xff,0xff,
0xff,0xff,0xff,0xff,0xff,0xff,0xff,0xff,0xff,0xff,0xff,0xff,0xff,0xff,0xff,0xff,0xff,0xff,0x80,0x00,0x00,0x00,0x00,0x00,
0x00,0x00,0x00,0x00,0x00,0x00,0x00,0x00,0x00,0x00,0x00,0x06,0xff,0xff,0xff,0xff,0xff,0xff,0xff,0xff,0xff,0xff,0xff,0xff,
0xff,0xff,0xff,0xff,0xff,0xff,0xff,0xff,0xff,0xff,0xf9,0x00,0x00,0x00,0x00,0x00,0x00,0x00,0x00,0x00,0x00,0x00,0x00,0x00,
0x00,0x00,0x00,0x0d,0xff,0xff,0xff,0xff,0xff,0xff,0xff,0xff,0xff,0xff,0xff,0xff,0xff,0xff,0xff,0xff,0xff,0xff,0xff,0xff,
0xff,0xff,0xff,0x70,0x00,0x00,0x00,0x00,0x00,0x00,0x00,0x00,0x00,0x00,0x00,0x00,0x00,0x00,0x00,0x5f,0xff,0xff,0xff,0xff,
0xff,0xff,0xff,0xff,0xff,0xff,0xff,0xff,0xff,0xff,0xff,0xff,0xff,0xff,0xff,0xff,0xff,0xff,0xff,0xf3,0x00,0x00,0x00,0x00,
0x00,0x00,0x00,0x00,0x00,0x00,0x00,0x00,0x00,0x00,0x00,0xcf,0xff,0xff,0xff,0xff,0xff,0xff,0xff,0xff,0xff,0xea,0x87,0x65,
0x57,0x8a,0xdf,0xff,0xff,0xff,0xff,0xff,0xff,0xff,0xff,0xfd,0x10,0x00,0x00,0x00,0x00,0x00,0x00,0x00,0x00,0x00,0x00,0x00,
0x00,0x00,0x03,0xff,0xff,0xff,0xff,0xff,0xff,0xff,0xff,0xfd,0x73,0x00,0x00,0x00,0x00,0x00,0x03,0x7d,0xff,0xff,0xff,0xff,
0xff,0xff,0xff,0xff,0xb0,0x00,0x00,0x00,0x00,0x00,0x00,0x00,0x00,0x00,0x00,0x00,0x00,0x00,0x0a,0xff,0xff,0xff,0xff,0xff,
0xff,0xff,0xfe,0x70,0x00,0x00,0x00,0x00,0x00,0x00,0x00,0x00,0x6e,0xff,0xff,0xff,0xff,0xff,0xff,0xff,0xf6,0x00,0x00,0x00,
0x00,0x00,0x00,0x00,0x00,0x00,0x00,0x00,0x00,0x00,0x1f,0xff,0xff,0xff,0xff,0xff,0xff,0xff,0xa1,0x00,0x00,0x00,0x00,0x00,
0x00,0x00,0x00,0x00,0x01,0x9f,0xff,0xff,0xff,0xff,0xff,0xff,0xfd,0x00,0x00,0x00,0x00,0x00,0x00,0x00,0x00,0x00,0x00,0x00,
0x00,0x00,0x6f,0xff,0xff,0xff,0xff,0xff,0xff,0xf8,0x00,0x00,0x00,0x00,0x00,0x00,0x00,0x00,0x00,0x00,0x00,0x07,0xff,0xff,
0xff,0xff,0xff,0xff,0xff,0x50,0x00,0x00,0x00,0x00,0x00,0x00,0x00,0x00,0x00,0x00,0x00,0x00,0xcf,0xff,0xff,0xff,0xff,0xff,
0xff,0x60,0x00,0x00,0x00,0x00,0x00,0x00,0x00,0x00,0x00,0x00,0x00,0x00,0x5f,0xff,0xff,0xff,0xff,0xff,0xff,0xc0,0x00,0x00,
0x00,0x00,0x00,0x00,0x00,0x00,0x00,0x00,0x00,0x02,0xff,0xff,0xff,0xff,0xff,0xff,0xf9,0x00,0x00,0x00,0x00,0x00,0x00,0x00,
0x00,0x00,0x00,0x00,0x00,0x00,0x07,0xff,0xff,0xff,0xff,0xff,0xff,0xf4,0x00,0x00,0x00,0x00,0x00,0x00,0x00,0x00,0x00,0x00,
0x00,0x07,0xff,0xff,0xff,0xff,0xff,0xff,0xc0,0x00,0x00,0x00,0x00,0x00,0x00,0x00,0x00,0x00,0x00,0x00,0x00,0x00,0x00,0xbf,
0xff,0xff,0xff,0xff,0xff,0xfa,0x00,0x00,0x00,0x00,0x00,0x00,0x00,0x00,0x00,0x00,0x00,0x0d,0xff,0xff,0xff,0xff,0xff,0xff,
0x20,0x00,0x00,0x00,0x00,0x00,0x00,0x00,0x00,0x00,0x00,0x00,0x00,0x00,0x00,0x2e,0xff,0xff,0xff,0xff,0xff,0xfe,0x00,0x00,
0x00,0x00,0x00,0x00,0x00,0x00,0x00,0x00,0x00,0x1f,0xff,0xff,0xff,0xff,0xff,0xfa,0x00,0x00,0x00,0x00,0x00,0x00,0x00,0x00,
0x00,0x00,0x00,0x00,0x00,0x00,0x00,0x08,0xff,0xff,0xff,0xff,0xff,0xff,0x30,0x00,0x00,0x00,0x00,0x00,0x00,0x00,0x00,0x00,
0x00,0x5f,0xff,0xff,0xff,0xff,0xff,0xf3,0x00,0x00,0x00,0x00,0x00,0x00,0x00,0x00,0x00,0x00,0x00,0x00,0x00,0x00,0x00,0x01,
0xff,0xff,0xff,0xff,0xff,0xff,0x70,0x00,0x00,0x00,0x00,0x00,0x00,0x00,0x00,0x00,0x00,0x8f,0xff,0xff,0xff,0xff,0xff,0xb0,
0x00,0x00,0x00,0x00,0x00,0x00,0x00,0x00,0x00,0x00,0x00,0x00,0x00,0x00,0x00,0x00,0x9f,0xff,0xff,0xff,0xff,0xff,0xa0,0x00,
0x00,0x00,0x00,0x00,0x00,0x00,0x00,0x00,0x00,0xbf,0xff,0xff,0xff,0xff,0xff,0x60,0x00,0x00,0x00,0x00,0x00,0x00,0x00,0x00,
0x00,0x00,0x00,0x00,0x00,0x00,0x00,0x00,0x4f,0xff,0xff,0xff,0xff,0xff,0xe0,0x00,0x00,0x00,0x00,0x00,0x00,0x00,0x00,0x00,
0x00,0xef,0xff,0xff,0xff,0xff,0xff,0x20,0x00,0x00,0x00,0x00,0x00,0x00,0x00,0x00,0x00,0x00,0x00,0x00,0x00,0x00,0x00,0x00,
0x0f,0xff,0xff,0xff,0xff,0xff,0xf2,0x00,0x00,0x00,0x00,0x00,0x00,0x00,0x00,0x00,0x02,0xff,0xff,0xff,0xff,0xff,0xfe,0x00,
0x00,0x00,0x00,0x00,0x00,0x00,0x00,0x00,0x00,0x00,0x00,0x00,0x00,0x00,0x00,0x00,0x0c,0xff,0xff,0xff,0xff,0xff,0xf3,0x00,
0x00,0x00,0x00,0x00,0x00,0x00,0x00,0x00,0x03,0xff,0xff,0xff,0xff,0xff,0xfa,0x00,0x00,0x00,0x00,0x00,0x00,0x00,0x00,0x00,
0x00,0x00,0x00,0x00,0x00,0x00,0x00,0x00,0x08,0xff,0xff,0xff,0xff,0xff,0xf4,0x00,0x00,0x00,0x00,0x00,0x00,0x00,0x00,0x00,
0x05,0xff,0xff,0xff,0xff,0xff,0xf8,0x00,0x00,0x00,0x00,0x00,0x00,0x00,0x00,0x00,0x00,0x00,0x00,0x00,0x00,0x00,0x00,0x00,
0x06,0xff,0xff,0xff,0xff,0xff,0xf5,0x00,0x00,0x00,0x00,0x00,0x00,0x00,0x00,0x00,0x06,0xff,0xff,0xff,0xff,0xff,0xf7,0x00,
0x00,0x00,0x00,0x00,0x00,0x00,0x00,0x00,0x00,0x00,0x00,0x00,0x00,0x00,0x00,0x00,0x05,0xff,0xff,0xff,0xff,0xff,0xf6,0x00,
0x00,0x00,0x00,0x00,0x00,0x00,0x00,0x00,0x07,0xff,0xff,0xff,0xff,0xff,0xf6,0x00,0x00,0x00,0x00,0x00,0x00,0x00,0x00,0x00,
0x00,0x00,0x00,0x00,0x00,0x00,0x00,0x00,0x03,0xff,0xff,0xff,0xff,0xff,0xf7,0x00,0x00,0x00,0x00,0x00,0x00,0x00,0x00,0x00,
0x08,0xff,0xff,0xff,0xff,0xff,0xf5,0x00,0x00,0x00,0x00,0x00,0x00,0x00,0x00,0x00,0x00,0x00,0x00,0x00,0x00,0x00,0x00,0x00,
0x02,0xff,0xff,0xff,0xff,0xff,0xf9,0x00,0x00,0x00,0x00,0x00,0x00,0x00,0x00,0x00,0x08,0xff,0xff,0xff,0xff,0xff,0xf4,0x00,
0x00,0x00,0x00,0x00,0x00,0x00,0x00,0x00,0x00,0x00,0x00,0x00,0x00,0x00,0x00,0x00,0x02,0xff,0xff,0xff,0xff,0xff,0xf9,0x00,
0x00,0x00,0x00,0x00,0x00,0x00,0x00,0x00,0x08,0xff,0xff,0xff,0xff,0xff,0xf4,0x00,0x00,0x00,0x00,0x00,0x00,0x00,0x00,0x00,
0x00,0x00,0x00,0x00,0x00,0x00,0x00,0x00,0x01,0xff,0xff,0xff,0xff,0xff,0xf9,0x00,0x00,0x00,0x00,0x00,0x00,0x00,0x00,0x00,
0x08,0xff,0xff,0xff,0xff,0xff,0xf4,0x00,0x00,0x00,0x00,0x00,0x00,0x00,0x00,0x00,0x00,0x00,0x00,0x00,0x00,0x00,0x00,0x00,
0x01,0xff,0xff,0xff,0xff,0xff,0xf9,0x00,0x00,0x00,0x00,0x00,0x00,0x00,0x00,0x00,0x08,0xff,0xff,0xff,0xff,0xff,0xf4,0x00,
0x00,0x00,0x00,0x00,0x00,0x00,0x00,0x00,0x00,0x00,0x00,0x00,0x00,0x00,0x00,0x00,0x01,0xff,0xff,0xff,0xff,0xff,0xf9,0x00,
0x00,0x00,0x00,0x00,0x00,0x00,0x00,0x00,0x08,0xff,0xff,0xff,0xff,0xff,0xf4,0x00,0x00,0x00,0x00,0x00,0x00,0x00,0x00,0x00,
0x00,0x00,0x00,0x00,0x00,0x00,0x00,0x00,0x01,0xff,0xff,0xff,0xff,0xff,0xf9,0x00,0x00,0x00,0x00,0x00,0x00,0x00,0x00,0x00,
0x08,0xff,0xff,0xff,0xff,0xff,0xf4,0x00,0x00,0x00,0x00,0x00,0x00,0x00,0x00,0x00,0x00,0x00,0x00,0x00,0x00,0x00,0x00,0x00,
0x01,0xff,0xff,0xff,0xff,0xff,0xf9,0x00,0x00,0x00,0x00,0x00,0x00,0x00,0x00,0x00,0x08,0xff,0xff,0xff,0xff,0xff,0xf5,0x00,
0x00,0x00,0x00,0x00,0x00,0x00,0x00,0x00,0x00,0x00,0x00,0x00,0x00,0x00,0x00,0x00,0x02,0xff,0xff,0xff,0xff,0xff,0xf8,0x00,
0x00,0x00,0x00,0x00,0x00,0x00,0x00,0x00,0x07,0xff,0xff,0xff,0xff,0xff,0xf6,0x00,0x00,0x00,0x00,0x00,0x00,0x00,0x00,0x00,
0x00,0x00,0x00,0x00,0x00,0x00,0x00,0x00,0x03,0xff,0xff,0xff,0xff,0xff,0xf7,0x00,0x00,0x00,0x00,0x00,0x00,0x00,0x00,0x00,
0x07,0xff,0xff,0xff,0xff,0xff,0xf7,0x00,0x00,0x00,0x00,0x00,0x00,0x00,0x00,0x00,0x00,0x00,0x00,0x00,0x00,0x00,0x00,0x00,
0x04,0xff,0xff,0xff,0xff,0xff,0xf6,0x00,0x00,0x00,0x00,0x00,0x00,0x00,0x00,0x00,0x06,0xff,0xff,0xff,0xff,0xff,0xf8,0x00,
0x00,0x00,0x00,0x00,0x00,0x00,0x00,0x00,0x00,0x00,0x00,0x00,0x00,0x00,0x00,0x00,0x05,0xff,0xff,0xff,0xff,0xff,0xf6,0x00,
0x00,0x00,0x00,0x00,0x00,0x00,0x00,0x00,0x04,0xff,0xff,0xff,0xff,0xff,0xfa,0x00,0x00,0x00,0x00,0x00,0x00,0x00,0x00,0x00,
0x00,0x00,0x00,0x00,0x00,0x00,0x00,0x00,0x07,0xff,0xff,0xff,0xff,0xff,0xf4,0x00,0x00,0x00,0x00,0x00,0x00,0x00,0x00,0x00,
0x02,0xff,0xff,0xff,0xff,0xff,0xfd,0x00,0x00,0x00,0x00,0x00,0x00,0x00,0x00,0x00,0x00,0x00,0x00,0x00,0x00,0x00,0x00,0x00,
0x0a,0xff,0xff,0xff,0xff,0xff,0xf1,0x00,0x00,0x00,0x00,0x00,0x00,0x00,0x00,0x00,0x00,0xff,0xff,0xff,0xff,0xff,0xff,0x10,
0x00,0x00,0x00,0x00,0x00,0x00,0x00,0x00,0x00,0x00,0x00,0x00,0x00,0x00,0x00,0x00,0x0e,0xff,0xff,0xff,0xff,0xff,0xe0,0x00,
0x00,0x00,0x00,0x00,0x00,0x00,0x00,0x00,0x00,0xcf,0xff,0xff,0xff,0xff,0xff,0x50,0x00,0x00,0x00,0x00,0x00,0x00,0x00,0x00,
0x00,0x00,0x00,0x00,0x00,0x00,0x00,0x00,0x2f,0xff,0xff,0xff,0xff,0xff,0xb0,0x00,0x00,0x00,0x00,0x00,0x00,0x00,0x00,0x00,
0x00,0x9f,0xff,0xff,0xff,0xff,0xff,0xa0,0x00,0x00,0x00,0x00,0x00,0x00,0x00,0x00,0x00,0x00,0x00,0x00,0x00,0x00,0x00,0x00,
0x7f,0xff,0xff,0xff,0xff,0xff,0x80,0x00,0x00,0x00,0x00,0x00,0x00,0x00,0x00,0x00,0x00,0x6f,0xff,0xff,0xff,0xff,0xff,0xf1,
0x00,0x00,0x00,0x00,0x00,0x00,0x00,0x00,0x00,0x00,0x00,0x00,0x00,0x00,0x00,0x00,0xdf,0xff,0xff,0xff,0xff,0xff,0x40,0x00,
0x00,0x00,0x00,0x00,0x00,0x00,0x00,0x00,0x00,0x1f,0xff,0xff,0xff,0xff,0xff,0xf8,0x00,0x00,0x00,0x00,0x00,0x00,0x00,0x00,
0x00,0x00,0x00,0x00,0x00,0x00,0x00,0x05,0xff,0xff,0xff,0xff,0xff,0xfe,0x00,0x00,0x00,0x00,0x00,0x00,0x00,0x00,0x00,0x00,
0x00,0x0c,0xff,0xff,0xff,0xff,0xff,0xfe,0x10,0x00,0x00,0x00,0x00,0x00,0x00,0x00,0x00,0x00,0x00,0x00,0x00,0x00,0x00,0x0c,
0xff,0xff,0xff,0xff,0xff,0xfa,0x00,0x00,0x00,0x00,0x00,0x00,0x00,0x00,0x00,0x00,0x00,0x07,0xff,0xff,0xff,0xff,0xff,0xff,
0x90,0x00,0x00,0x00,0x00,0x00,0x00,0x00,0x00,0x00,0x00,0x00,0x00,0x00,0x00,0x7f,0xff,0xff,0xff,0xff,0xff,0xf5,0x00,0x00,
0x00,0x00,0x00,0x00,0x00,0x00,0x00,0x00,0x00,0x01,0xff,0xff,0xff,0xff,0xff,0xff,0xf5,0x00,0x00,0x00,0x00,0x00,0x00,0x00,
0x00,0x00,0x00,0x00,0x00,0x00,0x03,0xff,0xff,0xff,0xff,0xff,0xff,0xd0,0x00,0x00,0x00,0x00,0x00,0x00,0x00,0x00,0x00,0x00,
0x00,0x00,0x9f,0xff,0xff,0xff,0xff,0xff,0xfe,0x20,0x00,0x00,0x00,0x00,0x00,0x00,0x00,0x00,0x00,0x00,0x00,0x00,0x1d,0xff,
0xff,0xff,0xff,0xff,0xff,0x60,0x00,0x00,0x00,0x00,0x00,0x00,0x00,0x00,0x00,0x00,0x00,0x00,0x2f,0xff,0xff,0xff,0xff,0xff,
0xff,0xd2,0x00,0x00,0x00,0x00,0x00,0x00,0x00,0x00,0x00,0x00,0x00,0x02,0xdf,0xff,0xff,0xff,0xff,0xff,0xfd,0x00,0x00,0x00,
0x00,0x00,0x00,0x00,0x00,0x00,0x00,0x00,0x00,0x00,0x09,0xff,0xff,0xff,0xff,0xff,0xff,0xfe,0x30,0x00,0x00,0x00,0x00,0x00,
0x00,0x00,0x00,0x00,0x00,0x3d,0xff,0xff,0xff,0xff,0xff,0xff,0xf6,0x00,0x00,0x00,0x00,0x00,0x00,0x00,0x00,0x00,0x00,0x00,
0x00,0x00,0x01,0xef,0xff,0xff,0xff,0xff,0xff,0xff,0xf8,0x10,0x00,0x00,0x00,0x00,0x00,0x00,0x00,0x00,0x17,0xef,0xff,0xff,
0xff,0xff,0xff,0xff,0xb0,0x00,0x00,0x00,0x00,0x00,0x00,0x00,0x00,0x00,0x00,0x00,0x00,0x00,0x00,0x6f,0xff,0xff,0xff,0xff,
0xff,0xff,0xff,0xe6,0x10,0x00,0x00,0x00,0x00,0x00,0x00,0x06,0xdf,0xff,0xff,0xff,0xff,0xff,0xff,0xfe,0x20,0x00,0x00,0x00,
0x00,0x00,0x00,0x00,0x00,0x00,0x00,0x00,0x00,0x00,0x00,0x0a,0xff,0xff,0xff,0xff,0xff,0xff,0xff,0xff,0xfb,0x62,0x10,0x00,
0x00,0x12,0x6b,0xef,0xff,0xff,0xff,0xff,0xff,0xff,0xff,0xf6,0x00,0x00,0x00,0x00,0x00,0x00,0x00,0x00,0x00,0x00,0x00,0x00,
0x00,0x00,0x00,0x01,0xdf,0xff,0xff,0xff,0xff,0xff,0xff,0xff,0xff,0xff,0xff,0xdc,0xde,0xff,0xff,0xff,0xff,0xff,0xff,0xff,
0xff,0xff,0xff,0x80,0x00,0x00,0x00,0x00,0x00,0x00,0x00,0x00,0x00,0x00,0x00,0x00,0x00,0x00,0x00,0x00,0x2e,0xff,0xff,0xff,
0xff,0xff,0xff,0xff,0xff,0xff,0xff,0xff,0xff,0xff,0xff,0xff,0xff,0xff,0xff,0xff,0xff,0xff,0xfa,0x00,0x00,0x00,0x00,0x00,
0x00,0x00,0x00,0x00,0x00,0x00,0x00,0x00,0x00,0x00,0x00,0x00,0x03,0xef,0xff,0xff,0xff,0xff,0xff,0xff,0xff,0xff,0xff,0xff,
0xff,0xff,0xff,0xff,0xff,0xff,0xff,0xff,0xff,0xff,0xb1,0x00,0x00,0x00,0x00,0x00,0x00,0x00,0x00,0x00,0x00,0x00,0x00,0x00,
0x00,0x00,0x00,0x00,0x00,0x2d,0xff,0xff,0xff,0xff,0xff,0xff,0xff,0xff,0xff,0xff,0xff,0xff,0xff,0xff,0xff,0xff,0xff,0xff,
0xff,0xf9,0x00,0x00,0x00,0x00,0x00,0x00,0x00,0x00,0x00,0x00,0x00,0x00,0x00,0x00,0x00,0x00,0x00,0x00,0x00,0x01,0xbf,0xff,
0xff,0xff,0xff,0xff,0xff,0xff,0xff,0xff,0xff,0xff,0xff,0xff,0xff,0xff,0xff,0xff,0xff,0x70,0x00,0x00,0x00,0x00,0x00,0x00,
0x00,0x00,0x00,0x00,0x00,0x00,0x00,0x00,0x00,0x00,0x00,0x00,0x00,0x00,0x08,0xff,0xff,0xff,0xff,0xff,0xff,0xff,0xff,0xff,
0xff,0xff,0xff,0xff,0xff,0xff,0xff,0xff,0xc3,0x00,0x00,0x00,0x00,0x00,0x00,0x00,0x00,0x00,0x00,0x00,0x00,0x00,0x00,0x00,
0x00,0x00,0x00,0x00,0x00,0x00,0x00,0x3b,0xff,0xff,0xff,0xff,0xff,0xff,0xff,0xff,0xff,0xff,0xff,0xff,0xff,0xff,0xff,0xf7,
0x00,0x00,0x00,0x00,0x00,0x00,0x00,0x00,0x00,0x00,0x00,0x00,0x00,0x00,0x00,0x00,0x00,0x00,0x00,0x00,0x00,0x00,0x00,0x00,
0x5c,0xff,0xff,0xff,0xff,0xff,0xff,0xff,0xff,0xff,0xff,0xff,0xff,0xff,0xe8,0x10,0x00,0x00,0x00,0x00,0x00,0x00,0x00,0x00,
0x00,0x00,0x00,0x00,0x00,0x00,0x00,0x00,0x00,0x00,0x00,0x00,0x00,0x00,0x00,0x00,0x00,0x39,0xef,0xff,0xff,0xff,0xff,0xff,
0xff,0xff,0xff,0xff,0xff,0xc7,0x10,0x00,0x00,0x00,0x00,0x00,0x00,0x00,0x00,0x00,0x00,0x00,0x00,0x00,0x00,0x00,0x00,0x00,
0x00,0x00,0x00,0x00,0x00,0x00,0x00,0x00,0x00,0x00,0x04,0x8b,0xef,0xff,0xff,0xff,0xff,0xff,0xff,0xdb,0x62,0x00,0x00,0x00,
0x00,0x00,0x00,0x00,0x00,0x00,0x00,0x00,0x00,0x00,0x00,0x00,0x00,0x00,0x00,0x00,0x00,0x00,0x00,0x00,0x00,0x00,0x00,0x00,
0x00,0x00,0x00,0x00,0x02,0x46,0x78,0x99,0x87,0x76,0x41,0x00,0x00,0x00,0x00,0x00,0x00,0x00,0x00,0x00,0x00,0x00,0x00,0x00,
0x00,0x00,0x00,0x00,0x00,0x00,0x00,0x46,0x66,0x66,0x66,0x66,0x66,0x66,0x66,0x66,0x66,0x66,0x66,0x66,0x66,0x66,0x66,0x66,
0x66,0x66,0x66,0x66,0x66,0x66,0x66,0x66,0x66,0x66,0x66,0x30,0x00,0x00,0x00,0x00,0x00,0x00,0x9f,0xff,0xff,0xff,0xff,0xff,
0xff,0xff,0xff,0xff,0xff,0xff,0xff,0xff,0xff,0xff,0xff,0xff,0xff,0xff,0xff,0xff,0xff,0xff,0xff,0xff,0xff,0xff,0x80,0x00,
0x00,0x00,0x00,0x00,0x00,0x9f,0xff,0xff,0xff,0xff,0xff,0xff,0xff,0xff,0xff,0xff,0xff,0xff,0xff,0xff,0xff,0xff,0xff,0xff,
0xff,0xff,0xff,0xff,0xff,0xff,0xff,0xff,0xff,0x80,0x00,0x00,0x00,0x00,0x00,0x00,0x9f,0xff,0xff,0xff,0xff,0xff,0xff,0xff,
0xff,0xff,0xff,0xff,0xff,0xff,0xff,0xff,0xff,0xff,0xff,0xff,0xff,0xff,0xff,0xff,0xff,0xff,0xff,0xff,0x80,0x00,0x00,0x00,
0x00,0x00,0x00,0x9f,0xff,0xff,0xff,0xff,0xff,0xff,0xff,0xff,0xff,0xff,0xff,0xff,0xff,0xff,0xff,0xff,0xff,0xff,0xff,0xff,
0xff,0xff,0xff,0xff,0xff,0xff,0xff,0x80,0x00,0x00,0x00,0x00,0x00,0x00,0x9f,0xff,0xff,0xff,0xff,0xff,0xff,0xff,0xff,0xff,
0xff,0xff,0xff,0xff,0xff,0xff,0xff,0xff,0xff,0xff,0xff,0xff,0xff,0xff,0xff,0xff,0xff,0xff,0x80,0x00,0x00,0x00,0x00,0x00,
0x00,0x9f,0xff,0xff,0xff,0xff,0xff,0xff,0xff,0xff,0xff,0xff,0xff,0xff,0xff,0xff,0xff,0xff,0xff,0xff,0xff,0xff,0xff,0xff,
0xff,0xff,0xff,0xff,0xff,0x80,0x00,0x00,0x00,0x00,0x00,0x00,0x9f,0xff,0xff,0xff,0xff,0xff,0xff,0xff,0xff,0xff,0xff,0xff,
0xff,0xff,0xff,0xff,0xff,0xff,0xff,0xff,0xff,0xff,0xff,0xff,0xff,0xff,0xff,0xff,0x80,0x00,0x00,0x00,0x00,0x00,0x00,0x9f,
0xff,0xff,0xff,0xff,0xff,0xff,0xff,0xff,0xff,0xff,0xff,0xff,0xff,0xff,0xff,0xff,0xff,0xff,0xff,0xff,0xff,0xff,0xff,0xff,
0xff,0xff,0xff,0x80,0x00,0x00,0x00,0x00,0x00,0x00,0x9f,0xff,0xff,0xff,0xff,0xff,0xff,0xff,0xff,0xff,0xff,0xff,0xff,0xff,
0xff,0xff,0xff,0xff,0xff,0xff,0xff,0xff,0xff,0xff,0xff,0xff,0xff,0xff,0x80,0x00,0x00,0x00,0x00,0x00,0x00,0x9f,0xff,0xff,
0xff,0xff,0xff,0xff,0xff,0xff,0xff,0xff,0xff,0xff,0xff,0xff,0xff,0xff,0xff,0xff,0xff,0xff,0xff,0xff,0xff,0xff,0xff,0xff,
0xff,0x80,0x00,0x00,0x00,0x00,0x00,0x00,0x23,0x33,0x33,0x33,0x33,0x33,0x33,0x33,0x33,0x33,0x33,0x33,0x33,0x33,0x33,0x33,
0x33,0x33,0x33,0x33,0x33,0x33,0x3c,0xff,0xff,0xff,0xff,0xff,0x60,0x00,0x00,0x00,0x00,0x00,0x00,0x00,0x00,0x00,0x00,0x00,
0x00,0x00,0x00,0x00,0x00,0x00,0x00,0x00,0x00,0x00,0x00,0x00,0x00,0x00,0x00,0x00,0x00,0x2f,0xff,0xff,0xff,0xff,0xff,0x10,
0x00,0x00,0x00,0x00,0x00,0x00,0x00,0x00,0x00,0x00,0x00,0x00,0x00,0x00,0x00,0x00,0x00,0x00,0x00,0x00,0x00,0x00,0x00,0x00,
0x00,0x00,0x00,0x00,0x7f,0xff,0xff,0xff,0xff,0xfb,0x00,0x00,0x00,0x00,0x00,0x00,0x00,0x00,0x00,0x00,0x00,0x00,0x00,0x00,
0x00,0x00,0x00,0x00,0x00,0x00,0x00,0x00,0x00,0x00,0x00,0x00,0x00,0x00,0x00,0xdf,0xff,0xff,0xff,0xff,0xf5,0x00,0x00,0x00,
0x00,0x00,0x00,0x00,0x00,0x00,0x00,0x00,0x00,0x00,0x00,0x00,0x00,0x00,0x00,0x00,0x00,0x00,0x00,0x00,0x00,0x00,0x00,0x00,
0x00,0x03,0xff,0xff,0xff,0xff,0xff,0xe1,0x00,0x00,0x00,0x00,0x00,0x00,0x00,0x00,0x00,0x00,0x00,0x00,0x00,0x00,0x00,0x00,
0x00,0x00,0x00,0x00,0x00,0x00,0x00,0x00,0x00,0x00,0x00,0x00,0x09,0xff,0xff,0xff,0xff,0xff,0x90,0x00,0x00,0x00,0x00,0x00,
0x00,0x00,0x00,0x00,0x00,0x00,0x00,0x00,0x00,0x00,0x00,0x00,0x00,0x00,0x00,0x00,0x00,0x00,0x00,0x00,0x00,0x00,0x00,0x0e,
0xff,0xff,0xff,0xff,0xff,0x40,0x00,0x00,0x00,0x00,0x00,0x00,0x00,0x00,0x00,0x00,0x00,0x00,0x00,0x00,0x00,0x00,0x00,0x00,
0x00,0x00,0x00,0x00,0x00,0x00,0x00,0x00,0x00,0x00,0x5f,0xff,0xff,0xff,0xff,0xfd,0x00,0x00,0x00,0x00,0x00,0x00,0x00,0x00,
0x00,0x00,0x00,0x00,0x00,0x00,0x00,0x00,0x00,0x00,0x00,0x00,0x00,0x00,0x00,0x00,0x00,0x00,0x00,0x00,0x00,0xaf,0xff,0xff,
0xff,0xff,0xf8,0x00,0x00,0x00,0x00,0x00,0x00,0x00,0x00,0x00,0x00,0x00,0x00,0x00,0x00,0x00,0x00,0x00,0x00,0x00,0x00,0x00,
0x00,0x00,0x00,0x00,0x00,0x00,0x00,0x01,0xff,0xff,0xff,0xff,0xff,0xf3,0x00,0x00,0x00,0x00,0x00,0x00,0x00,0x00,0x00,0x00,
0x00,0x00,0x00,0x00,0x00,0x00,0x00,0x00,0x00,0x00,0x00,0x00,0x00,0x00,0x00,0x00,0x00,0x00,0x06,0xff,0xff,0xff,0xff,0xff,
0xc0,0x00,0x00,0x00,0x00,0x00,0x00,0x00,0x00,0x00,0x00,0x00,0x00,0x00,0x00,0x00,0x00,0x00,0x00,0x00,0x00,0x00,0x00,0x00,
0x00,0x00,0x00,0x00,0x00,0x0c,0xff,0xff,0xff,0xff,0xff,0x70,0x00,0x00,0x00,0x00,0x00,0x00,0x00,0x00,0x00,0x00,0x00,0x00,
0x00,0x00,0x00,0x00,0x00,0x00,0x00,0x00,0x00,0x00,0x00,0x00,0x00,0x00,0x00,0x00,0x2f,0xff,0xff,0xff,0xff,0xff,0x20,0x00,
0x00,0x00,0x00,0x00,0x00,0x00,0x00,0x00,0x00,0x00,0x00,0x00,0x00,0x00,0x00,0x00,0x00,0x00,0x00,0x00,0x00,0x00,0x00,0x00,
0x00,0x00,0x00,0x8f,0xff,0xff,0xff,0xff,0xfb,0x00,0x00,0x00,0x00,0x00,0x00,0x00,0x00,0x00,0x00,0x00,0x00,0x00,0x00,0x00,
0x00,0x00,0x00,0x00,0x00,0x00,0x00,0x00,0x00,0x00,0x00,0x00,0x00,0x00,0xdf,0xff,0xff,0xff,0xff,0xf6,0x00,0x00,0x00,0x00,
0x00,0x00,0x00,0x00,0x00,0x00,0x00,0x00,0x00,0x00,0x00,0x00,0x00,0x00,0x00,0x00,0x00,0x00,0x00,0x00,0x00,0x00,0x00,0x00,
0x04,0xff,0xff,0xff,0xff,0xff,0xe1,0x00,0x00,0x00,0x00,0x00,0x00,0x00,0x00,0x00,0x00,0x00,0x00,0x00,0x00,0x00,0x00,0x00,
0x00,0x00,0x00,0x00,0x00,0x00,0x00,0x00,0x00,0x00,0x00,0x09,0xff,0xff,0xff,0xff,0xff,0xa0,0x00,0x00,0x00,0x00,0x00,0x00,
0x00,0x00,0x00,0x00,0x00,0x00,0x00,0x00,0x00,0x00,0x00,0x00,0x00,0x00,0x00,0x00,0x00,0x00,0x00,0x00,0x00,0x00,0x0e,0xff,
0xff,0xff,0xff,0xff,0x40,0x00,0x00,0x00,0x00,0x00,0x00,0x00,0x00,0x00,0x00,0x00,0x00,0x00,0x00,0x00,0x00,0x00,0x00,0x00,
0x00,0x00,0x00,0x00,0x00,0x00,0x00,0x00,0x00,0x5f,0xff,0xff,0xff,0xff,0xfe,0x00,0x00,0x00,0x00,0x00,0x00,0x00,0x00,0x00,
0x00,0x00,0x00,0x00,0x00,0x00,0x00,0x00,0x00,0x00,0x00,0x00,0x00,0x00,0x00,0x00,0x00,0x00,0x00,0x00,0xbf,0xff,0xff,0xff,
0xff,0xf9,0x00,0x00,0x00,0x00,0x00,0x00,0x00,0x00,0x00,0x00,0x00,0x00,0x00,0x00,0x00,0x00,0x00,0x00,0x00,0x00,0x00,0x00,
0x00,0x00,0x00,0x00,0x00,0x00,0x01,0xff,0xff,0xff,0xff,0xff,0xf3,0x00,0x00,0x00,0x00,0x00,0x00,0x00,0x00,0x00,0x00,0x00,
0x00,0x00,0x00,0x00,0x00,0x00,0x00,0x00,0x00,0x00,0x00,0x00,0x00,0x00,0x00,0x00,0x00,0x07,0xff,0xff,0xff,0xff,0xff,0xd0,
0x00,0x00,0x00,0x00,0x00,0x00,0x00,0x00,0x00,0x00,0x00,0x00,0x00,0x00,0x00,0x00,0x00,0x00,0x00,0x00,0x00,0x00,0x00,0x00,
0x00,0x00,0x00,0x00,0x0c,0xff,0xff,0xff,0xff,0xff,0x70,0x00,0x00,0x00,0x00,0x00,0x00,0x00,0x00,0x00,0x00,0x00,0x00,0x00,
0x00,0x00,0x00,0x00,0x00,0x00,0x00,0x00,0x00,0x00,0x00,0x00,0x00,0x00,0x00,0x2f,0xff,0xff,0xff,0xff,0xff,0x20,0x00,0x00,
0x00,0x00,0x00,0x00,0x00,0x00,0x00,0x00,0x00,0x00,0x00,0x00,0x00,0x00,0x00,0x00,0x00,0x00,0x00,0x00,0x00,0x00,0x00,0x00,
0x00,0x00,0x8f,0xff,0xff,0xff,0xff,0xfc,0x00,0x00,0x00,0x00,0x00,0x00,0x00,0x00,0x00,0x00,0x00,0x00,0x00,0x00,0x00,0x00,
0x00,0x00,0x00,0x00,0x00,0x00,0x00,0x00,0x00,0x00,0x00,0x00,0x00,0xdf,0xff,0xff,0xff,0xff,0xf6,0x00,0x00,0x00,0x00,0x00,
0x00,0x00,0x00,0x00,0x00,0x00,0x00,0x00,0x00,0x00,0x00,0x00,0x00,0x00,0x00,0x00,0x00,0x00,0x00,0x00,0x00,0x00,0x00,0x04,
0xff,0xff,0xff,0xff,0xff,0xf1,0x00,0x00,0x00,0x00,0x00,0x00,0x00,0x00,0x00,0x00,0x00,0x00,0x00,0x00,0x00,0x00,0x00,0x00,
0x00,0x00,0x00,0x00,0x00,0x00,0x00,0x00,0x00,0x00,0x09,0xff,0xff,0xff,0xff,0xff,0xa0,0x00,0x00,0x00,0x00,0x00,0x00,0x00,
0x00,0x00,0x00,0x00,0x00,0x00,0x00,0x00,0x00,0x00,0x00,0x00,0x00,0x00,0x00,0x00,0x00,0x00,0x00,0x00,0x00,0x1e,0xff,0xff,
0xff,0xff,0xff,0x50,0x00,0x00,0x00,0x00,0x00,0x00,0x00,0x00,0x00,0x00,0x00,0x00,0x00,0x00,0x00,0x00,0x00,0x00,0x00,0x00,
0x00,0x00,0x00,0x00,0x00,0x00,0x00,0x00,0x5f,0xff,0xff,0xff,0xff,0xfe,0x00,0x00,0x00,0x00,0x00,0x00,0x00,0x00,0x00,0x00,
0x00,0x00,0x00,0x00,0x00,0x00,0x00,0x00,0x00,0x00,0x00,0x00,0x00,0x00,0x00,0x00,0x00,0x00,0x00,0xbf,0xff,0xff,0xff,0xff,
0xf9,0x00,0x00,0x00,0x00,0x00,0x00,0x00,0x00,0x00,0x00,0x00,0x00,0x00,0x00,0x00,0x00,0x00,0x00,0x00,0x00,0x00,0x00,0x00,
0x00,0x00,0x00,0x00,0x00,0x02,0xff,0xff,0xff,0xff,0xff,0xf4,0x00,0x00,0x00,0x00,0x00,0x00,0x00,0x00,0x00,0x00,0x00,0x00,
0x00,0x00,0x00,0x00,0x00,0x00,0x00,0x00,0x00,0x00,0x00,0x00,0x00,0x00,0x00,0x00,0x07,0xff,0xff,0xff,0xff,0xff,0xd0,0x00,
0x00,0x00,0x00,0x00,0x00,0x00,0x00,0x00,0x00,0x00,0x00,0x00,0x00,0x00,0x00,0x00,0x00,0x00,0x00,0x00,0x00,0x00,0x00,0x00,
0x00,0x00,0x00,0x0c,0xff,0xff,0xff,0xff,0xff,0x80,0x00,0x00,0x00,0x00,0x00,0x00,0x00,0x00,0x00,0x00,0x00,0x00,0x00,0x00,
0x00,0x00,0x00,0x00,0x00,0x00,0x00,0x00,0x00,0x00,0x00,0x00,0x00,0x00,0x3f,0xff,0xff,0xff,0xff,0xff,0x20,0x00,0x00,0x00,
0x00,0x00,0x00,0x00,0x00,0x00,0x00,0x00,0x00,0x00,0x00,0x00,0x00,0x00,0x00,0x00,0x00,0x00,0x00,0x00,0x00,0x00,0x00,0x00,
0x00,0x8f,0xff,0xff,0xff,0xff,0xfc,0x00,0x00,0x00,0x00,0x00,0x00,0x00,0x00,0x00,0x00,0x00,0x00,0x00,0x00,0x00,0x00,0x00,
0x00,0x00,0x00,0x00,0x00,0x00,0x00,0x00,0x00,0x00,0x00,0x00,0xef,0xff,0xff,0xff,0xff,0xf7,0x00,0x00,0x00,0x00,0x00,0x00,
0x00,0x00,0x00,0x00,0x00,0x00,0x00,0x00,0x00,0x00,0x00,0x00,0x00,0x00,0x00,0x00,0x00,0x00,0x00,0x00,0x00,0x00,0x04,0xff,
0xff,0xff,0xff,0xff,0xf1,0x00,0x00,0x00,0x00,0x00,0x00,0x00,0x00,0x00,0x00,0x00,0x00,0x00,0x00,0x00,0x00,0x00,0x00,0x00,
0x00,0x00,0x00,0x00,0x00,0x00,0x00,0x00,0x00,0x0a,0xff,0xff,0xff,0xff,0xff,0xb0,0x00,0x00,0x00,0x00,0x00,0x00,0x00,0x00,
0x00,0x00,0x00,0x00,0x00,0x00,0x00,0x00,0x00,0x00,0x00,0x00,0x00,0x00,0x00,0x00,0x00,0x00,0x00,0x00,0x1e,0xff,0xff,0xff,
0xff,0xff,0x50,0x00,0x00,0x00,0x00,0x00,0x00,0x00,0x00,0x00,0x00,0x00,0x00,0x00,0x00,0x00,0x00,0x00,0x00,0x00,0x00,0x00,
0x00,0x00,0x00,0x00,0x00,0x00,0x00,0x6f,0xff,0xff,0xff,0xff,0xfe,0x10,0x00,0x00,0x00,0x00,0x00,0x00,0x00,0x00,0x00,0x00,
0x00,0x00,0x00,0x00,0x00,0x00,0x00,0x00,0x00,0x00,0x00,0x00,0x00,0x00,0x00,0x00,0x00,0x00,0xbf,0xff,0xff,0xff,0xff,0xfa,
0x00,0x00,0x00,0x00,0x00,0x00,0x00,0x00,0x00,0x00,0x00,0x00,0x00,0x00,0x00,0x00,0x00,0x00,0x00,0x00,0x00,0x00,0x00,0x00,
0x00,0x00,0x00,0x00,0x02,0xff,0xff,0xff,0xff,0xff,0xf4,0x00,0x00,0x00,0x00,0x00,0x00,0x00,0x00,0x00,0x00,0x00,0x00,0x00,
0x00,0x00,0x00,0x00,0x00,0x00,0x00,0x00,0x00,0x00,0x00,0x00,0x00,0x00,0x00,0x07,0xff,0xff,0xff,0xff,0xff,0xe0,0x00,0x00,
0x00,0x00,0x00,0x00,0x00,0x00,0x00,0x00,0x00,0x00,0x00,0x00,0x00,0x00,0x00,0x00,0x00,0x00,0x00,0x00,0x00,0x00,0x00,0x00,
0x00,0x00,0x0d,0xff,0xff,0xff,0xff,0xff,0x80,0x00,0x00,0x00,0x00,0x00,0x00,0x00,0x00,0x00,0x00,0x00,0x00,0x00,0x00,0x00,
0x00,0x00,0x00,0x00,0x00,0x00,0x00,0x00,0x00,0x00,0x00,0x00,0x00,0x3f,0xff,0xff,0xff,0xff,0xff,0x30,0x00,0x00,0x00,0x00,
0x00,0x00,0x00,0x00,0x00,0x00,0x00,0x00,0x00,0x00,0x00,0x00,0x00,0x00,0x00,0x00,0x00,0x00,0x00,0x00,0x00,0x00,0x00,0x00,
0x9f,0xff,0xff,0xff,0xff,0xfd,0x00,0x00,0x00,0x00,0x00,0x00,0x00,0x00,0x00,0x00,0x00,0x00,0x00,0x00,0x00,0x00,0x00,0x00,
0x00,0x00,0x00,0x00,0x00,0x00,0x00,0x00,0x00,0x00,0x00,0xef,0xff,0xff,0xff,0xff,0xf7,0x00,0x00,0x00,0x00,0x00,0x00,0x00,
0x00,0x00,0x00,0x00,0x00,0x00,0x00,0x00,0x00,0x00,0x00,0x00,0x00,0x00,0x00,0x00,0x00,0x00,0x00,0x00,0x00,0x05,0xff,0xff,
0xff,0xff,0xff,0xf2,0x00,0x00,0x00,0x00,0x00,0x00,0x00,0x00,0x00,0x00,0x00,0x00,0x00,0x00,0x00,0x00,0x00,0x00,0x00,0x00,
0x00,0x00,0x00,0x00,0x00,0x00,0x00,0x00,0x0a,0xff,0xff,0xff,0xff,0xff,0xb0,0x00,0x00,0x00,0x00,0x00,0x00,0x00,0x00,0x00,
0x00,0x00,0x00,0x00,0x00,0x00,0x00,0x00,0x00,0x00,0x00,0x00,0x00,0x00,0x00,0x00,0x00,0x00,0x00,0x1f,0xff,0xff,0xff,0xff,
0xff,0x60,0x00,0x00,0x00,0x00,0x00,0x00,0x00,0x00,0x00,0x00,0x00,0x00,0x00,0x00,0x00,0x00,0x00,0x00,0x00,0x00,0x00,0x00,
0x00,0x00,0x00,0x00,0x00,0x00,0x6f,0xff,0xff,0xff,0xff,0xff,0x10,0x00,0x00,0x00,0x00,0x00,0x00,0x00,0x00,0x00,0x00,0x00,
0x00,0x00,0x00,0x00,0x00,0x00,0x00,0x00,0x00,0x00,0x00,0x00,0x00,0x00,0x00,0x00,0x00,0xcf,0xff,0xff,0xff,0xff,0xfa,0x00,
0x00,0x00,0x00,0x00,0x00,0x00,0x00,0x00,0x00,0x00,0x00,0x00,0x00,0x00,0x00,0x00,0x00,0x00,0x00,0x00,0x00,0x00,0x00,0x00,
0x00,0x00,0x00,0x02,0xff,0xff,0xff,0xff,0xff,0xf5,0x00,0x00,0x00,0x00,0x00,0x00,0x00,0x00,0x00,0x00,0x00,0x00,0x00,0x00,
0x00,0x00,0x00,0x00,0x00,0x00,0x00,0x00,0x00,0x00,0x00,0x00,0x00,0x00,0x07,0xff,0xff,0xff,0xff,0xff,0xe0,0x00,0x00,0x00,
0x00,0x00,0x00,0x00,0x00,0x00,0x00,0x00,0x00,0x00,0x00,0x00,0x00,0x00,0x00,0x00,0x00,0x00,0x00,0x00,0x00,0x00,0x00,0x00,
0x00,0x0d,0xff,0xff,0xff,0xff,0xff,0x90,0x00,0x00,0x00,0x00,0x00,0x00,0x00,0x00,0x00,0x00,0x00,0x00,0x00,0x00,0x00,0x00,
0x00,0x00,0x00,0x00,0x00,0x00,0x00,0x00,0x00,0x00,0x00,0x00,0x3f,0xff,0xff,0xff,0xff,0xff,0x30,0x00,0x00,0x00,0x00,0x00,
0x00,0x00,0x00,0x00,0x00,0x00,0x00,0x00,0x00,0x00,0x00,0x00,0x00,0x00,0x00,0x00,0x00,0x00,0x00,0x00,0x00,0x00,0x00,0x9f,
0xff,0xff,0xff,0xff,0xfd,0x00,0x00,0x00,0x00,0x00,0x00,0x00,0x00,0x00,0x00,0x00,0x00,0x00,0x00,0x00,0x00,0x00,0x00,0x00,
0x00,0x00,0x00,0x00,0x00,0x00,0x00,0x00,0x00,0x00,0xef,0xff,0xff,0xff,0xff,0xf8,0x00,0x00,0x00,0x00,0x00,0x00,0x00,0x00,
0x00,0x00,0x00,0x00,0x00,0x00,0x00,0x00,0x00,0x00,0x00,0x00,0x00,0x00,0x00,0x00,0x00,0x00,0x00,0x00,0x05,0xff,0xff,0xff,
0xff,0xff,0xf2,0x00,0x00,0x00,0x00,0x00,0x00,0x00,0x00,0x00,0x00,0x00,0x00,0x00,0x00,0x00,0x00,0x00,0x00,0x00,0x00,0x00,
0x00,0x00,0x00,0x00,0x00,0x00,0x00,0x0a,0xff,0xff,0xff,0xff,0xff,0xc0,0x00,0x00,0x00,0x00,0x00,0x00,0x00,0x00,0x00,0x00,
0x00,0x00,0x00,0x00,0x00,0x00,0x00,0x00,0x00,0x00,0x00,0x00,0x00,0x00,0x00,0x00,0x00,0x00,0x1f,0xff,0xff,0xff,0xff,0xff,
0x60,0x00,0x00,0x00,0x00,0x00,0x00,0x00,0x00,0x00,0x00,0x00,0x00,0x00,0x00,0x00,0x00,0x00,0x00,0x00,0x00,0x00,0x00,0x00,
0x00,0x00,0x00,0x00,0x00,0x6f,0xff,0xff,0xff,0xff,0xff,0x10,0x00,0x00,0x00,0x00,0x00,0x00,0x00,0x00,0x00,0x00,0x00,0x00,
0x00,0x00,0x00,0x00,0x00,0x00,0x00,0x00,0x00,0x00,0x00,0x00,0x00,0x00,0x00,0x00,0xcf,0xff,0xff,0xff,0xff,0xfb,0x00,0x00,
0x00,0x00,0x00,0x00,0x00,0x00,0x00,0x00,0x00,0x00,0x00,0x00,0x00,0x00,0x00,0x00,0x00,0x00,0x00,0x00,0x00,0x00,0x00,0x00,
0x00,0x00,0x02,0xff,0xff,0xff,0xff,0xff,0xf5,0x00,0x00,0x00,0x00,0x00,0x00,0x00,0x00,0x00,0x00,0x00,0x00,0x00,0x00,0x00,
0x00,0x00,0x00,0x00,0x00,0x00,0x00,0x00,0x00,0x00,0x00,0x00,0x00,0x08,0xff,0xff,0xff,0xff,0xff,0xe1,0x00,0x00,0x00,0x00,
0x00,0x00,0x00,0x00,0x00,0x00,0x00,0x00,0x00,0x00,0x00,0x00,0x00,0x00,0x00,0x00,0x00,0x00,0x00,0x00,0x00,0x00,0x00,0x00,
0x0d,0xff,0xff,0xff,0xff,0xff,0x90,0x00,0x00,0x00,0x00,0x00,0x00,0x00,0x00,0x00,0x00,0x00,0x00,0x00,0x00,0x00,0x00,0x00,
0x00,0x00,0x00,0x00,0x00,0x00,0x00,0x00,0x00,0x00,0x00,0x4f,0xff,0xff,0xff,0xff,0xff,0x40,0x00,0x00,0x00,0x00,0x00,0x00,
0x00,0x00,0x00,0x00,0x00,0x00,0x00,0x00,0x00,0x00,0x00,0x00,0x00,0x00,0x00,0x00,0x00,0x00,0x00,0x00,0x00,0x00,0x9f,0xff,
0xff,0xff,0xff,0xfd,0x00,0x00,0x00,0x00,0x00,0x00,0x00,0x00,0x00,0x00,0x00,0x00,0x00,0x00,0x00,0x00,0x00,0x00,0x00,0x00,
0x00,0x00,0x00,0x00,0x00,0x00,0x00,0x00,0x01,0xef,0xff,0xff,0xff,0xff,0xf8,0x00,0x00,0x00,0x00,0x00,0x00,0x00,0x00,0x00,
0x00,0x00,0x00,0x00,0x00,0x00,0x00,0x00,0x00,0x00,0x00,0x00,0x00,0x00,0x00,0x00,0x00,0x00,0x00,0x05,0xff,0xff,0xff,0xff,
0xff,0xf3,0x00,0x00,0x00,0x00,0x00,0x00,0x00,0x00,0x00,0x00,0x00,0x00,0x00,0x00,0x00,0x00,0x00,0x00,0x00,0x00,0x00,0x00,
0x00,0x00,0x00,0x00,0x00,0x00,0x0b,0xff,0xff,0xff,0xff,0xff,0xc0,0x00,0x00,0x00,0x00,0x00,0x00,0x00,0x00,0x00,0x00,0x00,
0x00,0x00,0x00,0x00,0x00,0x00,0x00,0x00,0x00,0x00,0x00,0x00,0x00,0x00,0x00,0x00,0x00,0x1f,0xff,0xff,0xff,0xff,0xff,0x70,
0x00,0x00,0x00,0x00,0x00,0x00,0x00,0x00,0x00,0x00,0x00,0x00,0x00,0x00,0x00,0x00,0x00,0x00,0x00,0x00,0x00,0x00,0x00,0x00,
0x00,0x00,0x00,0x00,0x7f,0xff,0xff,0xff,0xff,0xff,0x20,0x00,0x00,0x00,0x00,0x00,0x00,0x00,0x00,0x00,0x00,0x00,0x00,0x00,
0x00,0x00,0x00,0x00,0x00,0x00,0x00,0x00,0x00,0x00,0x00,0x00,0x00,0x00,0x00,0xcf,0xff,0xff,0xff,0xff,0xfb,0x00,0x00,0x00,
0x00,0x00,0x00,0x00,0x00,0x00,0x00,0x00,0x00,0x00,0x00,0x00,0x00,0x00,0x00,0x00,0x00,0x00,0x00,0x00,0x00,0x00,0x00,0x00,
0x00,0x03,0xff,0xff,0xff,0xff,0xff,0xf6,0x00,0x00,0x00,0x00,0x00,0x00,0x00,0x00,0x00,0x00,0x00,0x00,0x00,0x00,0x00,0x00,
0x00,0x00,0x00,0x00,0x00,0x00,0x00,0x00,0x00,0x00,0x00,0x00,0x08,0xff,0xff,0xff,0xff,0xff,0xf1,0x00,0x00,0x00,0x00,0x00,
0x00,0x00,0x00,0x00,0x00,0x00,0x00,0x00,0x00,0x00,0x00,0x00,0x00,0x00,0x00,0x00,0x00,0x00,0x00,0x00,0x00,0x00,0x00,0x0d,
0xff,0xff,0xff,0xff,0xff,0xa0,0x00,0x00,0x00,0x00,0x00,0x00,0x00,0x00,0x00,0x00,0x00,0x00,0x00,0x00,0x00,0x00,0x00,0x00,
0x00,0x00,0x00,0x00,0x00,0x00,0x00,0x00,0x00,0x00,0x4f,0xff,0xff,0xff,0xff,0xff,0x40,0x00,0x00,0x00,0x00,0x00,0x00,0x00,
0x00,0x00,0x00,0x00,0x00,0x00,0x00,0x00,0x00,0x00,0x00,0x00,0x00,0x00,0x00,0x00,0x00,0x00,0x00,0x00,0x00,0xaf,0xff,0xff,
0xff,0xff,0xfe,0x00,0x00,0x00,0x00,0x00,0x00,0x00,0x00,0x00,0x00,0x00,0x00,0x00,0x00,0x00,0x00,0x00,0x00,0x00,0x00,0x00,
0x00,0x00,0x00,0x00,0x00,0x00,0x00,0x01,0xef,0xff,0xff,0xff,0xff,0xf9,0x00,0x00,0x00,0x00,0x00,0x00,0x00,0x00,0x00,0x00,
0x00,0x00,0x00,0x00,0x00,0x00,0x00,0x00,0x00,0x00,0x00,0x00,0x00,0x00,0x00,0x00,0x00,0x00,0x05,0xff,0xff,0xff,0xff,0xff,
0xf3,0x00,0x00,0x00,0x00,0x00,0x00,0x00,0x00,0x00,0x00,0x00,0x00,0x00,0x00,0x00,0x00,0x00,0x00,0x00,0x00,0x00,0x00,0x00,
0x00,0x00,0x00,0x00,0x00,0x0b,0xff,0xff,0xff,0xff,0xff,0xd0,0x00,0x00,0x00,0x00,0x00,0x00,0x00,0x00,0x00,0x00,0x00,0x00,
0x00,0x00,0x00,0x00,0x00,0x00,0x00,0x00,0x00,0x00,0x00,0x00,0x00,0x00,0x00,0x00,0x2f,0xff,0xff,0xff,0xff,0xff,0x70,0x00,
0x00,0x00,0x00,0x00,0x00,0x00,0x00,0x00,0x00,0x00,0x00,0x00,0x00,0x00,0x00,0x00,0x00,0x00,0x00,0x00,0x00,0x00,0x00,0x00,
0x00,0x00,0x00,0x7f,0xff,0xff,0xff,0xff,0xff,0x20,0x00,0x00,0x00,0x00,0x00,0x00,0x00,0x00,0x00,0x00,0x00,0x00,0x00,0x00,
0x00,0x00,0x00,0x00,0x00,0x00,0x00,0x00,0x00,0x00,0x00,0x00,0x00,0x00,0xcf,0xff,0xff,0xff,0xff,0xfc,0x00,0x00,0x00,0x00,
0x00,0x00,0x00,0x00,0x00,0x00,0x00,0x00,0x00,0x00,0x00,0x00,0x00,0x00,0x00,0x00,0x00,0x00,0x00,0x00,0x00,0x00,0x00,0x00,
0x03,0xff,0xff,0xff,0xff,0xff,0xf6,0x00,0x00,0x00,0x00,0x00,0x00,0x00,0x00,0x00,0x00,0x00,0x00,0x00,0x00,0x00,0x00,0x00,
0x00,0x00,0x00,0x00,0x00,0x00,0x00,0x00,0x00,0x00,0x00,0x08,0xff,0xff,0xff,0xff,0xff,0xf1,0x00,0x00,0x00,0x00,0x00,0x00,
0x00,0x00,0x00,0x00,0x00,0x00,0x00,0x00,0x00,0x00,0x00,0x00,0x00,0x00,0x00,0x00,0x00,0x00,0x00,0x00,0x00,0x00,0x0e,0xff,
0xff,0xff,0xff,0xff,0xa0,0x00,0x00,0x00,0x00,0x00,0x00,0x00,0x00,0x00,0x00,0x00,0x00,0x00,0x00,0x00,0x00,0x00,0x00,0x00,
0x00,0x00,0x00,0x00,0x00,0x00,0x00,0x00,0x00,0x4f,0xff,0xff,0xff,0xff,0xff,0x50,0x00,0x00,0x00,0x00,0x00,0x00,0x00,0x00,
0x00,0x00,0x00,0x00,0x00,0x00,0x00,0x00,0x00,0x00,0x00,0x00,0x00,0x00,0x00,0x00,0x00,0x00,0x00,0x00,0xaf,0xff,0xff,0xff,
0xff,0xfe,0x00,0x00,0x00,0x00,0x00,0x00,0x00,0x00,0x00,0x00,0x00,0x00,0x00,0x00,0x00,0x00,0x00,0x00,0x00,0x00,0x00,0x00,
0x00,0x00,0x00,0x00,0x00,0x00,0x01,0xef,0xff,0xff,0xff,0xff,0xf9,0x00,0x00,0x00,0x00,0x00,0x00,0x00,0x00,0x00,0x00,0x00,
0x00,0x00,0x00,0x00,0x00,0x00,0x00,0x00,0x00,0x00,0x00,0x00,0x00,0x00,0x00,0x00,0x00,0x06,0xff,0xff,0xff,0xff,0xff,0xf4,
0x00,0x00,0x00,0x00,0x00,0x00,0x00,0x00,0x00,0x00,0x00,0x00,0x00,0x00,0x00,0x00,0x00,0x00,0x00,0x00,0x00,0x00,0x00,0x00,
0x00,0x00,0x00,0x00,0x0b,0xff,0xff,0xff,0xff,0xff,0xd0,0x00,0x00,0x00,0x00,0x00,0x00,0x00,0x00,0x00,0x00,0x00,0x00,0x00,
0x00,0x00,0x00,0x00,0x00,0x00,0x00,0x00,0x00,0x00,0x00,0x00,0x00,0x00,0x00,0x2f,0xff,0xff,0xff,0xff,0xff,0x80,0x00,0x00,
0x00,0x00,0x00,0x00,0x00,0x00,0x00,0x00,0x00,0x00,0x00,0x00,0x00,0x00,0x00,0x00,0x00,0x00,0x00,0x00,0x00,0x00,0x00,0x00,
0x00,0x00,0x7f,0xff,0xff,0xff,0xff,0xff,0x30,0x00,0x00,0x00,0x00,0x00,0x00,0x00,0x00,0x00,0x00,0x00,0x00,0x00,0x00,0x00,
0x00,0x00,0x00,0x00,0x00,0x00,0x00,0x00,0x00,0x00,0x00,0x00,0x00,0xdf,0xff,0xff,0xff,0xff,0xfc,0x00,0x00,0x00,0x00,0x00,
0x00,0x00,0x00,0x00,0x00,0x00,0x00,0x00,0x00,0x00,0x00,0x00,0x00,0x00,0x00,0x00,0x00,0x00,0x00,0x00,0x00,0x00,0x00,0x03,
0xff,0xff,0xff,0xff,0xff,0xf7,0x00,0x00,0x00,0x00,0x00,0x00,0x00,0x00,0x00,0x00,0x00,0x00,0x00,0x00,0x00,0x00,0x00,0x00,
0x00,0x00,0x00,0x00,0x00,0x00,0x00,0x00,0x00,0x00,0x09,0xff,0xff,0xff,0xff,0xff,0xf1,0x00,0x00,0x00,0x00,0x00,0x00,0x00,
0x00,0x00,0x00,0x00,0x00,0x00,0x00,0x00,0x00,0x00,0x00,0x00,0x00,0x00,0x00,0x00,0x00,0x00,0x00,0x00,0x00,0x0e,0xff,0xff,
0xff,0xff,0xff,0xb0,0x00,0x00,0x00,0x00,0x00,0x00,0x00,0x00,0x00,0x00,0x00,0x00,0x00,0x00,0x00,0x00,0x00,0x00,0x00,0x00,
0x00,0x00,0x00,0x00,0x00,0x00,0x00,0x00,0x00,0x00,0x00,0x00,0x00,0x00,0x00,0x00,0x00,0x02,0x58,0xac,0xde,0xff,0xed,0xca,
0x85,0x20,0x00,0x00,0x00,0x00,0x00,0x00,0x00,0x00,0x00,0x00,0x00,0x00,0x00,0x00,0x00,0x00,0x00,0x00,0x00,0x00,0x00,0x00,
0x00,0x00,0x00,0x00,0x00,0x00,0x00,0x00,0x00,0x38,0xdf,0xff,0xff,0xff,0xff,0xff,0xff,0xff,0xfd,0x94,0x00,0x00,0x00,0x00,
0x00,0x00,0x00,0x00,0x00,0x00,0x00,0x00,0x00,0x00,0x00,0x00,0x00,0x00,0x00,0x00,0x00,0x00,0x00,0x00,0x00,0x00,0x00,0x00,
0x00,0x6d,0xff,0xff,0xff,0xff,0xff,0xff,0xff,0xff,0xff,0xff,0xff,0xe7,0x10,0x00,0x00,0x00,0x00,0x00,0x00,0x00,0x00,0x00,
0x00,0x00,0x00,0x00,0x00,0x00,0x00,0x00,0x00,0x00,0x00,0x00,0x00,0x00,0x00,0x00,0x00,0x7d,0xff,0xff,0xff,0xff,0xff,0xff,
0xff,0xff,0xff,0xff,0xff,0xff,0xff,0xe8,0x10,0x00,0x00,0x00,0x00,0x00,0x00,0x00,0x00,0x00,0x00,0x00,0x00,0x00,0x00,0x00,
0x00,0x00,0x00,0x00,0x00,0x00,0x00,0x00,0x00,0x3c,0xff,0xff,0xff,0xff,0xff,0xff,0xff,0xff,0xff,0xff,0xff,0xff,0xff,0xff,
0xff,0xd4,0x00,0x00,0x00,0x00,0x00,0x00,0x00,0x00,0x00,0x00,0x00,0x00,0x00,0x00,0x00,0x00,0x00,0x00,0x00,0x00,0x00,0x00,
0x00,0x07,0xff,0xff,0xff,0xff,0xff,0xff,0xff,0xff,0xff,0xff,0xff,0xff,0xff,0xff,0xff,0xff,0xff,0x91,0x00,0x00,0x00,0x00,
0x00,0x00,0x00,0x00,0x00,0x00,0x00,0x00,0x00,0x00,0x00,0x00,0x00,0x00,0x00,0x00,0x00,0x00,0xaf,0xff,0xff,0xff,0xff,0xff,
0xff,0xff,0xff,0xff,0xff,0xff,0xff,0xff,0xff,0xff,0xff,0xff,0xfc,0x10,0x00,0x00,0x00,0x00,0x00,0x00,0x00,0x00,0x00,0x00,
0x00,0x00,0x00,0x00,0x00,0x00,0x00,0x00,0x00,0x00,0x1c,0xff,0xff,0xff,0xff,0xff,0xff,0xff,0xff,0xff,0xff,0xff,0xff,0xff,
0xff,0xff,0xff,0xff,0xff,0xff,0xd2,0x00,0x00,0x00,0x00,0x00,0x00,0x00,0x00,0x00,0x00,0x00,0x00,0x00,0x00,0x00,0x00,0x00,
0x00,0x00,0x01,0xcf,0xff,0xff,0xff,0xff,0xff,0xff,0xff,0xff,0xff,0xff,0xff,0xff,0xff,0xff,0xff,0xff,0xff,0xff,0xff,0xfe,
0x20,0x00,0x00,0x00,0x00,0x00,0x00,0x00,0x00,0x00,0x00,0x00,0x00,0x00,0x00,0x00,0x00,0x00,0x00,0x0b,0xff,0xff,0xff,0xff,
0xff,0xff,0xff,0xff,0xff,0xff,0xff,0xff,0xff,0xff,0xff,0xff,0xff,0xff,0xff,0xff,0xff,0xd1,0x00,0x00,0x00,0x00,0x00,0x00,
0x00,0x00,0x00,0x00,0x00,0x00,0x00,0x00,0x00,0x00,0x00,0x00,0x9f,0xff,0xff,0xff,0xff,0xff,0xff,0xff,0xff,0xeb,0x98,0x77,
0x89,0xbf,0xff,0xff,0xff,0xff,0xff,0xff,0xff,0xff,0xfb,0x00,0x00,0x00,0x00,0x00,0x00,0x00,0x00,0x00,0x00,0x00,0x00,0x00,
0x00,0x00,0x00,0x00,0x04,0xff,0xff,0xff,0xff,0xff,0xff,0xff,0xfe,0x94,0x00,0x00,0x00,0x00,0x01,0x49,0xff,0xff,0xff,0xff,
0xff,0xff,0xff,0xff,0x70,0x00,0x00,0x00,0x00,0x00,0x00,0x00,0x00,0x00,0x00,0x00,0x00,0x00,0x00,0x00,0x00,0x1d,0xff,0xff,
0xff,0xff,0xff,0xff,0xff,0x91,0x00,0x00,0x00,0x00,0x00,0x00,0x00,0x29,0xff,0xff,0xff,0xff,0xff,0xff,0xff,0xe2,0x00,0x00,
0x00,0x00,0x00,0x00,0x00,0x00,0x00,0x00,0x00,0x00,0x00,0x00,0x00,0x00,0x8f,0xff,0xff,0xff,0xff,0xff,0xff,0xd3,0x00,0x00,
0x00,0x00,0x00,0x00,0x00,0x00,0x00,0x3e,0xff,0xff,0xff,0xff,0xff,0xff,0xfb,0x00,0x00,0x00,0x00,0x00,0x00,0x00,0x00,0x00,
0x00,0x00,0x00,0x00,0x00,0x00,0x01,0xff,0xff,0xff,0xff,0xff,0xff,0xfc,0x20,0x00,0x00,0x00,0x00,0x00,0x00,0x00,0x00,0x00,
0x02,0xdf,0xff,0xff,0xff,0xff,0xff,0xff,0x30,0x00,0x00,0x00,0x00,0x00,0x00,0x00,0x00,0x00,0x00,0x00,0x00,0x00,0x00,0x08,
0xff,0xff,0xff,0xff,0xff,0xff,0xc1,0x00,0x00,0x00,0x00,0x00,0x00,0x00,0x00,0x00,0x00,0x00,0x1d,0xff,0xff,0xff,0xff,0xff,
0xff,0xa0,0x00,0x00,0x00,0x00,0x00,0x00,0x00,0x00,0x00,0x00,0x00,0x00,0x00,0x00,0x1e,0xff,0xff,0xff,0xff,0xff,0xfe,0x20,
0x00,0x00,0x00,0x00,0x00,0x00,0x00,0x00,0x00,0x00,0x00,0x02,0xef,0xff,0xff,0xff,0xff,0xff,0xf2,0x00,0x00,0x00,0x00,0x00,
0x00,0x00,0x00,0x00,0x00,0x00,0x00,0x00,0x00,0x6f,0xff,0xff,0xff,0xff,0xff,0xf5,0x00,0x00,0x00,0x00,0x00,0x00,0x00,0x00,
0x00,0x00,0x00,0x00,0x00,0x5f,0xff,0xff,0xff,0xff,0xff,0xf8,0x00,0x00,0x00,0x00,0x00,0x00,0x00,0x00,0x00,0x00,0x00,0x00,
0x00,0x00,0xbf,0xff,0xff,0xff,0xff,0xff,0xb0,0x00,0x00,0x00,0x00,0x00,0x00,0x00,0x00,0x00,0x00,0x00,0x00,0x00,0x0b,0xff,
0xff,0xff,0xff,0xff,0xfc,0x00,0x00,0x00,0x00,0x00,0x00,0x00,0x00,0x00,0x00,0x00,0x00,0x00,0x01,0xff,0xff,0xff,0xff,0xff,
0xff,0x40,0x00,0x00,0x00,0x00,0x00,0x00,0x00,0x00,0x00,0x00,0x00,0x00,0x00,0x03,0xff,0xff,0xff,0xff,0xff,0xff,0x20,0x00,
0x00,0x00,0x00,0x00,0x00,0x00,0x00,0x00,0x00,0x00,0x00,0x05,0xff,0xff,0xff,0xff,0xff,0xfc,0x00,0x00,0x00,0x00,0x00,0x00,
0x00,0x00,0x00,0x00,0x00,0x00,0x00,0x00,0x00,0xbf,0xff,0xff,0xff,0xff,0xff,0x60,0x00,0x00,0x00,0x00,0x00,0x00,0x00,0x00,
0x00,0x00,0x00,0x00,0x08,0xff,0xff,0xff,0xff,0xff,0xf7,0x00,0x00,0x00,0x00,0x00,0x00,0x00,0x00,0x00,0x00,0x00,0x00,0x00,
0x00,0x00,0x6f,0xff,0xff,0xff,0xff,0xff,0x90,0x00,0x00,0x00,0x00,0x00,0x00,0x00,0x00,0x00,0x00,0x00,0x00,0x0b,0xff,0xff,
0xff,0xff,0xff,0xf3,0x00,0x00,0x00,0x00,0x00,0x00,0x00,0x00,0x00,0x00,0x00,0x00,0x00,0x00,0x00,0x2f,0xff,0xff,0xff,0xff,
0xff,0xc0,0x00,0x00,0x00,0x00,0x00,0x00,0x00,0x00,0x00,0x00,0x00,0x00,0x0d,0xff,0xff,0xff,0xff,0xff,0xe0,0x00,0x00,0x00,
0x00,0x00,0x00,0x00,0x00,0x00,0x00,0x00,0x00,0x00,0x00,0x00,0x0d,0xff,0xff,0xff,0xff,0xff,0xe0,0x00,0x00,0x00,0x00,0x00,
0x00,0x00,0x00,0x00,0x00,0x00,0x00,0x0f,0xff,0xff,0xff,0xff,0xff,0xb0,0x00,0x00,0x00,0x00,0x00,0x00,0x00,0x00,0x00,0x00,
0x00,0x00,0x00,0x00,0x00,0x0a,0xff,0xff,0xff,0xff,0xff,0xf1,0x00,0x00,0x00,0x00,0x00,0x00,0x00,0x00,0x00,0x00,0x00,0x00,
0x1f,0xff,0xff,0xff,0xff,0xff,0xa0,0x00,0x00,0x00,0x00,0x00,0x00,0x00,0x00,0x00,0x00,0x00,0x00,0x00,0x00,0x00,0x09,0xff,
0xff,0xff,0xff,0xff,0xf2,0x00,0x00,0x00,0x00,0x00,0x00,0x00,0x00,0x00,0x00,0x00,0x00,0x2f,0xff,0xff,0xff,0xff,0xff,0x80,
0x00,0x00,0x00,0x00,0x00,0x00,0x00,0x00,0x00,0x00,0x00,0x00,0x00,0x00,0x00,0x08,0xff,0xff,0xff,0xff,0xff,0xf3,0x00,0x00,
0x00,0x00,0x00,0x00,0x00,0x00,0x00,0x00,0x00,0x00,0x3f,0xff,0xff,0xff,0xff,0xff,0x70,0x00,0x00,0x00,0x00,0x00,0x00,0x00,
0x00,0x00,0x00,0x00,0x00,0x00,0x00,0x00,0x06,0xff,0xff,0xff,0xff,0xff,0xf4,0x00,0x00,0x00,0x00,0x00,0x00,0x00,0x00,0x00,
0x00,0x00,0x00,0x3f,0xff,0xff,0xff,0xff,0xff,0x70,0x00,0x00,0x00,0x00,0x00,0x00,0x00,0x00,0x00,0x00,0x00,0x00,0x00,0x00,
0x00,0x06,0xff,0xff,0xff,0xff,0xff,0xf4,0x00,0x00,0x00,0x00,0x00,0x00,0x00,0x00,0x00,0x00,0x00,0x00,0x3f,0xff,0xff,0xff,
0xff,0xff,0x70,0x00,0x00,0x00,0x00,0x00,0x00,0x00,0x00,0x00,0x00,0x00,0x00,0x00,0x00,0x00,0x06,0xff,0xff,0xff,0xff,0xff,
0xf4,0x00,0x00,0x00,0x00,0x00,0x00,0x00,0x00,0x00,0x00,0x00,0x00,0x3f,0xff,0xff,0xff,0xff,0xff,0x70,0x00,0x00,0x00,0x00,
0x00,0x00,0x00,0x00,0x00,0x00,0x00,0x00,0x00,0x00,0x00,0x06,0xff,0xff,0xff,0xff,0xff,0xf4,0x00,0x00,0x00,0x00,0x00,0x00,
0x00,0x00,0x00,0x00,0x00,0x00,0x3f,0xff,0xff,0xff,0xff,0xff,0x80,0x00,0x00,0x00,0x00,0x00,0x00,0x00,0x00,0x00,0x00,0x00,
0x00,0x00,0x00,0x00,0x07,0xff,0xff,0xff,0xff,0xff,0xf4,0x00,0x00,0x00,0x00,0x00,0x00,0x00,0x00,0x00,0x00,0x00,0x00,0x2f,
0xff,0xff,0xff,0xff,0xff,0x90,0x00,0x00,0x00,0x00,0x00,0x00,0x00,0x00,0x00,0x00,0x00,0x00,0x00,0x00,0x00,0x08,0xff,0xff,
0xff,0xff,0xff,0xf3,0x00,0x00,0x00,0x00,0x00,0x00,0x00,0x00,0x00,0x00,0x00,0x00,0x1f,0xff,0xff,0xff,0xff,0xff,0xa0,0x00,
0x00,0x00,0x00,0x00,0x00,0x00,0x00,0x00,0x00,0x00,0x00,0x00,0x00,0x00,0x09,0xff,0xff,0xff,0xff,0xff,0xf2,0x00,0x00,0x00,
0x00,0x00,0x00,0x00,0x00,0x00,0x00,0x00,0x00,0x0f,0xff,0xff,0xff,0xff,0xff,0xb0,0x00,0x00,0x00,0x00,0x00,0x00,0x00,0x00,
0x00,0x00,0x00,0x00,0x00,0x00,0x00,0x0a,0xff,0xff,0xff,0xff,0xff,0xf1,0x00,0x00,0x00,0x00,0x00,0x00,0x00,0x00,0x00,0x00,
0x00,0x00,0x0d,0xff,0xff,0xff,0xff,0xff,0xe0,0x00,0x00,0x00,0x00,0x00,0x00,0x00,0x00,0x00,0x00,0x00,0x00,0x00,0x00,0x00,
0x0d,0xff,0xff,0xff,0xff,0xff,0xe0,0x00,0x00,0x00,0x00,0x00,0x00,0x00,0x00,0x00,0x00,0x00,0x00,0x0a,0xff,0xff,0xff,0xff,
0xff,0xf3,0x00,0x00,0x00,0x00,0x00,0x00,0x00,0x00,0x00,0x00,0x00,0x00,0x00,0x00,0x00,0x2f,0xff,0xff,0xff,0xff,0xff,0xb0,
0x00,0x00,0x00,0x00,0x00,0x00,0x00,0x00,0x00,0x00,0x00,0x00,0x08,0xff,0xff,0xff,0xff,0xff,0xf6,0x00,0x00,0x00,0x00,0x00,
0x00,0x00,0x00,0x00,0x00,0x00,0x00,0x00,0x00,0x00,0x6f,0xff,0xff,0xff,0xff,0xff,0x80,0x00,0x00,0x00,0x00,0x00,0x00,0x00,
0x00,0x00,0x00,0x00,0x00,0x05,0xff,0xff,0xff,0xff,0xff,0xfb,0x00,0x00,0x00,0x00,0x00,0x00,0x00,0x00,0x00,0x00,0x00,0x00,
0x00,0x00,0x00,0xbf,0xff,0xff,0xff,0xff,0xff,0x50,0x00,0x00,0x00,0x00,0x00,0x00,0x00,0x00,0x00,0x00,0x00,0x00,0x01,0xef,
0xff,0xff,0xff,0xff,0xff,0x30,0x00,0x00,0x00,0x00,0x00,0x00,0x00,0x00,0x00,0x00,0x00,0x00,0x00,0x03,0xff,0xff,0xff,0xff,
0xff,0xff,0x10,0x00,0x00,0x00,0x00,0x00,0x00,0x00,0x00,0x00,0x00,0x00,0x00,0x00,0xaf,0xff,0xff,0xff,0xff,0xff,0xa0,0x00,
0x00,0x00,0x00,0x00,0x00,0x00,0x00,0x00,0x00,0x00,0x00,0x00,0x0a,0xff,0xff,0xff,0xff,0xff,0xfb,0x00,0x00,0x00,0x00,0x00,
0x00,0x00,0x00,0x00,0x00,0x00,0x00,0x00,0x00,0x5f,0xff,0xff,0xff,0xff,0xff,0xf4,0x00,0x00,0x00,0x00,0x00,0x00,0x00,0x00,
0x00,0x00,0x00,0x00,0x00,0x3f,0xff,0xff,0xff,0xff,0xff,0xf5,0x00,0x00,0x00,0x00,0x00,0x00,0x00,0x00,0x00,0x00,0x00,0x00,
0x00,0x00,0x0d,0xff,0xff,0xff,0xff,0xff,0xfd,0x10,0x00,0x00,0x00,0x00,0x00,0x00,0x00,0x00,0x00,0x00,0x00,0x01,0xdf,0xff,
0xff,0xff,0xff,0xff,0xd0,0x00,0x00,0x00,0x00,0x00,0x00,0x00,0x00,0x00,0x00,0x00,0x00,0x00,0x00,0x06,0xff,0xff,0xff,0xff,
0xff,0xff,0xa0,0x00,0x00,0x00,0x00,0x00,0x00,0x00,0x00,0x00,0x00,0x00,0x0b,0xff,0xff,0xff,0xff,0xff,0xff,0x60,0x00,0x00,
0x00,0x00,0x00,0x00,0x00,0x00,0x00,0x00,0x00,0x00,0x00,0x00,0x00,0xdf,0xff,0xff,0xff,0xff,0xff,0xfa,0x00,0x00,0x00,0x00,
0x00,0x00,0x00,0x00,0x00,0x00,0x00,0xaf,0xff,0xff,0xff,0xff,0xff,0xfd,0x00,0x00,0x00,0x00,0x00,0x00,0x00,0x00,0x00,0x00,
0x00,0x00,0x00,0x00,0x00,0x00,0x4f,0xff,0xff,0xff,0xff,0xff,0xff,0xb1,0x00,0x00,0x00,0x00,0x00,0x00,0x00,0x00,0x00,0x1c,
0xff,0xff,0xff,0xff,0xff,0xff,0xf4,0x00,0x00,0x00,0x00,0x00,0x00,0x00,0x00,0x00,0x00,0x00,0x00,0x00,0x00,0x00,0x00,0x08,
0xff,0xff,0xff,0xff,0xff,0xff,0xfd,0x50,0x00,0x00,0x00,0x00,0x00,0x00,0x00,0x06,0xef,0xff,0xff,0xff,0xff,0xff,0xff,0x80,
0x00,0x00,0x00,0x00,0x00,0x00,0x00,0x00,0x00,0x00,0x00,0x00,0x00,0x00,0x00,0x00,0x00,0xcf,0xff,0xff,0xff,0xff,0xff,0xff,
0xfc,0x51,0x00,0x00,0x00,0x00,0x00,0x16,0xdf,0xff,0xff,0xff,0xff,0xff,0xff,0xfc,0x00,0x00,0x00,0x00,0x00,0x00,0x00,0x00,
0x00,0x00,0x00,0x00,0x00,0x00,0x00,0x00,0x00,0x00,0x1d,0xff,0xff,0xff,0xff,0xff,0xff,0xff,0xff,0xb7,0x65,0x33,0x56,0x8c,
0xff,0xff,0xff,0xff,0xff,0xff,0xff,0xff,0xc1,0x00,0x00,0x00,0x00,0x00,0x00,0x00,0x00,0x00,0x00,0x00,0x00,0x00,0x00,0x00,
0x00,0x00,0x00,0x02,0xdf,0xff,0xff,0xff,0xff,0xff,0xff,0xff,0xff,0xff,0xff,0xff,0xff,0xff,0xff,0xff,0xff,0xff,0xff,0xff,
0xfd,0x10,0x00,0x00,0x00,0x00,0x00,0x00,0x00,0x00,0x00,0x00,0x00,0x00,0x00,0x00,0x00,0x00,0x00,0x00,0x00,0x2c,0xff,0xff,
0xff,0xff,0xff,0xff,0xff,0xff,0xff,0xff,0xff,0xff,0xff,0xff,0xff,0xff,0xff,0xff,0xff,0xb1,0x00,0x00,0x00,0x00,0x00,0x00,
0x00,0x00,0x00,0x00,0x00,0x00,0x00,0x00,0x00,0x00,0x00,0x00,0x00,0x00,0x01,0xaf,0xff,0xff,0xff,0xff,0xff,0xff,0xff,0xff,
0xff,0xff,0xff,0xff,0xff,0xff,0xff,0xff,0xff,0xf9,0x00,0x00,0x00,0x00,0x00,0x00,0x00,0x00,0x00,0x00,0x00,0x00,0x00,0x00,
0x00,0x00,0x00,0x00,0x00,0x00,0x00,0x00,0x05,0xdf,0xff,0xff,0xff,0xff,0xff,0xff,0xff,0xff,0xff,0xff,0xff,0xff,0xff,0xff,
0xff,0xfd,0x40,0x00,0x00,0x00,0x00,0x00,0x00,0x00,0x00,0x00,0x00,0x00,0x00,0x00,0x00,0x00,0x00,0x00,0x00,0x00,0x00,0x00,
0x00,0x00,0x19,0xff,0xff,0xff,0xff,0xff,0xff,0xff,0xff,0xff,0xff,0xff,0xff,0xff,0xff,0xff,0x80,0x00,0x00,0x00,0x00,0x00,
0x00,0x00,0x00,0x00,0x00,0x00,0x00,0x00,0x00,0x00,0x00,0x00,0x00,0x00,0x00,0x00,0x00,0x00,0x00,0x7e,0xff,0xff,0xff,0xff,
0xff,0xff,0xff,0xff,0xff,0xff,0xff,0xff,0xff,0xff,0xff,0xe6,0x00,0x00,0x00,0x00,0x00,0x00,0x00,0x00,0x00,0x00,0x00,0x00,
0x00,0x00,0x00,0x00,0x00,0x00,0x00,0x00,0x00,0x00,0x00,0x5d,0xff,0xff,0xff,0xff,0xff,0xff,0xff,0xff,0xff,0xff,0xff,0xff,
0xff,0xff,0xff,0xff,0xff,0xc3,0x00,0x00,0x00,0x00,0x00,0x00,0x00,0x00,0x00,0x00,0x00,0x00,0x00,0x00,0x00,0x00,0x00,0x00,
0x00,0x00,0x00,0x08,0xff,0xff,0xff,0xff,0xff,0xff,0xff,0xff,0xff,0xff,0xff,0xff,0xff,0xff,0xff,0xff,0xff,0xff,0xff,0x70,
0x00,0x00,0x00,0x00,0x00,0x00,0x00,0x00,0x00,0x00,0x00,0x00,0x00,0x00,0x00,0x00,0x00,0x00,0x00,0x02,0xcf,0xff,0xff,0xff,
0xff,0xff,0xff,0xff,0xff,0xff,0xff,0xff,0xff,0xff,0xff,0xff,0xff,0xff,0xff,0xff,0xfa,0x10,0x00,0x00,0x00,0x00,0x00,0x00,
0x00,0x00,0x00,0x00,0x00,0x00,0x00,0x00,0x00,0x00,0x00,0x00,0x2d,0xff,0xff,0xff,0xff,0xff,0xff,0xff,0xff,0xff,0xff,0xff,
0xff,0xff,0xff,0xff,0xff,0xff,0xff,0xff,0xff,0xff,0xc1,0x00,0x00,0x00,0x00,0x00,0x00,0x00,0x00,0x00,0x00,0x00,0x00,0x00,
0x00,0x00,0x00,0x00,0x01,0xdf,0xff,0xff,0xff,0xff,0xff,0xff,0xff,0xfe,0xa8,0x65,0x44,0x56,0x8a,0xef,0xff,0xff,0xff,0xff,
0xff,0xff,0xff,0xfc,0x10,0x00,0x00,0x00,0x00,0x00,0x00,0x00,0x00,0x00,0x00,0x00,0x00,0x00,0x00,0x00,0x00,0x1c,0xff,0xff,
0xff,0xff,0xff,0xff,0xff,0xe9,0x40,0x00,0x00,0x00,0x00,0x00,0x04,0x8e,0xff,0xff,0xff,0xff,0xff,0xff,0xff,0xb0,0x00,0x00,
0x00,0x00,0x00,0x00,0x00,0x00,0x00,0x00,0x00,0x00,0x00,0x00,0x00,0x00,0xaf,0xff,0xff,0xff,0xff,0xff,0xff,0xf9,0x10,0x00,
0x00,0x00,0x00,0x00,0x00,0x00,0x01,0x9f,0xff,0xff,0xff,0xff,0xff,0xff,0xf8,0x00,0x00,0x00,0x00,0x00,0x00,0x00,0x00,0x00,
0x00,0x00,0x00,0x00,0x00,0x00,0x06,0xff,0xff,0xff,0xff,0xff,0xff,0xfd,0x30,0x00,0x00,0x00,0x00,0x00,0x00,0x00,0x00,0x00,
0x02,0xcf,0xff,0xff,0xff,0xff,0xff,0xff,0x40,0x00,0x00,0x00,0x00,0x00,0x00,0x00,0x00,0x00,0x00,0x00,0x00,0x00,0x00,0x2e,
0xff,0xff,0xff,0xff,0xff,0xff,0xc1,0x00,0x00,0x00,0x00,0x00,0x00,0x00,0x00,0x00,0x00,0x00,0x1b,0xff,0xff,0xff,0xff,0xff,
0xff,0xd1,0x00,0x00,0x00,0x00,0x00,0x00,0x00,0x00,0x00,0x00,0x00,0x00,0x00,0x00,0xaf,0xff,0xff,0xff,0xff,0xff,0xfa,0x00,
0x00,0x00,0x00,0x00,0x00,0x00,0x00,0x00,0x00,0x00,0x00,0x00,0x9f,0xff,0xff,0xff,0xff,0xff,0xf8,0x00,0x00,0x00,0x00,0x00,
0x00,0x00,0x00,0x00,0x00,0x00,0x00,0x00,0x03,0xff,0xff,0xff,0xff,0xff,0xff,0xc0,0x00,0x00,0x00,0x00,0x00,0x00,0x00,0x00,
0x00,0x00,0x00,0x00,0x00,0x0c,0xff,0xff,0xff,0xff,0xff,0xfe,0x10,0x00,0x00,0x00,0x00,0x00,0x00,0x00,0x00,0x00,0x00,0x00,
0x00,0x0a,0xff,0xff,0xff,0xff,0xff,0xfe,0x20,0x00,0x00,0x00,0x00,0x00,0x00,0x00,0x00,0x00,0x00,0x00,0x00,0x00,0x02,0xef,
0xff,0xff,0xff,0xff,0xff,0x80,0x00,0x00,0x00,0x00,0x00,0x00,0x00,0x00,0x00,0x00,0x00,0x00,0x3f,0xff,0xff,0xff,0xff,0xff,
0xf5,0x00,0x00,0x00,0x00,0x00,0x00,0x00,0x00,0x00,0x00,0x00,0x00,0x00,0x00,0x00,0x5f,0xff,0xff,0xff,0xff,0xff,0xe1,0x00,
0x00,0x00,0x00,0x00,0x00,0x00,0x00,0x00,0x00,0x00,0x00,0x8f,0xff,0xff,0xff,0xff,0xff,0xc0,0x00,0x00,0x00,0x00,0x00,0x00,
0x00,0x00,0x00,0x00,0x00,0x00,0x00,0x00,0x00,0x0c,0xff,0xff,0xff,0xff,0xff,0xf6,0x00,0x00,0x00,0x00,0x00,0x00,0x00,0x00,
0x00,0x00,0x00,0x00,0xdf,0xff,0xff,0xff,0xff,0xff,0x50,0x00,0x00,0x00,0x00,0x00,0x00,0x00,0x00,0x00,0x00,0x00,0x00,0x00,
0x00,0x00,0x05,0xff,0xff,0xff,0xff,0xff,0xfb,0x00,0x00,0x00,0x00,0x00,0x00,0x00,0x00,0x00,0x00,0x00,0x03,0xff,0xff,0xff,
0xff,0xff,0xfd,0x00,0x00,0x00,0x00,0x00,0x00,0x00,0x00,0x00,0x00,0x00,0x00,0x00,0x00,0x00,0x00,0x00,0xdf,0xff,0xff,0xff,
0xff,0xff,0x10,0x00,0x00,0x00,0x00,0x00,0x00,0x00,0x00,0x00,0x00,0x07,0xff,0xff,0xff,0xff,0xff,0xf7,0x00,0x00,0x00,0x00,
0x00,0x00,0x00,0x00,0x00,0x00,0x00,0x00,0x00,0x00,0x00,0x00,0x00,0x7f,0xff,0xff,0xff,0xff,0xff,0x60,0x00,0x00,0x00,0x00,
0x00,0x00,0x00,0x00,0x00,0x00,0x0a,0xff,0xff,0xff,0xff,0xff,0xf3,0x00,0x00,0x00,0x00,0x00,0x00,0x00,0x00,0x00,0x00,0x00,
0x00,0x00,0x00,0x00,0x00,0x00,0x4f,0xff,0xff,0xff,0xff,0xff,0x90,0x00,0x00,0x00,0x00,0x00,0x00,0x00,0x00,0x00,0x00,0x0d,
0xff,0xff,0xff,0xff,0xff,0xe0,0x00,0x00,0x00,0x00,0x00,0x00,0x00,0x00,0x00,0x00,0x00,0x00,0x00,0x00,0x00,0x00,0x00,0x0f,
0xff,0xff,0xff,0xff,0xff,0xc0,0x00,0x00,0x00,0x00,0x00,0x00,0x00,0x00,0x00,0x00,0x1f,0xff,0xff,0xff,0xff,0xff,0xa0,0x00,
0x00,0x00,0x00,0x00,0x00,0x00,0x00,0x00,0x00,0x00,0x00,0x00,0x00,0x00,0x00,0x00,0x0b,0xff,0xff,0xff,0xff,0xff,0xf0,0x00,
0x00,0x00,0x00,0x00,0x00,0x00,0x00,0x00,0x00,0x3f,0xff,0xff,0xff,0xff,0xff,0x80,0x00,0x00,0x00,0x00,0x00,0x00,0x00,0x00,
0x00,0x00,0x00,0x00,0x00,0x00,0x00,0x00,0x00,0x09,0xff,0xff,0xff,0xff,0xff,0xf2,0x00,0x00,0x00,0x00,0x00,0x00,0x00,0x00,
0x00,0x00,0x4f,0xff,0xff,0xff,0xff,0xff,0x70,0x00,0x00,0x00,0x00,0x00,0x00,0x00,0x00,0x00,0x00,0x00,0x00,0x00,0x00,0x00,
0x00,0x00,0x08,0xff,0xff,0xff,0xff,0xff,0xf3,0x00,0x00,0x00,0x00,0x00,0x00,0x00,0x00,0x00,0x00,0x5f,0xff,0xff,0xff,0xff,
0xff,0x50,0x00,0x00,0x00,0x00,0x00,0x00,0x00,0x00,0x00,0x00,0x00,0x00,0x00,0x00,0x00,0x00,0x00,0x07,0xff,0xff,0xff,0xff,
0xff,0xf4,0x00,0x00,0x00,0x00,0x00,0x00,0x00,0x00,0x00,0x00,0x6f,0xff,0xff,0xff,0xff,0xff,0x40,0x00,0x00,0x00,0x00,0x00,
0x00,0x00,0x00,0x00,0x00,0x00,0x00,0x00,0x00,0x00,0x00,0x00,0x06,0xff,0xff,0xff,0xff,0xff,0xf5,0x00,0x00,0x00,0x00,0x00,
0x00,0x00,0x00,0x00,0x00,0x7f,0xff,0xff,0xff,0xff,0xff,0x40,0x00,0x00,0x00,0x00,0x00,0x00,0x00,0x00,0x00,0x00,0x00,0x00,
0x00,0x00,0x00,0x00,0x00,0x05,0xff,0xff,0xff,0xff,0xff,0xf5,0x00,0x00,0x00,0x00,0x00,0x00,0x00,0x00,0x00,0x00,0x7f,0xff,
0xff,0xff,0xff,0xff,0x30,0x00,0x00,0x00,0x00,0x00,0x00,0x00,0x00,0x00,0x00,0x00,0x00,0x00,0x00,0x00,0x00,0x00,0x05,0xff,
0xff,0xff,0xff,0xff,0xf5,0x00,0x00,0x00,0x00,0x00,0x00,0x00,0x00,0x00,0x00,0x7f,0xff,0xff,0xff,0xff,0xff,0x30,0x00,0x00,
0x00,0x00,0x00,0x00,0x00,0x00,0x00,0x00,0x00,0x00,0x00,0x00,0x00,0x00,0x00,0x05,0xff,0xff,0xff,0xff,0xff,0xf5,0x00,0x00,
0x00,0x00,0x00,0x00,0x00,0x00,0x00,0x00,0x7f,0xff,0xff,0xff,0xff,0xff,0x30,0x00,0x00,0x00,0x00,0x00,0x00,0x00,0x00,0x00,
0x00,0x00,0x00,0x00,0x00,0x00,0x00,0x00,0x05,0xff,0xff,0xff,0xff,0xff,0xf5,0x00,0x00,0x00,0x00,0x00,0x00,0x00,0x00,0x00,
0x00,0x7f,0xff,0xff,0xff,0xff,0xff,0x40,0x00,0x00,0x00,0x00,0x00,0x00,0x00,0x00,0x00,0x00,0x00,0x00,0x00,0x00,0x00,0x00,
0x00,0x05,0xff,0xff,0xff,0xff,0xff,0xf5,0x00,0x00,0x00,0x00,0x00,0x00,0x00,0x00,0x00,0x00,0x6f,0xff,0xff,0xff,0xff,0xff,
0x50,0x00,0x00,0x00,0x00,0x00,0x00,0x00,0x00,0x00,0x00,0x00,0x00,0x00,0x00,0x00,0x00,0x00,0x06,0xff,0xff,0xff,0xff,0xff,
0xf4,0x00,0x00,0x00,0x00,0x00,0x00,0x00,0x00,0x00,0x00,0x5f,0xff,0xff,0xff,0xff,0xff,0x60,0x00,0x00,0x00,0x00,0x00,0x00,
0x00,0x00,0x00,0x00,0x00,0x00,0x00,0x00,0x00,0x00,0x00,0x08,0xff,0xff,0xff,0xff,0xff,0xf3,0x00,0x00,0x00,0x00,0x00,0x00,
0x00,0x00,0x00,0x00,0x4f,0xff,0xff,0xff,0xff,0xff,0x70,0x00,0x00,0x00,0x00,0x00,0x00,0x00,0x00,0x00,0x00,0x00,0x00,0x00,
0x00,0x00,0x00,0x00,0x09,0xff,0xff,0xff,0xff,0xff,0xf3,0x00,0x00,0x00,0x00,0x00,0x00,0x00,0x00,0x00,0x00,0x3f,0xff,0xff,
0xff,0xff,0xff,0x90,0x00,0x00,0x00,0x00,0x00,0x00,0x00,0x00,0x00,0x00,0x00,0x00,0x00,0x00,0x00,0x00,0x00,0x0a,0xff,0xff,
0xff,0xff,0xff,0xf2,0x00,0x00,0x00,0x00,0x00,0x00,0x00,0x00,0x00,0x00,0x1f,0xff,0xff,0xff,0xff,0xff,0xc0,0x00,0x00,0x00,
0x00,0x00,0x00,0x00,0x00,0x00,0x00,0x00,0x00,0x00,0x00,0x00,0x00,0x00,0x0e,0xff,0xff,0xff,0xff,0xff,0xe0,0x00,0x00,0x00,
0x00,0x00,0x00,0x00,0x00,0x00,0x00,0x0e,0xff,0xff,0xff,0xff,0xff,0xf1,0x00,0x00,0x00,0x00,0x00,0x00,0x00,0x00,0x00,0x00,
0x00,0x00,0x00,0x00,0x00,0x00,0x00,0x2f,0xff,0xff,0xff,0xff,0xff,0xc0,0x00,0x00,0x00,0x00,0x00,0x00,0x00,0x00,0x00,0x00,
0x0b,0xff,0xff,0xff,0xff,0xff,0xf5,0x00,0x00,0x00,0x00,0x00,0x00,0x00,0x00,0x00,0x00,0x00,0x00,0x00,0x00,0x00,0x00,0x00,
0x6f,0xff,0xff,0xff,0xff,0xff,0x90,0x00,0x00,0x00,0x00,0x00,0x00,0x00,0x00,0x00,0x00,0x08,0xff,0xff,0xff,0xff,0xff,0xfa,
0x00,0x00,0x00,0x00,0x00,0x00,0x00,0x00,0x00,0x00,0x00,0x00,0x00,0x00,0x00,0x00,0x00,0xbf,0xff,0xff,0xff,0xff,0xff,0x60,
0x00,0x00,0x00,0x00,0x00,0x00,0x00,0x00,0x00,0x00,0x04,0xff,0xff,0xff,0xff,0xff,0xff,0x20,0x00,0x00,0x00,0x00,0x00,0x00,
0x00,0x00,0x00,0x00,0x00,0x00,0x00,0x00,0x00,0x03,0xff,0xff,0xff,0xff,0xff,0xff,0x20,0x00,0x00,0x00,0x00,0x00,0x00,0x00,
0x00,0x00,0x00,0x00,0xef,0xff,0xff,0xff,0xff,0xff,0x90,0x00,0x00,0x00,0x00,0x00,0x00,0x00,0x00,0x00,0x00,0x00,0x00,0x00,
0x00,0x00,0x0a,0xff,0xff,0xff,0xff,0xff,0xfc,0x00,0x00,0x00,0x00,0x00,0x00,0x00,0x00,0x00,0x00,0x00,0x00,0xaf,0xff,0xff,
0xff,0xff,0xff,0xf2,0x00,0x00,0x00,0x00,0x00,0x00,0x00,0x00,0x00,0x00,0x00,0x00,0x00,0x00,0x00,0x2f,0xff,0xff,0xff,0xff,
0xff,0xf8,0x00,0x00,0x00,0x00,0x00,0x00,0x00,0x00,0x00,0x00,0x00,0x00,0x5f,0xff,0xff,0xff,0xff,0xff,0xfb,0x00,0x00,0x00,
0x00,0x00,0x00,0x00,0x00,0x00,0x00,0x00,0x00,0x00,0x00,0x00,0xcf,0xff,0xff,0xff,0xff,0xff,0xf3,0x00,0x00,0x00,0x00,0x00,
0x00,0x00,0x00,0x00,0x00,0x00,0x00,0x0d,0xff,0xff,0xff,0xff,0xff,0xff,0x80,0x00,0x00,0x00,0x00,0x00,0x00,0x00,0x00,0x00,
0x00,0x00,0x00,0x00,0x08,0xff,0xff,0xff,0xff,0xff,0xff,0xb0,0x00,0x00,0x00,0x00,0x00,0x00,0x00,0x00,0x00,0x00,0x00,0x00,
0x06,0xff,0xff,0xff,0xff,0xff,0xff,0xf5,0x00,0x00,0x00,0x00,0x00,0x00,0x00,0x00,0x00,0x00,0x00,0x00,0x00,0x5f,0xff,0xff,
0xff,0xff,0xff,0xff,0x40,0x00,0x00,0x00,0x00,0x00,0x00,0x00,0x00,0x00,0x00,0x00,0x00,0x00,0xef,0xff,0xff,0xff,0xff,0xff,
0xff,0x60,0x00,0x00,0x00,0x00,0x00,0x00,0x00,0x00,0x00,0x00,0x00,0x06,0xff,0xff,0xff,0xff,0xff,0xff,0xfc,0x00,0x00,0x00,
0x00,0x00,0x00,0x00,0x00,0x00,0x00,0x00,0x00,0x00,0x00,0x6f,0xff,0xff,0xff,0xff,0xff,0xff,0xf7,0x00,0x00,0x00,0x00,0x00,
0x00,0x00,0x00,0x00,0x00,0x00,0x8f,0xff,0xff,0xff,0xff,0xff,0xff,0xf4,0x00,0x00,0x00,0x00,0x00,0x00,0x00,0x00,0x00,0x00,
0x00,0x00,0x00,0x00,0x0b,0xff,0xff,0xff,0xff,0xff,0xff,0xff,0xb3,0x00,0x00,0x00,0x00,0x00,0x00,0x00,0x00,0x00,0x3b,0xff,
0xff,0xff,0xff,0xff,0xff,0xff,0x90,0x00,0x00,0x00,0x00,0x00,0x00,0x00,0x00,0x00,0x00,0x00,0x00,0x00,0x00,0x02,0xff,0xff,
0xff,0xff,0xff,0xff,0xff,0xff,0xa2,0x00,0x00,0x00,0x00,0x00,0x00,0x00,0x2a,0xff,0xff,0xff,0xff,0xff,0xff,0xff,0xfd,0x10,
0x00,0x00,0x00,0x00,0x00,0x00,0x00,0x00,0x00,0x00,0x00,0x00,0x00,0x00,0x00,0x7f,0xff,0xff,0xff,0xff,0xff,0xff,0xff,0xff,
0xd8,0x41,0x00,0x00,0x00,0x14,0x9d,0xff,0xff,0xff,0xff,0xff,0xff,0xff,0xff,0xf4,0x00,0x00,0x00,0x00,0x00,0x00,0x00,0x00,
0x00,0x00,0x00,0x00,0x00,0x00,0x00,0x00,0x09,0xff,0xff,0xff,0xff,0xff,0xff,0xff,0xff,0xff,0xff,0xfe,0xdd,0xef,0xff,0xff,
0xff,0xff,0xff,0xff,0xff,0xff,0xff,0xff,0x60,0x00,0x00,0x00,0x00,0x00,0x00,0x00,0x00,0x00,0x00,0x00,0x00,0x00,0x00,0x00,
0x00,0x00,0xbf,0xff,0xff,0xff,0xff,0xff,0xff,0xff,0xff,0xff,0xff,0xff,0xff,0xff,0xff,0xff,0xff,0xff,0xff,0xff,0xff,0xff,
0xf7,0x00,0x00,0x00,0x00,0x00,0x00,0x00,0x00,0x00,0x00,0x00,0x00,0x00,0x00,0x00,0x00,0x00,0x00,0x1b,0xff,0xff,0xff,0xff,
0xff,0xff,0xff,0xff,0xff,0xff,0xff,0xff,0xff,0xff,0xff,0xff,0xff,0xff,0xff,0xff,0xff,0x80,0x00,0x00,0x00,0x00,0x00,0x00,
0x00,0x00,0x00,0x00,0x00,0x00,0x00,0x00,0x00,0x00,0x00,0x00,0x00,0x9f,0xff,0xff,0xff,0xff,0xff,0xff,0xff,0xff,0xff,0xff,
0xff,0xff,0xff,0xff,0xff,0xff,0xff,0xff,0xff,0xf6,0x00,0x00,0x00,0x00,0x00,0x00,0x00,0x00,0x00,0x00,0x00,0x00,0x00,0x00,
0x00,0x00,0x00,0x00,0x00,0x00,0x07,0xff,0xff,0xff,0xff,0xff,0xff,0xff,0xff,0xff,0xff,0xff,0xff,0xff,0xff,0xff,0xff,0xff,
0xff,0xfe,0x40,0x00,0x00,0x00,0x00,0x00,0x00,0x00,0x00,0x00,0x00,0x00,0x00,0x00,0x00,0x00,0x00,0x00,0x00,0x00,0x00,0x00,
0x3c,0xff,0xff,0xff,0xff,0xff,0xff,0xff,0xff,0xff,0xff,0xff,0xff,0xff,0xff,0xff,0xff,0xff,0xa1,0x00,0x00,0x00,0x00,0x00,
0x00,0x00,0x00,0x00,0x00,0x00,0x00,0x00,0x00,0x00,0x00,0x00,0x00,0x00,0x00,0x00,0x00,0x00,0x7e,0xff,0xff,0xff,0xff,0xff,
0xff,0xff,0xff,0xff,0xff,0xff,0xff,0xff,0xff,0xff,0xd4,0x00,0x00,0x00,0x00,0x00,0x00,0x00,0x00,0x00,0x00,0x00,0x00,0x00,
0x00,0x00,0x00,0x00,0x00,0x00,0x00,0x00,0x00,0x00,0x00,0x01,0x7e,0xff,0xff,0xff,0xff,0xff,0xff,0xff,0xff,0xff,0xff,0xff,
0xff,0xff,0xc6,0x00,0x00,0x00,0x00,0x00,0x00,0x00,0x00,0x00,0x00,0x00,0x00,0x00,0x00,0x00,0x00,0x00,0x00,0x00,0x00,0x00,
0x00,0x00,0x00,0x00,0x00,0x01,0x6b,0xff,0xff,0xff,0xff,0xff,0xff,0xff,0xff,0xff,0xff,0xfe,0xa4,0x00,0x00,0x00,0x00,0x00,
0x00,0x00,0x00,0x00,0x00,0x00,0x00,0x00,0x00,0x00,0x00,0x00,0x00,0x00,0x00,0x00,0x00,0x00,0x00,0x00,0x00,0x00,0x00,0x00,
0x16,0xad,0xff,0xff,0xff,0xff,0xff,0xff,0xfe,0xc9,0x40,0x00,0x00,0x00,0x00,0x00,0x00,0x00,0x00,0x00,0x00,0x00,0x00,0x00,
0x00,0x00,0x00,0x00,0x00,0x00,0x00,0x00,0x00,0x00,0x00,0x00,0x00,0x00,0x00,0x00,0x00,0x00,0x00,0x13,0x56,0x78,0x99,0x87,
0x65,0x20,0x00,0x00,0x00,0x00,0x00,0x00,0x00,0x00,0x00,0x00,0x00,0x00,0x00,0x00,0x00,0x00,0x00,0x00,0x00,0x00,0x00,0x00,
0x00,0x00,0x00,0x00,0x00,0x00,0x00,0x00,0x00,0x00,0x01,0x47,0x9c,0xcd,0xef,0xee,0xdc,0xa8,0x62,0x00,0x00,0x00,0x00,0x00,
0x00,0x00,0x00,0x00,0x00,0x00,0x00,0x00,0x00,0x00,0x00,0x00,0x00,0x00,0x00,0x00,0x00,0x00,0x00,0x00,0x00,0x00,0x00,0x00,
0x00,0x27,0xcf,0xff,0xff,0xff,0xff,0xff,0xff,0xff,0xff,0xea,0x51,0x00,0x00,0x00,0x00,0x00,0x00,0x00,0x00,0x00,0x00,0x00,
0x00,0x00,0x00,0x00,0x00,0x00,0x00,0x00,0x00,0x00,0x00,0x00,0x00,0x00,0x00,0x00,0x5c,0xff,0xff,0xff,0xff,0xff,0xff,0xff,
0xff,0xff,0xff,0xff,0xff,0x93,0x00,0x00,0x00,0x00,0x00,0x00,0x00,0x00,0x00,0x00,0x00,0x00,0x00,0x00,0x00,0x00,0x00,0x00,
0x00,0x00,0x00,0x00,0x00,0x00,0x00,0x6d,0xff,0xff,0xff,0xff,0xff,0xff,0xff,0xff,0xff,0xff,0xff,0xff,0xff,0xff,0xb2,0x00,
0x00,0x00,0x00,0x00,0x00,0x00,0x00,0x00,0x00,0x00,0x00,0x00,0x00,0x00,0x00,0x00,0x00,0x00,0x00,0x00,0x00,0x00,0x3d,0xff,
0xff,0xff,0xff,0xff,0xff,0xff,0xff,0xff,0xff,0xff,0xff,0xff,0xff,0xff,0xff,0x81,0x00,0x00,0x00,0x00,0x00,0x00,0x00,0x00,
0x00,0x00,0x00,0x00,0x00,0x00,0x00,0x00,0x00,0x00,0x00,0x00,0x00,0x18,0xff,0xff,0xff,0xff,0xff,0xff,0xff,0xff,0xff,0xff,
0xff,0xff,0xff,0xff,0xff,0xff,0xff,0xfd,0x30,0x00,0x00,0x00,0x00,0x00,0x00,0x00,0x00,0x00,0x00,0x00,0x00,0x00,0x00,0x00,
0x00,0x00,0x00,0x00,0x01,0xcf,0xff,0xff,0xff,0xff,0xff,0xff,0xff,0xff,0xff,0xff,0xff,0xff,0xff,0xff,0xff,0xff,0xff,0xff,
0xf6,0x00,0x00,0x00,0x00,0x00,0x00,0x00,0x00,0x00,0x00,0x00,0x00,0x00,0x00,0x00,0x00,0x00,0x00,0x00,0x2d,0xff,0xff,0xff,
0xff,0xff,0xff,0xff,0xff,0xff,0xff,0xff,0xff,0xff,0xff,0xff,0xff,0xff,0xff,0xff,0xff,0x70,0x00,0x00,0x00,0x00,0x00,0x00,
0x00,0x00,0x00,0x00,0x00,0x00,0x00,0x00,0x00,0x00,0x00,0x03,0xef,0xff,0xff,0xff,0xff,0xff,0xff,0xff,0xff,0xff,0xff,0xff,
0xff,0xff,0xff,0xff,0xff,0xff,0xff,0xff,0xff,0xf8,0x00,0x00,0x00,0x00,0x00,0x00,0x00,0x00,0x00,0x00,0x00,0x00,0x00,0x00,
0x00,0x00,0x00,0x2d,0xff,0xff,0xff,0xff,0xff,0xff,0xff,0xff,0xff,0xff,0xff,0xff,0xff,0xff,0xff,0xff,0xff,0xff,0xff,0xff,
0xff,0xff,0x60,0x00,0x00,0x00,0x00,0x00,0x00,0x00,0x00,0x00,0x00,0x00,0x00,0x00,0x00,0x00,0x01,0xcf,0xff,0xff,0xff,0xff,
0xff,0xff,0xff,0xff,0xfc,0xa9,0x76,0x79,0xac,0xff,0xff,0xff,0xff,0xff,0xff,0xff,0xff,0xff,0xf4,0x00,0x00,0x00,0x00,0x00,
0x00,0x00,0x00,0x00,0x00,0x00,0x00,0x00,0x00,0x00,0x0a,0xff,0xff,0xff,0xff,0xff,0xff,0xff,0xfe,0x95,0x10,0x00,0x00,0x00,
0x00,0x15,0x9e,0xff,0xff,0xff,0xff,0xff,0xff,0xff,0xfe,0x10,0x00,0x00,0x00,0x00,0x00,0x00,0x00,0x00,0x00,0x00,0x00,0x00,
0x00,0x00,0x5f,0xff,0xff,0xff,0xff,0xff,0xff,0xff,0x81,0x00,0x00,0x00,0x00,0x00,0x00,0x00,0x01,0x8f,0xff,0xff,0xff,0xff,
0xff,0xff,0xff,0xa0,0x00,0x00,0x00,0x00,0x00,0x00,0x00,0x00,0x00,0x00,0x00,0x00,0x00,0x01,0xdf,0xff,0xff,0xff,0xff,0xff,
0xff,0xb2,0x00,0x00,0x00,0x00,0x00,0x00,0x00,0x00,0x00,0x02,0xbf,0xff,0xff,0xff,0xff,0xff,0xff,0xf4,0x00,0x00,0x00,0x00,
0x00,0x00,0x00,0x00,0x00,0x00,0x00,0x00,0x00,0x09,0xff,0xff,0xff,0xff,0xff,0xff,0xfa,0x00,0x00,0x00,0x00,0x00,0x00,0x00,
0x00,0x00,0x00,0x00,0x0a,0xff,0xff,0xff,0xff,0xff,0xff,0xfc,0x00,0x00,0x00,0x00,0x00,0x00,0x00,0x00,0x00,0x00,0x00,0x00,
0x00,0x2f,0xff,0xff,0xff,0xff,0xff,0xff,0x80,0x00,0x00,0x00,0x00,0x00,0x00,0x00,0x00,0x00,0x00,0x00,0x00,0x9f,0xff,0xff,
0xff,0xff,0xff,0xff,0x60,0x00,0x00,0x00,0x00,0x00,0x00,0x00,0x00,0x00,0x00,0x00,0x00,0x8f,0xff,0xff,0xff,0xff,0xff,0xfa,
0x00,0x00,0x00,0x00,0x00,0x00,0x00,0x00,0x00,0x00,0x00,0x00,0x00,0x0b,0xff,0xff,0xff,0xff,0xff,0xff,0xc0,0x00,0x00,0x00,
0x00,0x00,0x00,0x00,0x00,0x00,0x00,0x00,0x01,0xef,0xff,0xff,0xff,0xff,0xff,0xd1,0x00,0x00,0x00,0x00,0x00,0x00,0x00,0x00,
0x00,0x00,0x00,0x00,0x00,0x01,0xef,0xff,0xff,0xff,0xff,0xff,0xf3,0x00,0x00,0x00,0x00,0x00,0x00,0x00,0x00,0x00,0x00,0x00,
0x06,0xff,0xff,0xff,0xff,0xff,0xff,0x30,0x00,0x00,0x00,0x00,0x00,0x00,0x00,0x00,0x00,0x00,0x00,0x00,0x00,0x00,0x5f,0xff,
0xff,0xff,0xff,0xff,0xf9,0x00,0x00,0x00,0x00,0x00,0x00,0x00,0x00,0x00,0x00,0x00,0x0b,0xff,0xff,0xff,0xff,0xff,0xfa,0x00,
0x00,0x00,0x00,0x00,0x00,0x00,0x00,0x00,0x00,0x00,0x00,0x00,0x00,0x00,0x0b,0xff,0xff,0xff,0xff,0xff,0xfe,0x00,0x00,0x00,
0x00,0x00,0x00,0x00,0x00,0x00,0x00,0x00,0x1f,0xff,0xff,0xff,0xff,0xff,0xf3,0x00,0x00,0x00,0x00,0x00,0x00,0x00,0x00,0x00,
0x00,0x00,0x00,0x00,0x00,0x00,0x05,0xff,0xff,0xff,0xff,0xff,0xff,0x30,0x00,0x00,0x00,0x00,0x00,0x00,0x00,0x00,0x00,0x00,
0x5f,0xff,0xff,0xff,0xff,0xff,0xb0,0x00,0x00,0x00,0x00,0x00,0x00,0x00,0x00,0x00,0x00,0x00,0x00,0x00,0x00,0x00,0x00,0xdf,
0xff,0xff,0xff,0xff,0xff,0x80,0x00,0x00,0x00,0x00,0x00,0x00,0x00,0x00,0x00,0x00,0x9f,0xff,0xff,0xff,0xff,0xff,0x50,0x00,
0x00,0x00,0x00,0x00,0x00,0x00,0x00,0x00,0x00,0x00,0x00,0x00,0x00,0x00,0x00,0x7f,0xff,0xff,0xff,0xff,0xff,0xb0,0x00,0x00,
0x00,0x00,0x00,0x00,0x00,0x00,0x00,0x00,0xcf,0xff,0xff,0xff,0xff,0xff,0x10,0x00,0x00,0x00,0x00,0x00,0x00,0x00,0x00,0x00,
0x00,0x00,0x00,0x00,0x00,0x00,0x00,0x3f,0xff,0xff,0xff,0xff,0xff,0xe0,0x00,0x00,0x00,0x00,0x00,0x00,0x00,0x00,0x00,0x00,
0xef,0xff,0xff,0xff,0xff,0xfd,0x00,0x00,0x00,0x00,0x00,0x00,0x00,0x00,0x00,0x00,0x00,0x00,0x00,0x00,0x00,0x00,0x00,0x0f,
0xff,0xff,0xff,0xff,0xff,0xf2,0x00,0x00,0x00,0x00,0x00,0x00,0x00,0x00,0x00,0x02,0xff,0xff,0xff,0xff,0xff,0xf9,0x00,0x00,
0x00,0x00,0x00,0x00,0x00,0x00,0x00,0x00,0x00,0x00,0x00,0x00,0x00,0x00,0x00,0x0c,0xff,0xff,0xff,0xff,0xff,0xf3,0x00,0x00,
0x00,0x00,0x00,0x00,0x00,0x00,0x00,0x04,0xff,0xff,0xff,0xff,0xff,0xf6,0x00,0x00,0x00,0x00,0x00,0x00,0x00,0x00,0x00,0x00,
0x00,0x00,0x00,0x00,0x00,0x00,0x00,0x08,0xff,0xff,0xff,0xff,0xff,0xf5,0x00,0x00,0x00,0x00,0x00,0x00,0x00,0x00,0x00,0x05,
0xff,0xff,0xff,0xff,0xff,0xf5,0x00,0x00,0x00,0x00,0x00,0x00,0x00,0x00,0x00,0x00,0x00,0x00,0x00,0x00,0x00,0x00,0x00,0x07,
0xff,0xff,0xff,0xff,0xff,0xf7,0x00,0x00,0x00,0x00,0x00,0x00,0x00,0x00,0x00,0x06,0xff,0xff,0xff,0xff,0xff,0xf4,0x00,0x00,
0x00,0x00,0x00,0x00,0x00,0x00,0x00,0x00,0x00,0x00,0x00,0x00,0x00,0x00,0x00,0x06,0xff,0xff,0xff,0xff,0xff,0xf7,0x00,0x00,
0x00,0x00,0x00,0x00,0x00,0x00,0x00,0x07,0xff,0xff,0xff,0xff,0xff,0xf3,0x00,0x00,0x00,0x00,0x00,0x00,0x00,0x00,0x00,0x00,
0x00,0x00,0x00,0x00,0x00,0x00,0x00,0x05,0xff,0xff,0xff,0xff,0xff,0xf8,0x00,0x00,0x00,0x00,0x00,0x00,0x00,0x00,0x00,0x08,
0xff,0xff,0xff,0xff,0xff,0xf2,0x00,0x00,0x00,0x00,0x00,0x00,0x00,0x00,0x00,0x00,0x00,0x00,0x00,0x00,0x00,0x00,0x00,0x04,
0xff,0xff,0xff,0xff,0xff,0xf9,0x00,0x00,0x00,0x00,0x00,0x00,0x00,0x00,0x00,0x08,0xff,0xff,0xff,0xff,0xff,0xf2,0x00,0x00,
0x00,0x00,0x00,0x00,0x00,0x00,0x00,0x00,0x00,0x00,0x00,0x00,0x00,0x00,0x00,0x04,0xff,0xff,0xff,0xff,0xff,0xf9,0x00,0x00,
0x00,0x00,0x00,0x00,0x00,0x00,0x00,0x08,0xff,0xff,0xff,0xff,0xff,0xf2,0x00,0x00,0x00,0x00,0x00,0x00,0x00,0x00,0x00,0x00,
0x00,0x00,0x00,0x00,0x00,0x00,0x00,0x04,0xff,0xff,0xff,0xff,0xff,0xf9,0x00,0x00,0x00,0x00,0x00,0x00,0x00,0x00,0x00,0x08,
0xff,0xff,0xff,0xff,0xff,0xf2,0x00,0x00,0x00,0x00,0x00,0x00,0x00,0x00,0x00,0x00,0x00,0x00,0x00,0x00,0x00,0x00,0x00,0x04,
0xff,0xff,0xff,0xff,0xff,0xf9,0x00,0x00,0x00,0x00,0x00,0x00,0x00,0x00,0x00,0x08,0xff,0xff,0xff,0xff,0xff,0xf2,0x00,0x00,
0x00,0x00,0x00,0x00,0x00,0x00,0x00,0x00,0x00,0x00,0x00,0x00,0x00,0x00,0x00,0x04,0xff,0xff,0xff,0xff,0xff,0xf9,0x00,0x00,
0x00,0x00,0x00,0x00,0x00,0x00,0x00,0x08,0xff,0xff,0xff,0xff,0xff,0xf2,0x00,0x00,0x00,0x00,0x00,0x00,0x00,0x00,0x00,0x00,
0x00,0x00,0x00,0x00,0x00,0x00,0x00,0x04,0xff,0xff,0xff,0xff,0xff,0xf9,0x00,0x00,0x00,0x00,0x00,0x00,0x00,0x00,0x00,0x08,
0xff,0xff,0xff,0xff,0xff,0xf2,0x00,0x00,0x00,0x00,0x00,0x00,0x00,0x00,0x00,0x00,0x00,0x00,0x00,0x00,0x00,0x00,0x00,0x04,
0xff,0xff,0xff,0xff,0xff,0xf9,0x00,0x00,0x00,0x00,0x00,0x00,0x00,0x00,0x00,0x08,0xff,0xff,0xff,0xff,0xff,0xf3,0x00,0x00,
0x00,0x00,0x00,0x00,0x00,0x00,0x00,0x00,0x00,0x00,0x00,0x00,0x00,0x00,0x00,0x05,0xff,0xff,0xff,0xff,0xff,0xf8,0x00,0x00,
0x00,0x00,0x00,0x00,0x00,0x00,0x00,0x07,0xff,0xff,0xff,0xff,0xff,0xf4,0x00,0x00,0x00,0x00,0x00,0x00,0x00,0x00,0x00,0x00,
0x00,0x00,0x00,0x00,0x00,0x00,0x00,0x06,0xff,0xff,0xff,0xff,0xff,0xf7,0x00,0x00,0x00,0x00,0x00,0x00,0x00,0x00,0x00,0x06,
0xff,0xff,0xff,0xff,0xff,0xf5,0x00,0x00,0x00,0x00,0x00,0x00,0x00,0x00,0x00,0x00,0x00,0x00,0x00,0x00,0x00,0x00,0x00,0x07,
0xff,0xff,0xff,0xff,0xff,0xf6,0x00,0x00,0x00,0x00,0x00,0x00,0x00,0x00,0x00,0x04,0xff,0xff,0xff,0xff,0xff,0xf6,0x00,0x00,
0x00,0x00,0x00,0x00,0x00,0x00,0x00,0x00,0x00,0x00,0x00,0x00,0x00,0x00,0x00,0x08,0xff,0xff,0xff,0xff,0xff,0xf4,0x00,0x00,
0x00,0x00,0x00,0x00,0x00,0x00,0x00,0x03,0xff,0xff,0xff,0xff,0xff,0xfa,0x00,0x00,0x00,0x00,0x00,0x00,0x00,0x00,0x00,0x00,
0x00,0x00,0x00,0x00,0x00,0x00,0x00,0x0b,0xff,0xff,0xff,0xff,0xff,0xf3,0x00,0x00,0x00,0x00,0x00,0x00,0x00,0x00,0x00,0x02,
0xff,0xff,0xff,0xff,0xff,0xfd,0x00,0x00,0x00,0x00,0x00,0x00,0x00,0x00,0x00,0x00,0x00,0x00,0x00,0x00,0x00,0x00,0x00,0x0e,
0xff,0xff,0xff,0xff,0xff,0xf2,0x00,0x00,0x00,0x00,0x00,0x00,0x00,0x00,0x00,0x01,0xff,0xff,0xff,0xff,0xff,0xff,0x20,0x00,
0x00,0x00,0x00,0x00,0x00,0x00,0x00,0x00,0x00,0x00,0x00,0x00,0x00,0x00,0x00,0x3f,0xff,0xff,0xff,0xff,0xff,0xd0,0x00,0x00,
0x00,0x00,0x00,0x00,0x00,0x00,0x00,0x00,0xcf,0xff,0xff,0xff,0xff,0xff,0x60,0x00,0x00,0x00,0x00,0x00,0x00,0x00,0x00,0x00,
0x00,0x00,0x00,0x00,0x00,0x00,0x00,0x7f,0xff,0xff,0xff,0xff,0xff,0xa0,0x00,0x00,0x00,0x00,0x00,0x00,0x00,0x00,0x00,0x00,
0x8f,0xff,0xff,0xff,0xff,0xff,0xc0,0x00,0x00,0x00,0x00,0x00,0x00,0x00,0x00,0x00,0x00,0x00,0x00,0x00,0x00,0x00,0x00,0xdf,
0xff,0xff,0xff,0xff,0xff,0x70,0x00,0x00,0x00,0x00,0x00,0x00,0x00,0x00,0x00,0x00,0x4f,0xff,0xff,0xff,0xff,0xff,0xf4,0x00,
0x00,0x00,0x00,0x00,0x00,0x00,0x00,0x00,0x00,0x00,0x00,0x00,0x00,0x00,0x05,0xff,0xff,0xff,0xff,0xff,0xff,0x30,0x00,0x00,
0x00,0x00,0x00,0x00,0x00,0x00,0x00,0x00,0x1f,0xff,0xff,0xff,0xff,0xff,0xfb,0x00,0x00,0x00,0x00,0x00,0x00,0x00,0x00,0x00,
0x00,0x00,0x00,0x00,0x00,0x00,0x0b,0xff,0xff,0xff,0xff,0xff,0xfe,0x00,0x00,0x00,0x00,0x00,0x00,0x00,0x00,0x00,0x00,0x00,
0x0c,0xff,0xff,0xff,0xff,0xff,0xff,0x50,0x00,0x00,0x00,0x00,0x00,0x00,0x00,0x00,0x00,0x00,0x00,0x00,0x00,0x00,0x5f,0xff,
0xff,0xff,0xff,0xff,0xfa,0x00,0x00,0x00,0x00,0x00,0x00,0x00,0x00,0x00,0x00,0x00,0x07,0xff,0xff,0xff,0xff,0xff,0xff,0xe2,
0x00,0x00,0x00,0x00,0x00,0x00,0x00,0x00,0x00,0x00,0x00,0x00,0x00,0x02,0xef,0xff,0xff,0xff,0xff,0xff,0xf5,0x00,0x00,0x00,
0x00,0x00,0x00,0x00,0x00,0x00,0x00,0x00,0x01,0xef,0xff,0xff,0xff,0xff,0xff,0xfc,0x00,0x00,0x00,0x00,0x00,0x00,0x00,0x00,
0x00,0x00,0x00,0x00,0x00,0x0c,0xff,0xff,0xff,0xff,0xff,0xff,0xe0,0x00,0x00,0x00,0x00,0x00,0x00,0x00,0x00,0x00,0x00,0x00,
0x00,0x8f,0xff,0xff,0xff,0xff,0xff,0xff,0xb1,0x00,0x00,0x00,0x00,0x00,0x00,0x00,0x00,0x00,0x00,0x00,0x01,0xaf,0xff,0xff,
0xff,0xff,0xff,0xff,0x90,0x00,0x00,0x00,0x00,0x00,0x00,0x00,0x00,0x00,0x00,0x00,0x00,0x2f,0xff,0xff,0xff,0xff,0xff,0xff,
0xfc,0x10,0x00,0x00,0x00,0x00,0x00,0x00,0x00,0x00,0x00,0x00,0x1c,0xff,0xff,0xff,0xff,0xff,0xff,0xff,0x40,0x00,0x00,0x00,
0x00,0x00,0x00,0x00,0x00,0x00,0x00,0x00,0x00,0x09,0xff,0xff,0xff,0xff,0xff,0xff,0xff,0xd5,0x00,0x00,0x00,0x00,0x00,0x00,
0x00,0x00,0x00,0x04,0xdf,0xff,0xff,0xff,0xff,0xff,0xff,0xfd,0x00,0x00,0x00,0x00,0x00,0x00,0x00,0x00,0x00,0x00,0x00,0x00,
0x00,0x02,0xef,0xff,0xff,0xff,0xff,0xff,0xff,0xff,0xc4,0x00,0x00,0x00,0x00,0x00,0x00,0x00,0x03,0xbf,0xff,0xff,0xff,0xff,
0xff,0xff,0xff,0xf7,0x00,0x00,0x00,0x00,0x00,0x00,0x00,0x00,0x00,0x00,0x00,0x00,0x00,0x00,0x5f,0xff,0xff,0xff,0xff,0xff,
0xff,0xff,0xff,0xd9,0x41,0x00,0x00,0x00,0x00,0x48,0xdf,0xff,0xff,0xff,0xff,0xff,0xff,0xff,0xff,0xe1,0x00,0x00,0x00,0x00,
0x00,0x00,0x00,0x00,0x00,0x00,0x00,0x00,0x00,0x00,0x09,0xff,0xff,0xff,0xff,0xff,0xff,0xff,0xff,0xff,0xff,0xed,0xba,0xbd,
0xef,0xff,0xff,0xff,0xff,0xff,0xff,0xff,0xff,0xff,0xff,0x90,0x00,0x00,0x00,0x00,0x00,0x00,0x00,0x00,0x00,0x00,0x00,0x00,
0x00,0x00,0x00,0xcf,0xff,0xff,0xff,0xff,0xff,0xff,0xff,0xff,0xff,0xff,0xff,0xff,0xff,0xff,0xff,0xff,0xff,0xff,0xff,0xff,
0xff,0xff,0xff,0x20,0x00,0x00,0x00,0x00,0x00,0x00,0x00,0x00,0x00,0x00,0x00,0x00,0x00,0x00,0x00,0x2e,0xff,0xff,0xff,0xff,
0xff,0xff,0xff,0xff,0xff,0xff,0xff,0xff,0xff,0xff,0xff,0xff,0xff,0xff,0xff,0xff,0xff,0xff,0xfa,0x00,0x00,0x00,0x00,0x00,
0x00,0x00,0x00,0x00,0x00,0x00,0x00,0x00,0x00,0x00,0x00,0x03,0xef,0xff,0xff,0xff,0xff,0xff,0xff,0xff,0xff,0xff,0xff,0xff,
0xff,0xff,0xff,0xff,0xff,0xff,0xff,0xff,0xff,0xff,0xf4,0x00,0x00,0x00,0x00,0x00,0x00,0x00,0x00,0x00,0x00,0x00,0x00,0x00,
0x00,0x00,0x00,0x00,0x3d,0xff,0xff,0xff,0xff,0xff,0xff,0xff,0xff,0xff,0xff,0xff,0xff,0xff,0xff,0xff,0xff,0xff,0xff,0xff,
0xff,0xff,0xc0,0x00,0x00,0x00,0x00,0x00,0x00,0x00,0x00,0x00,0x00,0x00,0x00,0x00,0x00,0x00,0x00,0x00,0x01,0xbf,0xff,0xff,
0xff,0xff,0xff,0xff,0xff,0xff,0xff,0xff,0xff,0xff,0xff,0xff,0xff,0xff,0xff,0xff,0xff,0xff,0x40,0x00,0x00,0x00,0x00,0x00,
0x00,0x00,0x00,0x00,0x00,0x00,0x00,0x00,0x00,0x00,0x00,0x00,0x00,0x07,0xff,0xff,0xff,0xff,0xff,0xff,0xff,0xff,0xff,0xff,
0xff,0xff,0xff,0xff,0xff,0xff,0xff,0xff,0xff,0xfc,0x00,0x00,0x00,0x00,0x00,0x00,0x00,0x00,0x00,0x00,0x00,0x00,0x00,0x00,
0x00,0x00,0x00,0x00,0x00,0x00,0x2b,0xff,0xff,0xff,0xff,0xff,0xff,0xff,0xff,0xff,0xff,0xff,0xff,0xdf,0xff,0xff,0xff,0xff,
0xff,0xf5,0x00,0x00,0x00,0x00,0x00,0x00,0x00,0x00,0x00,0x00,0x00,0x00,0x00,0x00,0x00,0x00,0x00,0x00,0x00,0x00,0x00,0x3a,
0xff,0xff,0xff,0xff,0xff,0xff,0xff,0xff,0xff,0xff,0xd6,0x8f,0xff,0xff,0xff,0xff,0xff,0xc0,0x00,0x00,0x00,0x00,0x00,0x00,
0x00,0x00,0x00,0x00,0x00,0x00,0x00,0x00,0x00,0x00,0x00,0x00,0x00,0x00,0x00,0x00,0x16,0xbf,0xff,0xff,0xff,0xff,0xff,0xff,
0xfe,0xa4,0x01,0xef,0xff,0xff,0xff,0xff,0xff,0x50,0x00,0x00,0x00,0x00,0x00,0x00,0x00,0x00,0x00,0x00,0x00,0x00,0x00,0x00,
0x00,0x00,0x00,0x00,0x00,0x00,0x00,0x00,0x00,0x00,0x46,0x9b,0xcc,0xdd,0xcb,0x96,0x30,0x00,0x07,0xff,0xff,0xff,0xff,0xff,
0xfc,0x00,0x00,0x00,0x00,0x00,0x00,0x00,0x00,0x00,0x00,0x00,0x00,0x00,0x00,0x00,0x00,0x00,0x00,0x00,0x00,0x00,0x00,0x00,
0x00,0x00,0x00,0x00,0x00,0x00,0x00,0x00,0x00,0x00,0x1e,0xff,0xff,0xff,0xff,0xff,0xf5,0x00,0x00,0x00,0x00,0x00,0x00,0x00,
0x00,0x00,0x00,0x00,0x00,0x00,0x00,0x00,0x00,0x00,0x00,0x00,0x00,0x00,0x00,0x00,0x00,0x00,0x00,0x00,0x00,0x00,0x00,0x00,
0x00,0x00,0x7f,0xff,0xff,0xff,0xff,0xff,0xd0,0x00,0x00,0x00,0x00,0x00,0x00,0x00,0x00,0x00,0x00,0x00,0x00,0x00,0x00,0x00,
0x00,0x00,0x00,0x00,0x00,0x00,0x00,0x00,0x00,0x00,0x00,0x00,0x00,0x00,0x00,0x00,0x00,0x01,0xef,0xff,0xff,0xff,0xff,0xff,
0x50,0x00,0x00,0x00,0x00,0x00,0x00,0x00,0x00,0x00,0x00,0x00,0x00,0x00,0x00,0x00,0x00,0x00,0x00,0x00,0x00,0x00,0x00,0x00,
0x00,0x00,0x00,0x00,0x00,0x00,0x00,0x00,0x00,0x07,0xff,0xff,0xff,0xff,0xff,0xfd,0x00,0x00,0x00,0x00,0x00,0x00,0x00,0x00,
0x00,0x00,0x00,0x00,0x00,0x00,0x00,0x00,0x00,0x00,0x00,0x00,0x00,0x00,0x00,0x00,0x00,0x00,0x00,0x00,0x00,0x00,0x00,0x00,
0x00,0x1e,0xff,0xff,0xff,0xff,0xff,0xf5,0x00,0x00,0x00,0x00,0x00,0x00,0x00,0x00,0x00,0x00,0x00,0x00,0x00,0x00,0x00,0x00,
0x00,0x00,0x00,0x00,0x00,0x00,0x00,0x00,0x00,0x00,0x00,0x00,0x00,0x00,0x00,0x00,0x00,0x6f,0xff,0xff,0xff,0xff,0xff,0xd0,
0x00,0x00,0x00,0x00,0x00,0x00,0x00,0x00,0x00,0x00,0x00,0x00,0x00,0x00,0x00,0x00,0x00,0x00,0x00,0x00,0x00,0x00,0x00,0x00,
0x00,0x00,0x00,0x00,0x00,0x00,0x00,0x00,0x00,0xdf,0xff,0xff,0xff,0xff,0xff,0x60,0x00,0x00,0x00,0x00,0x00,0x00,0x00,0x00,
0x00,0x00,0x00,0x00,0x00,0x00,0x00,0x00,0x00,0x00,0x00,0x00,0x00,0x00,0x00,0x00,0x00,0x00,0x00,0x00,0x00,0x00,0x00,0x00,
0x06,0xff,0xff,0xff,0xff,0xff,0xfd,0x00,0x00,0x00,0x00,0x00,0x00,0x00,0x00,0x00,0x00,0x00,0x00,0x00,0x00,0x00,0x00,0x00,
0x00,0x00,0x00,0x00,0x00,0x00,0x00,0x00,0x00,0x00,0x00,0x00,0x00,0x00,0x00,0x00,0x0d,0xff,0xff,0xff,0xff,0xff,0xf6,0x00,
0x00,0x00,0x00,0x00,0x00,0x00,0x00,0x00,0x00,0x00,0x00,0x00,0x00,0x00,0x00,0x00,0x00,0x00,0x00,0x00,0x00,0x00,0x00,0x00,
0x00,0x00,0x00,0x00,0x00,0x00,0x00,0x00,0x6f,0xff,0xff,0xff,0xff,0xff,0xd0,0x00,0x00,0x00,0x00,0x00,0x00,0x00,0x00,0x00,
0x00,0x00,0x00,0x00,0x00,0x00,0x00,0x00,0x00,0x00,0x00,0x00,0x00,0x00,0x00,0x00,0x00,0x00,0x00,0x00,0x00,0x00,0x00,0x00,
0xdf,0xff,0xff,0xff,0xff,0xff,0x60,0x00,0x00,0x00,0x00,0x00,0x00,0x00,0x00,0x00,0x00,0x00,0x00,0x00,0x00,0x00,0x00,0x00,
0x00,0x00,0x00,0x00,0x00,0x00,0x00,0x00,0x00,0x00,0x00,0x00,0x00,0x00,0x00,0x05,0xff,0xff,0xff,0xff,0xff,0xfd,0x00,0x00,
0x00,0x00,0x00,0x00,0x00,0x00,0x00,0x00,0x00,0x00,0x00,0x00,0x00,0x00,0x00,0x00,0x00,0x00,0x00,0x00,0x00,0x00,0x00,0x00,
0x00,0x00,0x00,0x00,0x00,0x00,0x00,0x0d,0xff,0xff,0xff,0xff,0xff,0xf6,0x00,0x00,0x00,0x00,0x00,0x00,0x00,0x00,0x00,0x00,
0x00,0x00,0x00,0x00,0x00,0x00,0x00,0x00,0x00,0x00,0x00,0x00,0x00,0x00,0x00,0x00,0x00,0x00,0x00,0x00,0x00,0x00,0x00,0x5f,
0xff,0xff,0xff,0xff,0xff,0xe0,0x00,0x00,0x00,0x00,0x00,0x00,0x00,0x00,0x00,0x00,0x00,0x00,0x00,0x00,0x00,0x00,0x00,0x00,
0x00,0x00,0x00,0x00,0x00,0x00,0x00,0x00,0x00,0x00,0x00,0x00,0x00,0x00,0x00,0xcf,0xff,0xff,0xff,0xff,0xff,0x70,0x00,0x00,
0x00,0x00,0x00,0x00,0x00,0x00,0x00,0x00,0x00,0x00,0x00,0x00,0x00,0x00,0x00,0x00,0x00,0x00,0x00,0x00,0x00,0x00,0x00,0x00,
0x00,0x00,0x00,0x00,0x00,0x00,0x05,0xff,0xff,0xff,0xff,0xff,0xfe,0x10,0x00,0x00,0x00,0x00,0x00,0x00,0x00,0x00,0x00,0x00,
0x00,0x00,0x00,0x00,0x00,0x00,0x00,0x00,0x00,0x00,0x00,0x00,0x00,0x00,0x00,0x00,0x00,0x00,0x00,0x00,0x00,0x00,0x0c,0xff,
0xff,0xff,0xff,0xff,0xf7,0x00,0x00,0x00,0x00,0x00,0x00,0x00,0x00,0x00,0x00,0x00,0x00,0x00,0x00,0x00,0x00,0x00,0x00,0x00,
0x00,0x00,0x00,0x00,0x00,0x00,0x00,0x00,0x00,0x00,0x00,0x00,0x00,0x00,0x4f,0xff,0xff,0xff,0xff,0xff,0xe1,0x00,0x00,0x00,
0x00,0x00,0x00,0x00,0x00,0x00,0x00,0x00,0x00,0x00,0x00,0x00,0x00,0x00,0x00,0x00,0x00,0x00,0x00,0x00,0x00,0x00,0x00,0x00,
0x00,0x00,0x00,0x00,0x00,0x00,0xcf,0xff,0xff,0xff,0xff,0xff,0x70,0x00,0x00,0x00,0x00,0x00,0x00,0x00,0x00,0x00,0x00,0x00,
0x00,0x00,0x00,0x00,0x00,0x00,0x00,0x00,0x00,0x00,0x00,0x00,0x00,0x00,0x00,0x00,0x00,0x00,0x00,0x00,0x00,0x04,0xff,0xff,
0xff,0xff,0xff,0xfe,0x10,0x00,0x00,0x00,0x00,0x00,0x00,0x00,0x00,0x00,0x00,0x00,0x00,0x00,0x00,0x00,0x00,0x00,0x00,0x00,
0x00,0x00,0x00,0x00,0x00,0x00,0x00,0x00,0x00,0x00,0x00,0x00,0x00,0x0b,0xff,0xff,0xff,0xff,0xff,0xf7,0x00,0x00,0x00,0x00,
0x00,0x00,0x00,0x00,0x00,0x00,0x00,0x00,0x00,0x00,0x00,0x00,0x00,0x00,0x00,0x00,0x00,0x00,0x00,0x00,0x00,0x00,0x00,0x00,
0x00,0x00,0x00,0x00,0x00,0x4f,0xff,0xff,0xff,0xff,0xff,0xe1,0x00,0x00,0x00,0x00,0x00,0x00,0x00,0x00,0x00,0x00,0x00,0x00,
0x00,0x00,0x00,0x00,0x00,0x00,0x00,0x00,0x00,0x00,0x00,0x00,0x00,0x00,0x00,0x00,0x00,0x00,0x00,0x00,0x00,0xbf,0xff,0xff,
0xff,0xff,0xff,0x80,0x00,0x00,0x00,0x00,0x00,0x00,0x00,0x00,0x00,0x00,0x00,0x00,0x00,0x00,0x00,0x00,0x00,0x00,0x00,0x00,
0x00,0x00,0x00,0x00,0x00,0x00,0x00,0x00,0x00,0x00,0x00,0x00,0x03,0xff,0xff,0xff,0xff,0xff,0xfe,0x10,0x00,0x00,0x00,0x00,
0x00,0x00,0x00,0x00,0x00,0x00,0x00,0x00,0x00,0x00,0x00,0x00,0x00,0x00,0x00,0x00,0x00,0x00,0x00,0x00,0x00,0x00,0x00,0x00,
0x00,0x00,0x00,0x00,0x0b,0xff,0xff,0xff,0xff,0xff,0xf8,0x00,0x00,0x00,0x00,0x00,0x00,0x00,0x00,0x00,0x00,0x00,0x00,0x00,
0x00,0x00,0x00,0x00,0x00,0x00,0x00,0x00,0x00,0x00,0x00,0x00,0x00,0x00,0x00,0x00,0x00,0x00,0x00,0x00,0x3f,0xff,0xff,0xff,
0xff,0xff,0xe1,0x00,0x00,0x00,0x00,0x00,0x00,0x00,0x00,0x00,0x00,0x00,0x00,0x00,0x00,0x00,0x00,0x00,0x00,0x00,0x00,0x00,
0x00,0x00,0x00,0x00,0x00,0x00,0x00,0x00,0x00,0x00,0x00,0x00,0xaf,0xff,0xff,0xff,0xff,0xff,0x80,0x00,0x00,0x00,0x00,0x00,
0x00,0x00,0x00,0x00,0x00,0x00,0x00,0x00,0x00,0x00,0x00,0x00,0x00,0x00,0x00,0x00,0x00,0x00,0x00,0x00,0x00,0x00,0x00,0x00,
0x00,0x00,0x00,0x03,0xff,0xff,0xff,0xff,0xff,0xfe,0x10,0x00,0x00,0x00,0x00,0x00,0x00,0x00,0x00,0x00,0x00,0x00,0x00,0x00,
0x00,0x00,0x00,0x00,0x00,0x00,0x00,0x00,0x00,0x00,0x00,0x00,0x00,0x00,0x00,0x00,0x00,0x00,0x00,0x0a,0xff,0xff,0xff,0xff,
0xff,0xf8,0x00,0x00,0x00,0x00,0x00,0x00,0x00,0x00,0x00,0x00,0x00,0x00,0x00,0x00,0x00,0x00,0x00,0x00,0x00,0x00,0x00,0x00,
0x00,0x00,0x00,0x00,0x00,0x00,0x00,0x00,0x00,0x00,0x00,0x2f,0xff,0xff,0xff,0xff,0xff,0xf1,0x00,0x00,0x00,0x00,0x00,0x00,
0x00,0x00,0x00,0x00,0x00,0x00,0x00,0x00,0x00,0x00,0x00,0x00,0x00,0x00,0x00,0x00,0x00,0x00,0x00,0x00,0x00,0x00,0x00,0x00,
0x00,0x00,0x00,0xaf,0xff,0xff,0xff,0xff,0xff,0x90,0x00,0x00,0x00,0x00,0x00,0x00,0x00,0x00,0x00,0x00,0x00,0x00,0x00,0x00,
0x00,0x00,0x00,0x00,0x00,0x00,0x00,0x00,0x00,0x00,0x00,0x00,0x00,0x00,0x00,0x00,0x00,0x00,0x02,0xff,0xff,0xff,0xff,0xff,
0xff,0x20,0x00,0x00,0x00,0x00,0x00,0x00,0x00,0x00,0x00,0x00,0x00,0x00,0x00,0x00,0x00,0x00,0x00,0x00,0x00,0x00,0x00,0x00,
0x00,0x00,0x00,0x00,0x00,0x00,0x00,0x00,0x00,0x00,0x09,0xff,0xff,0xff,0xff,0xff,0xf9,0x00,0x00,0x00,0x00,0x00,0x00,0x00,
0x00,0x00,0x00,0x00,0x00,0x00,0x00,0x00,0x00,0x00,0x00,0x00,0x00,0x00,0x00,0x00,0x00,0x00,0x00,0x00,0x00,0x00,0x00,0x00,
0x00,0x00,0x2f,0xff,0xff,0xff,0xff,0xff,0xf2,0x00,0x00,0x00,0x00,0x00,0x00,0x00,0x00,0x00,0x00,0x00,0x00,0x00,0x00,0x00,
0x00,0x00,0x00,0x00,0x00,0x00,0x00,0x00,0x00,0x00,0x00,0x00,0x00,0x00,0x00,0x00,0x00,0x00,0x9f,0xff,0xff,0xff,0xff,0xff,
0x90,0x00,0x00,0x00,0x00,0x00,0x00,0x00,0x00,0x00,0x00,0x00,0x00,0x00,0x00,0x00,0x00,0x00,0x00,0x00,0x00,0x00,0x00,0x00,
0x00,0x00,0x00,0x00,0x00,0x00,0x00,0x00,0x00,0x02,0xff,0xff,0xff,0xff,0xff,0xff,0x20,0x00,0x00,0x00,0x00,0x00,0x00,0x00,
0x00,0x00,0x00,0x00,0x00,0x00,0x00,0x00,0x00,0x00,0x00,0x00,0x00,0x00,0x00,0x00,0x00,0x00,0x00,0x00,0x00,0x00,0x00,0x00,
0x00,0x09,0xff,0xff,0xff,0xff,0xff,0xf9,0x00,0x00,0x00,0x00,0x00,0x00,0x00,0x00,0x00,0x00,0x00,0x00,0x00,0x00,0x00,0x00,
0x00,0x00,0x00,0x00,0x00,0x00,0x00,0x00,0x00,0x00,0x00,0x00,0x00,0x00,0x00,0x00,0x00,0x1f,0xff,0xff,0xff,0xff,0xff,0xf2,
0x00,0x00,0x00,0x00,0x00,0x00,0x00,0x00,0x00,0x00,0x00,0x00,0x00,0x00,0x00,0x00,0x00,0x00,0x00,0x00,0x00,0x00,0x00,0x00,
0x00,0x00,0x00,0x00,0x00,0x00,0x00,0x00,0x00,0x8f,0xff,0xff,0xff,0xff,0xff,0x90,0x00,0x00,0x00,0x00,0x00,0x00,0x00,0x00,
0x00,0x00,0x00,0x00,0x00,0x00,0x00,0x00,0x00,0x00,0x00,0x00,0x00,0x00,0x00,0x00,0x00,0x00,0x00,0x00,0x00,0x00,0x00,0x00,
0x01,0xef,0xff,0xff,0xff,0xff,0xff,0x20,0x00,0x00,0x00,0x00,0x00,0x00,0x00,0x00,0x00,0x00,0x00,0x00,0x00,0x00,0x00,0x00,
0x00,0x00,0x00,0x00,0x00,0x00,0x00,0x00,0x00,0x00,0x00,0x00,0x00,0x00,0x00,0x00,0x08,0xff,0xff,0xff,0xff,0xff,0xfa,0x00,
0x00,0x00,0x00,0x00,0x00,0x00,0x00,0x00,0x00,0x00,0x00,0x00,0x00,0x00,0x00,0x00,0x00,0x00,0x00,0x00,0x00,0x00,0x00,0x00,
0x00,0x00,0x00,0x00,0x00,0x00,0x00,0x00,0x1e,0xff,0xff,0xff,0xff,0xff,0xf2,0x00,0x00,0x00,0x00,0x00,0x00,0x00,0x00,0x00,
0x00,0x00,0x00,0x00,0x00,0x00,0x00,0x00,0x00,0x00,0x00,0x00,0x00,0x00,0x00,0x00,0x00,0x00,0x00,0x00,0x00,0x00,0x00,0x00,
0x8f,0xff,0xff,0xff,0xff,0xff,0xa0,0x00,0x00,0x00,0x00,0x00,0x00,0x00,0x00,0x00,0x00,0x00,0x00,0x00,0x00,0x00,0x00,0x00,
0x00,0x00,0x00,0x00,0x00,0x00,0x00,0x00,0x00,0x00,0x00,0x00,0x00,0x00,0x00,0x01,0xef,0xff,0xff,0xff,0xff,0xff,0x30,0x00,
0x00,0x00,0x00,0x00,0x00,0x00,0x00,0x00,0x00,0x00,0x00,0x00,0x00,0x00,0x00,0x00,0x00,0x00,0x00,0x00,0x00,0x00,0x00,0x00,
0x00,0x00,0x00,0x00,0x00,0x00,0x00,0x07,0xff,0xff,0xff,0xff,0xff,0xfa,0x00,0x00,0x00,0x00,0x00,0x00,0x00,0x00,0x00,0x00,
0x00,0x00,0x00,0x00,0x00,0x00,0x00,0x00,0x00,0x00,0x00,
};
#endif

static const lv_font_fmt_txt_glyph_dsc_t product_number_160_glyphs[]={
{.bitmap_index=0,.adv_w=0,.box_w=0,.box_h=0,.ofs_x=0,.ofs_y=0},
{.bitmap_index=0,.adv_w=1312,.box_w=79,.box_h=114,.ofs_x=1,.ofs_y=-2},
{.bitmap_index=4560,.adv_w=1312,.box_w=53,.box_h=111,.ofs_x=14,.ofs_y=0},
{.bitmap_index=7557,.adv_w=1312,.box_w=75,.box_h=112,.ofs_x=3,.ofs_y=0},
{.bitmap_index=11813,.adv_w=1312,.box_w=79,.box_h=114,.ofs_x=1,.ofs_y=-2},
{.bitmap_index=16373,.adv_w=1312,.box_w=80,.box_h=111,.ofs_x=1,.ofs_y=0},
{.bitmap_index=20813,.adv_w=1312,.box_w=77,.box_h=113,.ofs_x=2,.ofs_y=-2},
{.bitmap_index=25220,.adv_w=1312,.box_w=79,.box_h=113,.ofs_x=1,.ofs_y=-2},
{.bitmap_index=29740,.adv_w=1312,.box_w=69,.box_h=111,.ofs_x=6,.ofs_y=0},
{.bitmap_index=33625,.adv_w=1312,.box_w=82,.box_h=114,.ofs_x=0,.ofs_y=-2},
{.bitmap_index=38299,.adv_w=1312,.box_w=79,.box_h=112,.ofs_x=1,.ofs_y=0},
};

static const lv_font_fmt_txt_cmap_t product_number_160_map[]={{.range_start=48,.range_length=10,.glyph_id_start=1,.type=LV_FONT_FMT_TXT_CMAP_FORMAT0_TINY}};

static lv_font_fmt_txt_dsc_t product_number_160_dsc={
#if !NOODOE_PRODUCT
.glyph_bitmap=product_number_160_bitmap,
#endif
.glyph_dsc=product_number_160_glyphs,.cmaps=product_number_160_map,.cmap_num=1,.bpp=4,.bitmap_format=0,.stride=1};

const lv_font_t product_number_160={.get_glyph_dsc=lv_font_get_glyph_dsc_fmt_txt,.get_glyph_bitmap=lv_font_get_bitmap_fmt_txt,.line_height=118,.base_line=4,.dsc=&product_number_160_dsc};

/* Return a prebuilt font; unsupported sizes return NULL, never a scaled substitute. */
const lv_font_t *Product_NumberFont(uint32_t pixels)
{
    switch(pixels){
    case 20U:return &product_number_20;
    case 32U:return &product_number_32;
    case 36U:return &product_number_36;
    case 40U:return &product_number_40;
    case 48U:return &product_number_48;
    case 64U:return &product_number_64;
    case 160U:return &product_number_160;
    default:return NULL;
    }
}

uint32_t Product_NumberFontsBind(void)
{
#if NOODOE_PRODUCT
    static const ProductFontBinding bindings[]={{RESOURCE_PRODUCT_NUMBER_20,&product_number_20_dsc},{RESOURCE_PRODUCT_NUMBER_32,&product_number_32_dsc},{RESOURCE_PRODUCT_NUMBER_36,&product_number_36_dsc},{RESOURCE_PRODUCT_NUMBER_40,&product_number_40_dsc},{RESOURCE_PRODUCT_NUMBER_48,&product_number_48_dsc},{RESOURCE_PRODUCT_NUMBER_64,&product_number_64_dsc},{RESOURCE_PRODUCT_NUMBER_160,&product_number_160_dsc}};
    return Product_FontsBindTable(bindings,sizeof(bindings)/sizeof(bindings[0]));
#endif
    return 1;
}
