/* Generated by tools/product_fonts.py. Source/license: Graphics/Assets/Fonts/source/lato/Lato-Regular.ttf. */

#include "Product_TextFonts.h"

#if NOODOE_PRODUCT
#include "Resources.h"
#include "Product_FontBinding.h"
#endif

#if !NOODOE_PRODUCT
static const uint8_t product_text_16_bitmap[]={
0x08,0xd0,0x08,0xd0,0x08,0xd0,0x08,0xd0,0x08,0xd0,0x07,0xc0,0x06,0xa0,0x00,0x00,0x00,0x00,0x0a,0xd1,0x0a,0xd1,0x0f,0x45,
0xe0,0x0f,0x45,0xe0,0x0e,0x35,0xd0,0x0c,0x12,0xb0,0x00,0x00,0x00,0x00,0x00,0x00,0x00,0x00,0x00,0x00,0x00,0x00,0x00,0x00,
0x00,0x00,0x00,0x00,0x00,0x00,0x00,0x00,0x08,0x90,0x7a,0x00,0x00,0x0c,0x50,0xa8,0x00,0x00,0x1f,0x20,0xe4,0x00,0x1e,0xff,
0xff,0xff,0xb0,0x00,0x6c,0x04,0xe0,0x00,0x00,0x99,0x06,0xb0,0x00,0x00,0xb6,0x09,0x90,0x00,0x7f,0xff,0xff,0xff,0x40,0x01,
0xf1,0x0e,0x30,0x00,0x05,0xd0,0x3f,0x00,0x00,0x08,0x80,0x5c,0x00,0x00,0x00,0x00,0x2a,0x00,0x00,0x00,0x00,0x4a,0x00,0x00,
0x00,0x4c,0xff,0xb4,0x00,0x04,0xf7,0x89,0x7b,0x00,0x09,0xb0,0x76,0x00,0x00,0x09,0xc0,0x85,0x00,0x00,0x03,0xec,0xc5,0x00,
0x00,0x00,0x29,0xef,0xb3,0x00,0x00,0x00,0xb6,0xbe,0x20,0x00,0x00,0xc1,0x1f,0x60,0x01,0x00,0xd0,0x1f,0x40,0x1e,0xa4,0xe4,
0xcc,0x00,0x02,0xbf,0xfe,0x91,0x00,0x00,0x02,0xc0,0x00,0x00,0x00,0x03,0xa0,0x00,0x00,0x05,0xde,0xa1,0x00,0x06,0xd1,0x00,
0x1e,0x41,0xa8,0x00,0x3e,0x30,0x00,0x4d,0x00,0x6b,0x01,0xd6,0x00,0x00,0x1e,0x31,0xa8,0x0b,0x90,0x00,0x00,0x05,0xde,0xa1,
0x7c,0x00,0x00,0x00,0x00,0x00,0x04,0xe2,0x00,0x00,0x00,0x00,0x00,0x2e,0x42,0xbe,0xc3,0x00,0x00,0x00,0xc8,0x0b,0x81,0x6d,
0x00,0x00,0x09,0xb0,0x0e,0x30,0x0f,0x10,0x00,0x6d,0x10,0x0b,0x80,0x6d,0x00,0x03,0xe3,0x00,0x02,0xbe,0xc3,0x00,0x00,0x07,
0xde,0xb3,0x00,0x00,0x00,0x7e,0x31,0x8e,0x10,0x00,0x00,0xa9,0x00,0x05,0x10,0x00,0x00,0x7d,0x00,0x00,0x00,0x00,0x00,0x2e,
0xa0,0x00,0x00,0x00,0x03,0xea,0xda,0x00,0x4e,0x00,0x0d,0x90,0x2d,0xb0,0x7b,0x00,0x3f,0x30,0x02,0xdb,0xd6,0x00,0x3f,0x40,
0x00,0x2e,0xf1,0x00,0x0b,0xd3,0x03,0xad,0xdb,0x00,0x01,0x9e,0xfd,0x81,0x2d,0xb0,0x0f,0x40,0x0f,0x40,0x0e,0x30,0x0c,0x10,
0x00,0x00,0x00,0x00,0x00,0x00,0x00,0x00,0x00,0x00,0x00,0x00,0x00,0x00,0x00,0x12,0x00,0x99,0x02,0xf3,0x08,0xc0,0x0d,0x70,
0x1f,0x30,0x3f,0x10,0x4f,0x00,0x4f,0x00,0x3f,0x10,0x1f,0x30,0x0c,0x70,0x07,0xc0,0x02,0xf4,0x00,0x8a,0x00,0x11,0x02,0x00,
0x6d,0x00,0x1e,0x60,0x08,0xc0,0x03,0xf1,0x00,0xe5,0x00,0xc7,0x00,0xb8,0x00,0xb8,0x00,0xc7,0x00,0xe4,0x03,0xf1,0x08,0xb0,
0x1e,0x50,0x6c,0x00,0x02,0x00,0x00,0x0b,0x00,0x00,0x0a,0x6b,0x88,0x00,0x00,0xaf,0x80,0x00,0x0a,0x6b,0x87,0x00,0x00,0x0b,
0x00,0x00,0x00,0x00,0x00,0x00,0x00,0x00,0x00,0x00,0x00,0x00,0x00,0x00,0x00,0x00,0x00,0x00,0x00,0x00,0x00,0x00,0x00,0x00,
0x00,0x00,0x00,0x00,0xe3,0x00,0x00,0x00,0x00,0xe3,0x00,0x00,0x00,0x00,0xe3,0x00,0x00,0x00,0x00,0xe3,0x00,0x00,0x3f,0xff,
0xff,0xff,0x70,0x00,0x00,0xe3,0x00,0x00,0x00,0x00,0xe3,0x00,0x00,0x00,0x00,0xe3,0x00,0x00,0x00,0x00,0x00,0x00,0x00,0x0d,
0x80,0x0d,0xb0,0x05,0x70,0x0a,0x00,0x00,0x00,0x0f,0xff,0xe0,0x00,0x00,0x00,0x00,0x00,0x00,0x00,0x00,0x00,0x00,0x00,0x00,
0x0d,0xa0,0x0d,0xa0,0x00,0x00,0x09,0x70,0x00,0x00,0x1e,0x10,0x00,0x00,0x7a,0x00,0x00,0x00,0xd4,0x00,0x00,0x05,0xc0,0x00,
0x00,0x0b,0x60,0x00,0x00,0x3e,0x10,0x00,0x00,0x98,0x00,0x00,0x01,0xe2,0x00,0x00,0x06,0xb0,0x00,0x00,0x0d,0x50,0x00,0x00,
0x4c,0x00,0x00,0x00,0x00,0x6c,0xfd,0x80,0x00,0x06,0xe5,0x13,0xda,0x00,0x1e,0x70,0x00,0x4f,0x40,0x4f,0x20,0x00,0x0d,0x80,
0x7f,0x00,0x00,0x0b,0xb0,0x8f,0x00,0x00,0x0b,0xc0,0x7f,0x00,0x00,0x0b,0xb0,0x4f,0x20,0x00,0x0d,0x90,0x1e,0x70,0x00,0x4f,
0x40,0x06,0xe5,0x13,0xda,0x00,0x00,0x6c,0xfd,0x80,0x00,0x00,0x01,0xcd,0x00,0x00,0x00,0x3d,0xfd,0x00,0x00,0x04,0xea,0x9d,
0x00,0x00,0x03,0x70,0x8d,0x00,0x00,0x00,0x00,0x8d,0x00,0x00,0x00,0x00,0x8d,0x00,0x00,0x00,0x00,0x8d,0x00,0x00,0x00,0x00,
0x8d,0x00,0x00,0x00,0x00,0x8d,0x00,0x00,0x00,0x00,0x8d,0x00,0x00,0x00,0xff,0xff,0xff,0x20,0x00,0x5c,0xed,0x81,0x00,0x05,
0xf5,0x13,0xda,0x00,0x0c,0x80,0x00,0x6f,0x10,0x03,0x10,0x00,0x6f,0x20,0x00,0x00,0x00,0xbd,0x00,0x00,0x00,0x07,0xf4,0x00,
0x00,0x00,0x7f,0x70,0x00,0x00,0x07,0xf7,0x00,0x00,0x00,0x7f,0x70,0x00,0x00,0x08,0xf7,0x00,0x00,0x00,0x3f,0xfe,0xff,0xff,
0x50,0x00,0x6c,0xed,0x91,0x00,0x06,0xf6,0x13,0xcb,0x00,0x0c,0x90,0x00,0x5f,0x10,0x01,0x00,0x00,0x6f,0x00,0x00,0x00,0x14,
0xd7,0x00,0x00,0x00,0xff,0xb1,0x00,0x00,0x00,0x03,0xbd,0x10,0x00,0x00,0x00,0x2f,0x50,0x2d,0x30,0x00,0x3f,0x40,0x0b,0xd3,
0x13,0xcc,0x00,0x01,0x8d,0xfd,0x81,0x00,0x00,0x00,0x0a,0xf1,0x00,0x00,0x00,0x7d,0xf1,0x00,0x00,0x04,0xe4,0xf1,0x00,0x00,
0x2e,0x52,0xf1,0x00,0x00,0xc9,0x02,0xf1,0x00,0x09,0xc0,0x02,0xf1,0x00,0x6e,0x20,0x02,0xf1,0x00,0xaf,0xff,0xff,0xff,0xc0,
0x00,0x00,0x02,0xf1,0x00,0x00,0x00,0x02,0xf1,0x00,0x00,0x00,0x02,0xf1,0x00,0x00,0xaf,0xff,0xfc,0x00,0x00,0xd5,0x00,0x00,
0x00,0x01,0xf3,0x00,0x00,0x00,0x03,0xf0,0x00,0x00,0x00,0x06,0xfd,0xfd,0x81,0x00,0x01,0x41,0x14,0xea,0x00,0x00,0x00,0x00,
0x6f,0x10,0x00,0x00,0x00,0x4f,0x30,0x00,0x00,0x00,0x7e,0x00,0x09,0x61,0x16,0xe6,0x00,0x06,0xbe,0xfc,0x40,0x00,0x00,0x00,
0x1d,0xb0,0x00,0x00,0x00,0xbc,0x10,0x00,0x00,0x08,0xd2,0x00,0x00,0x00,0x5e,0x30,0x00,0x00,0x02,0xed,0xee,0xb3,0x00,0x0a,
0xe5,0x12,0xbe,0x10,0x1f,0x70,0x00,0x1f,0x70,0x2f,0x40,0x00,0x0d,0x80,0x0e,0x70,0x00,0x1f,0x60,0x07,0xe4,0x13,0xbc,0x00,
0x00,0x6d,0xfe,0x81,0x00,0x2f,0xff,0xff,0xff,0x90,0x00,0x00,0x00,0x3f,0x60,0x00,0x00,0x00,0xad,0x00,0x00,0x00,0x03,0xf5,
0x00,0x00,0x00,0x0b,0xc0,0x00,0x00,0x00,0x4f,0x50,0x00,0x00,0x00,0xbc,0x00,0x00,0x00,0x04,0xf4,0x00,0x00,0x00,0x0c,0xb0,
0x00,0x00,0x00,0x5f,0x40,0x00,0x00,0x00,0xca,0x00,0x00,0x00,0x00,0x5c,0xed,0x81,0x00,0x05,0xf5,0x13,0xda,0x00,0x0b,0xa0,
0x00,0x6f,0x10,0x0b,0xa0,0x00,0x6e,0x00,0x05,0xe5,0x13,0xd7,0x00,0x00,0x8f,0xff,0xc2,0x00,0x0a,0xd4,0x12,0xbe,0x20,0x2f,
0x50,0x00,0x1f,0x60,0x2f,0x50,0x00,0x1f,0x60,0x0b,0xd4,0x12,0xbd,0x10,0x01,0x8d,0xfd,0xa2,0x00,0x00,0x6c,0xed,0x70,0x00,
0x08,0xd4,0x13,0xc9,0x00,0x1f,0x60,0x00,0x3f,0x20,0x1f,0x50,0x00,0x3f,0x40,0x0b,0xd3,0x03,0xcf,0x20,0x01,0xae,0xeb,0xfc,
0x00,0x00,0x00,0x09,0xf3,0x00,0x00,0x00,0x5f,0x70,0x00,0x00,0x02,0xeb,0x00,0x00,0x00,0x0c,0xe1,0x00,0x00,0x00,0x8e,0x40,
0x00,0x00,0x0c,0xb0,0x0c,0xc0,0x00,0x00,0x00,0x00,0x00,0x00,0x00,0x00,0x0c,0xb0,0x0c,0xc0,0x0a,0xc0,0x0a,0xd0,0x00,0x00,
0x00,0x00,0x00,0x00,0x00,0x00,0x0a,0xc0,0x0a,0xf0,0x01,0xa0,0x09,0x20,0x00,0x00,0x00,0x00,0x00,0x66,0x00,0x00,0x00,0x5d,
0xd4,0x00,0x00,0x5c,0xd6,0x00,0x00,0x09,0xf8,0x00,0x00,0x00,0x01,0x8e,0xa3,0x00,0x00,0x00,0x01,0x9f,0xa2,0x00,0x00,0x00,
0x02,0x97,0x00,0x00,0x00,0x00,0x00,0x00,0x00,0x00,0x00,0x00,0x00,0x0c,0xff,0xff,0xff,0x10,0x00,0x00,0x00,0x00,0x00,0x00,
0x00,0x00,0x00,0x00,0x0c,0xff,0xff,0xff,0x10,0x00,0x00,0x00,0x00,0x00,0x00,0x00,0x00,0x00,0x00,0x00,0x00,0x00,0x00,0x00,
0x03,0x81,0x00,0x00,0x00,0x01,0xbe,0x71,0x00,0x00,0x00,0x04,0xce,0x71,0x00,0x00,0x00,0x05,0xed,0x00,0x00,0x01,0x8e,0xa3,
0x00,0x00,0x8e,0xb3,0x00,0x00,0x03,0xb4,0x00,0x00,0x00,0x00,0x00,0x00,0x00,0x00,0x00,0x00,0x00,0x00,0x00,0x18,0xdf,0xd5,
0x00,0x19,0x21,0x6f,0x30,0x00,0x00,0x0e,0x60,0x00,0x00,0x5f,0x30,0x00,0x07,0xe6,0x00,0x00,0x4f,0x30,0x00,0x00,0x4c,0x00,
0x00,0x00,0x00,0x00,0x00,0x00,0x00,0x00,0x00,0x00,0x9d,0x10,0x00,0x00,0x9d,0x10,0x00,0x00,0x01,0x7c,0xee,0xc7,0x10,0x00,
0x00,0x3d,0xa4,0x10,0x38,0xd2,0x00,0x01,0xd5,0x00,0x00,0x00,0x4d,0x00,0x09,0x80,0x03,0xbe,0xe7,0x0a,0x50,0x0e,0x20,0x3e,
0x61,0xb6,0x07,0x80,0x2e,0x00,0xc6,0x00,0xe2,0x06,0x90,0x2e,0x01,0xf1,0x04,0xd0,0x0a,0x60,0x0e,0x20,0xf5,0x2b,0xd1,0x5d,
0x10,0x0a,0x80,0x7e,0xd4,0x9f,0xc2,0x00,0x02,0xe5,0x00,0x00,0x00,0x00,0x00,0x00,0x3d,0xa4,0x10,0x14,0x98,0x00,0x00,0x01,
0x7c,0xef,0xeb,0x60,0x00,0x00,0x00,0x9f,0x60,0x00,0x00,0x00,0x01,0xee,0xc0,0x00,0x00,0x00,0x06,0xf6,0xf4,0x00,0x00,0x00,
0x0c,0xa0,0xda,0x00,0x00,0x00,0x4f,0x40,0x7f,0x10,0x00,0x00,0xad,0x00,0x1f,0x70,0x00,0x01,0xf7,0x00,0x0a,0xd0,0x00,0x07,
0xff,0xff,0xff,0xf5,0x00,0x0d,0xa0,0x00,0x00,0xcb,0x00,0x5f,0x30,0x00,0x00,0x6f,0x20,0xbc,0x00,0x00,0x00,0x1e,0x90,0x08,
0xff,0xff,0xd9,0x10,0x08,0xf0,0x01,0x4e,0xc0,0x08,0xf0,0x00,0x07,0xf1,0x08,0xf0,0x00,0x07,0xf1,0x08,0xf0,0x01,0x4e,0x70,
0x08,0xff,0xff,0xfa,0x10,0x08,0xf0,0x00,0x2a,0xe2,0x08,0xf0,0x00,0x01,0xf7,0x08,0xf0,0x00,0x01,0xf7,0x08,0xf0,0x00,0x2b,
0xe2,0x08,0xff,0xff,0xd9,0x20,0x00,0x04,0xbe,0xfe,0xa3,0x00,0x00,0x9e,0x72,0x03,0x9c,0x00,0x06,0xf4,0x00,0x00,0x00,0x00,
0x0d,0xb0,0x00,0x00,0x00,0x00,0x2f,0x70,0x00,0x00,0x00,0x00,0x3f,0x50,0x00,0x00,0x00,0x00,0x2f,0x70,0x00,0x00,0x00,0x00,
0x0d,0xb0,0x00,0x00,0x00,0x00,0x07,0xf5,0x00,0x00,0x01,0x00,0x00,0xae,0x71,0x02,0x8e,0x20,0x00,0x05,0xbe,0xfd,0xa3,0x00,
0x08,0xff,0xff,0xeb,0x60,0x00,0x08,0xf0,0x00,0x16,0xeb,0x00,0x08,0xf0,0x00,0x00,0x2e,0x90,0x08,0xf0,0x00,0x00,0x08,0xf1,
0x08,0xf0,0x00,0x00,0x04,0xf5,0x08,0xf0,0x00,0x00,0x03,0xf6,0x08,0xf0,0x00,0x00,0x04,0xf5,0x08,0xf0,0x00,0x00,0x09,0xf1,
0x08,0xf0,0x00,0x00,0x2f,0x90,0x08,0xf0,0x00,0x15,0xdb,0x00,0x08,0xff,0xff,0xeb,0x60,0x00,0x08,0xff,0xff,0xff,0x80,0x08,
0xf0,0x00,0x00,0x00,0x08,0xf0,0x00,0x00,0x00,0x08,0xf0,0x00,0x00,0x00,0x08,0xf0,0x00,0x00,0x00,0x08,0xff,0xff,0xf7,0x00,
0x08,0xf0,0x00,0x00,0x00,0x08,0xf0,0x00,0x00,0x00,0x08,0xf0,0x00,0x00,0x00,0x08,0xf0,0x00,0x00,0x00,0x08,0xff,0xff,0xff,
0x80,0x08,0xff,0xff,0xff,0x80,0x08,0xf0,0x00,0x00,0x00,0x08,0xf0,0x00,0x00,0x00,0x08,0xf0,0x00,0x00,0x00,0x08,0xf0,0x00,
0x00,0x00,0x08,0xff,0xff,0xfb,0x00,0x08,0xf0,0x00,0x00,0x00,0x08,0xf0,0x00,0x00,0x00,0x08,0xf0,0x00,0x00,0x00,0x08,0xf0,
0x00,0x00,0x00,0x08,0xf0,0x00,0x00,0x00,0x00,0x04,0xae,0xfe,0xc7,0x10,0x00,0x9f,0x72,0x02,0x6d,0x60,0x06,0xf5,0x00,0x00,
0x00,0x00,0x0d,0xb0,0x00,0x00,0x00,0x00,0x2f,0x60,0x00,0x00,0x00,0x00,0x3f,0x50,0x00,0x00,0x00,0x00,0x2f,0x70,0x00,0x0b,
0xff,0xc0,0x0d,0xb0,0x00,0x00,0x09,0xc0,0x06,0xf5,0x00,0x00,0x09,0xc0,0x00,0x8f,0x82,0x01,0x5d,0xc0,0x00,0x04,0xad,0xfe,
0xc8,0x20,0x08,0xf0,0x00,0x00,0x0c,0xb0,0x08,0xf0,0x00,0x00,0x0c,0xb0,0x08,0xf0,0x00,0x00,0x0c,0xb0,0x08,0xf0,0x00,0x00,
0x0c,0xb0,0x08,0xf0,0x00,0x00,0x0c,0xb0,0x08,0xff,0xff,0xff,0xff,0xb0,0x08,0xf0,0x00,0x00,0x0c,0xb0,0x08,0xf0,0x00,0x00,
0x0c,0xb0,0x08,0xf0,0x00,0x00,0x0c,0xb0,0x08,0xf0,0x00,0x00,0x0c,0xb0,0x08,0xf0,0x00,0x00,0x0c,0xb0,0x08,0xf0,0x08,0xf0,
0x08,0xf0,0x08,0xf0,0x08,0xf0,0x08,0xf0,0x08,0xf0,0x08,0xf0,0x08,0xf0,0x08,0xf0,0x08,0xf0,0x00,0x02,0xf6,0x00,0x00,0x02,
0xf6,0x00,0x00,0x02,0xf6,0x00,0x00,0x02,0xf6,0x00,0x00,0x02,0xf6,0x00,0x00,0x02,0xf6,0x00,0x00,0x02,0xf6,0x00,0x00,0x03,
0xf5,0x00,0x00,0x05,0xf3,0x00,0x00,0x3d,0xb0,0x00,0xaf,0xe9,0x10,0x00,0x08,0xf0,0x00,0x01,0xcc,0x10,0x08,0xf0,0x00,0x0b,
0xd1,0x00,0x08,0xf0,0x00,0xae,0x20,0x00,0x08,0xf0,0x08,0xe3,0x00,0x00,0x08,0xf0,0x7f,0x40,0x00,0x00,0x08,0xff,0xfb,0x00,
0x00,0x00,0x08,0xf0,0x5f,0x90,0x00,0x00,0x08,0xf0,0x05,0xf7,0x00,0x00,0x08,0xf0,0x00,0x6f,0x60,0x00,0x08,0xf0,0x00,0x08,
0xf4,0x00,0x08,0xf0,0x00,0x00,0x9e,0x30,0x08,0xf0,0x00,0x00,0x08,0xf0,0x00,0x00,0x08,0xf0,0x00,0x00,0x08,0xf0,0x00,0x00,
0x08,0xf0,0x00,0x00,0x08,0xf0,0x00,0x00,0x08,0xf0,0x00,0x00,0x08,0xf0,0x00,0x00,0x08,0xf0,0x00,0x00,0x08,0xf0,0x00,0x00,
0x08,0xff,0xff,0xff,0x08,0xf4,0x00,0x00,0x00,0x06,0xf6,0x00,0x08,0xfd,0x00,0x00,0x00,0x1e,0xf6,0x00,0x08,0xde,0x70,0x00,
0x00,0x9b,0xe6,0x00,0x08,0xc7,0xe1,0x00,0x02,0xf3,0xf6,0x00,0x08,0xc0,0xd9,0x00,0x0b,0x90,0xf6,0x00,0x08,0xc0,0x4f,0x30,
0x4f,0x20,0xf6,0x00,0x08,0xc0,0x0a,0xc0,0xd8,0x00,0xf6,0x00,0x08,0xc0,0x02,0xfb,0xe1,0x00,0xf6,0x00,0x08,0xc0,0x00,0x8f,
0x60,0x00,0xf6,0x00,0x08,0xc0,0x00,0x15,0x00,0x00,0xf6,0x00,0x08,0xc0,0x00,0x00,0x00,0x00,0xf6,0x00,0x08,0xd1,0x00,0x00,
0x09,0xb0,0x08,0xfb,0x00,0x00,0x09,0xb0,0x08,0xdd,0x80,0x00,0x09,0xb0,0x08,0xc2,0xe4,0x00,0x09,0xb0,0x08,0xc0,0x5e,0x20,
0x09,0xb0,0x08,0xc0,0x09,0xc0,0x09,0xb0,0x08,0xc0,0x00,0xc9,0x09,0xb0,0x08,0xc0,0x00,0x2e,0x59,0xb0,0x08,0xc0,0x00,0x04,
0xeb,0xb0,0x08,0xc0,0x00,0x00,0x8f,0xb0,0x08,0xc0,0x00,0x00,0x0b,0xb0,0x00,0x04,0xbe,0xfd,0xa3,0x00,0x00,0x00,0x9e,0x72,
0x02,0x8f,0x60,0x00,0x06,0xf4,0x00,0x00,0x07,0xf3,0x00,0x0d,0xa0,0x00,0x00,0x00,0xda,0x00,0x2f,0x70,0x00,0x00,0x00,0x9e,
0x00,0x3f,0x50,0x00,0x00,0x00,0x8f,0x10,0x2f,0x60,0x00,0x00,0x00,0x9e,0x00,0x0d,0xb0,0x00,0x00,0x00,0xdb,0x00,0x06,0xf4,
0x00,0x00,0x07,0xf3,0x00,0x00,0x9e,0x62,0x02,0x8f,0x60,0x00,0x00,0x05,0xbe,0xfd,0xa3,0x00,0x00,0x08,0xff,0xfe,0xc6,0x00,
0x08,0xf0,0x01,0x7f,0x80,0x08,0xf0,0x00,0x09,0xe0,0x08,0xf0,0x00,0x07,0xf1,0x08,0xf0,0x00,0x0a,0xe0,0x08,0xf0,0x02,0x7f,
0x70,0x08,0xff,0xfe,0xb5,0x00,0x08,0xf0,0x00,0x00,0x00,0x08,0xf0,0x00,0x00,0x00,0x08,0xf0,0x00,0x00,0x00,0x08,0xf0,0x00,
0x00,0x00,0x00,0x04,0xbe,0xfd,0x93,0x00,0x00,0x00,0x9e,0x72,0x02,0x8f,0x60,0x00,0x06,0xf4,0x00,0x00,0x07,0xf3,0x00,0x0d,
0xa0,0x00,0x00,0x00,0xda,0x00,0x2f,0x70,0x00,0x00,0x00,0x9e,0x00,0x3f,0x50,0x00,0x00,0x00,0x8f,0x10,0x2f,0x60,0x00,0x00,
0x00,0x9e,0x00,0x0d,0xb0,0x00,0x00,0x00,0xdb,0x00,0x06,0xf4,0x00,0x00,0x07,0xf5,0x00,0x00,0x9e,0x72,0x02,0x8f,0x80,0x00,
0x00,0x05,0xbe,0xfd,0xdd,0x00,0x00,0x00,0x00,0x00,0x00,0x2e,0x90,0x00,0x00,0x00,0x00,0x00,0x05,0xf6,0x00,0x00,0x00,0x00,
0x00,0x00,0x9f,0x30,0x08,0xff,0xfe,0xc7,0x00,0x08,0xf0,0x01,0x6f,0x80,0x08,0xf0,0x00,0x0a,0xc0,0x08,0xf0,0x00,0x0b,0xc0,
0x08,0xf0,0x02,0x8f,0x40,0x08,0xff,0xff,0xa3,0x00,0x08,0xf0,0x2d,0xb0,0x00,0x08,0xf0,0x04,0xf7,0x00,0x08,0xf0,0x00,0x9f,
0x30,0x08,0xf0,0x00,0x0d,0xd1,0x08,0xf0,0x00,0x03,0xe9,0x00,0x6c,0xed,0xa3,0x00,0x07,0xe4,0x13,0x95,0x00,0x0d,0x80,0x00,
0x00,0x00,0x0d,0xc1,0x00,0x00,0x00,0x08,0xfe,0x83,0x00,0x00,0x00,0x7d,0xff,0xb1,0x00,0x00,0x00,0x39,0xfa,0x00,0x00,0x00,
0x00,0xae,0x00,0x01,0x00,0x00,0x9c,0x00,0x4e,0x71,0x15,0xf4,0x00,0x06,0xce,0xfc,0x40,0x00,0xcf,0xff,0xff,0xff,0xf3,0x00,
0x01,0xf8,0x00,0x00,0x00,0x01,0xf8,0x00,0x00,0x00,0x01,0xf8,0x00,0x00,0x00,0x01,0xf8,0x00,0x00,0x00,0x01,0xf8,0x00,0x00,
0x00,0x01,0xf8,0x00,0x00,0x00,0x01,0xf8,0x00,0x00,0x00,0x01,0xf8,0x00,0x00,0x00,0x01,0xf8,0x00,0x00,0x00,0x01,0xf8,0x00,
0x00,0x0a,0xd0,0x00,0x00,0x1f,0x70,0x0a,0xd0,0x00,0x00,0x1f,0x70,0x0a,0xd0,0x00,0x00,0x1f,0x70,0x0a,0xd0,0x00,0x00,0x1f,
0x70,0x0a,0xd0,0x00,0x00,0x1f,0x70,0x0a,0xd0,0x00,0x00,0x1f,0x70,0x0a,0xd0,0x00,0x00,0x1f,0x70,0x09,0xe0,0x00,0x00,0x3f,
0x50,0x04,0xf5,0x00,0x00,0x8e,0x10,0x00,0x9e,0x51,0x27,0xf6,0x00,0x00,0x05,0xcf,0xeb,0x40,0x00,0xbc,0x00,0x00,0x00,0x1e,
0x90,0x5f,0x40,0x00,0x00,0x7f,0x20,0x0d,0xb0,0x00,0x00,0xdb,0x00,0x07,0xf2,0x00,0x04,0xf4,0x00,0x01,0xf8,0x00,0x0b,0xd0,
0x00,0x00,0x9e,0x00,0x2f,0x70,0x00,0x00,0x3f,0x60,0x8e,0x10,0x00,0x00,0x0c,0xc0,0xe9,0x00,0x00,0x00,0x05,0xf8,0xf3,0x00,
0x00,0x00,0x00,0xef,0xb0,0x00,0x00,0x00,0x00,0x7f,0x50,0x00,0x00,0x9e,0x20,0x00,0x06,0xe2,0x00,0x00,0x6f,0x20,0x4f,0x60,
0x00,0x0c,0xf7,0x00,0x00,0xbc,0x00,0x0e,0xb0,0x00,0x3f,0xbd,0x00,0x01,0xf8,0x00,0x09,0xf1,0x00,0x8d,0x4f,0x30,0x06,0xf3,
0x00,0x04,0xf5,0x00,0xd7,0x0d,0x80,0x0a,0xd0,0x00,0x00,0xea,0x04,0xf2,0x08,0xd0,0x1e,0x80,0x00,0x00,0xae,0x09,0xc0,0x03,
0xf4,0x5f,0x30,0x00,0x00,0x5f,0x5e,0x70,0x00,0xd9,0x9d,0x00,0x00,0x00,0x0e,0xcf,0x10,0x00,0x8e,0xe8,0x00,0x00,0x00,0x0a,
0xfb,0x00,0x00,0x2f,0xf3,0x00,0x00,0x00,0x05,0xf6,0x00,0x00,0x0c,0xe0,0x00,0x00,0x5f,0x70,0x00,0x01,0xdb,0x00,0x09,0xf2,
0x00,0x0a,0xe1,0x00,0x01,0xdc,0x00,0x5f,0x40,0x00,0x00,0x3f,0x72,0xe9,0x00,0x00,0x00,0x08,0xfc,0xc0,0x00,0x00,0x00,0x01,
0xff,0x70,0x00,0x00,0x00,0x0a,0xd9,0xe2,0x00,0x00,0x00,0x6f,0x41,0xdc,0x00,0x00,0x02,0xe9,0x00,0x4f,0x70,0x00,0x0c,0xd1,
0x00,0x09,0xf3,0x00,0x7f,0x30,0x00,0x01,0xdc,0x00,0xae,0x10,0x00,0x01,0xea,0x1e,0x90,0x00,0x0a,0xe1,0x06,0xf3,0x00,0x4f,
0x60,0x00,0xbc,0x00,0xdb,0x00,0x00,0x2f,0x77,0xf2,0x00,0x00,0x07,0xee,0x70,0x00,0x00,0x00,0xdd,0x00,0x00,0x00,0x00,0xcc,
0x00,0x00,0x00,0x00,0xcc,0x00,0x00,0x00,0x00,0xcc,0x00,0x00,0x00,0x00,0xcc,0x00,0x00,0x4f,0xff,0xff,0xff,0xf1,0x00,0x00,
0x00,0x4f,0xa0,0x00,0x00,0x01,0xed,0x10,0x00,0x00,0x0b,0xf3,0x00,0x00,0x00,0x6f,0x70,0x00,0x00,0x03,0xfb,0x00,0x00,0x00,
0x0c,0xe1,0x00,0x00,0x00,0x9f,0x40,0x00,0x00,0x04,0xf8,0x00,0x00,0x00,0x1e,0xc0,0x00,0x00,0x00,0x8f,0xff,0xff,0xff,0xf0,
0x08,0xff,0x50,0x08,0xa0,0x00,0x08,0xa0,0x00,0x08,0xa0,0x00,0x08,0xa0,0x00,0x08,0xa0,0x00,0x08,0xa0,0x00,0x08,0xa0,0x00,
0x08,0xa0,0x00,0x08,0xa0,0x00,0x08,0xa0,0x00,0x08,0xa0,0x00,0x08,0xa0,0x00,0x08,0xff,0x50,0x4c,0x00,0x00,0x00,0x0d,0x50,
0x00,0x00,0x06,0xb0,0x00,0x00,0x01,0xe2,0x00,0x00,0x00,0x98,0x00,0x00,0x00,0x3e,0x10,0x00,0x00,0x0b,0x60,0x00,0x00,0x05,
0xc0,0x00,0x00,0x00,0xe4,0x00,0x00,0x00,0x8a,0x00,0x00,0x00,0x2e,0x10,0x00,0x00,0x09,0x70,0x7f,0xf7,0x00,0x00,0xc7,0x00,
0x00,0xc7,0x00,0x00,0xc7,0x00,0x00,0xc7,0x00,0x00,0xc7,0x00,0x00,0xc7,0x00,0x00,0xc7,0x00,0x00,0xc7,0x00,0x00,0xc7,0x00,
0x00,0xc7,0x00,0x00,0xc7,0x00,0x00,0xc7,0x00,0x7f,0xf7,0x00,0x00,0x02,0xf5,0x00,0x00,0x00,0x0a,0xbd,0x10,0x00,0x00,0x4e,
0x1b,0x80,0x00,0x00,0xc7,0x03,0xe2,0x00,0x06,0xe1,0x00,0x9a,0x00,0x06,0x40,0x00,0x17,0x10,0x00,0x00,0x00,0x00,0x00,0x00,
0x00,0x00,0x00,0x00,0x00,0x00,0x00,0x00,0x00,0x00,0x00,0x00,0x00,0x00,0x00,0x00,0x00,0x00,0x00,0x00,0x00,0x00,0x00,0x7f,
0xff,0xff,0xc0,0x07,0xe3,0x00,0x00,0x6c,0x00,0x00,0x00,0x00,0x00,0x00,0x00,0x00,0x00,0x00,0x00,0x00,0x00,0x00,0x00,0x00,
0x00,0x00,0x00,0x00,0x00,0x00,0x00,0x00,0x00,0x00,0x00,0x00,0x03,0xae,0xe9,0x10,0x0d,0x71,0x3e,0x80,0x00,0x00,0x09,0xd0,
0x00,0x00,0x07,0xe0,0x03,0xad,0xef,0xe0,0x4f,0x73,0x17,0xe0,0x6f,0x20,0x3c,0xe0,0x1a,0xee,0x94,0xe0,0x0d,0x80,0x00,0x00,
0x00,0x0d,0x80,0x00,0x00,0x00,0x0d,0x80,0x00,0x00,0x00,0x0d,0x97,0xee,0xa1,0x00,0x0d,0xe6,0x13,0xda,0x00,0x0d,0x90,0x00,
0x6f,0x10,0x0d,0x80,0x00,0x3f,0x30,0x0d,0x80,0x00,0x4f,0x30,0x0d,0x80,0x00,0x7e,0x10,0x0d,0xd3,0x14,0xe8,0x00,0x0d,0x7b,
0xfe,0x70,0x00,0x00,0x7d,0xfc,0x60,0x08,0xe4,0x13,0x80,0x1f,0x60,0x00,0x00,0x4f,0x30,0x00,0x00,0x4f,0x30,0x00,0x00,0x2f,
0x60,0x00,0x00,0x09,0xe4,0x13,0xa1,0x00,0x8e,0xfd,0x60,0x00,0x00,0x00,0x9c,0x00,0x00,0x00,0x00,0x9c,0x00,0x00,0x00,0x00,
0x9c,0x00,0x00,0x7e,0xea,0xbc,0x00,0x08,0xe4,0x14,0xec,0x00,0x1f,0x70,0x00,0x9c,0x00,0x4f,0x30,0x00,0x9c,0x00,0x4f,0x30,
0x00,0x9c,0x00,0x2f,0x50,0x00,0x9c,0x00,0x0b,0xd2,0x16,0xec,0x00,0x01,0xae,0xe7,0x6c,0x00,0x00,0x7d,0xec,0x50,0x08,0xd3,
0x14,0xe4,0x2f,0x40,0x00,0x8a,0x5f,0xff,0xff,0xfc,0x4f,0x20,0x00,0x00,0x1f,0x60,0x00,0x00,0x08,0xe4,0x12,0x85,0x00,0x6d,
0xfe,0x92,0x00,0x6d,0xe5,0x02,0xf6,0x00,0x05,0xf1,0x00,0x9f,0xff,0xf6,0x06,0xf1,0x00,0x05,0xf1,0x00,0x05,0xf1,0x00,0x05,
0xf1,0x00,0x05,0xf1,0x00,0x05,0xf1,0x00,0x05,0xf1,0x00,0x02,0xbe,0xff,0xfe,0x0d,0x91,0x1b,0xd3,0x1f,0x30,0x05,0xe0,0x0d,
0xa1,0x1b,0xb0,0x03,0xee,0xea,0x10,0x0a,0x70,0x00,0x00,0x0c,0xa1,0x00,0x00,0x07,0xff,0xff,0xc4,0x4d,0x20,0x02,0xbb,0x6e,
0x41,0x03,0xd8,0x07,0xce,0xec,0x60,0x0d,0x80,0x00,0x00,0x00,0x0d,0x80,0x00,0x00,0x00,0x0d,0x80,0x00,0x00,0x00,0x0d,0x98,
0xee,0x91,0x00,0x0d,0xe6,0x13,0xe8,0x00,0x0d,0x90,0x00,0x9c,0x00,0x0d,0x80,0x00,0x8d,0x00,0x0d,0x80,0x00,0x8d,0x00,0x0d,
0x80,0x00,0x8d,0x00,0x0d,0x80,0x00,0x8d,0x00,0x0d,0x80,0x00,0x8d,0x00,0x0d,0xa0,0x0d,0xa0,0x00,0x00,0x0c,0x90,0x0c,0x90,
0x0c,0x90,0x0c,0x90,0x0c,0x90,0x0c,0x90,0x0c,0x90,0x0c,0x90,0x00,0xda,0x00,0x00,0xda,0x00,0x00,0x00,0x00,0x00,0xc9,0x00,
0x00,0xc9,0x00,0x00,0xc9,0x00,0x00,0xc9,0x00,0x00,0xc9,0x00,0x00,0xc9,0x00,0x00,0xc9,0x00,0x00,0xc9,0x00,0x00,0xc9,0x00,
0x02,0xe7,0x00,0x7e,0xb1,0x00,0x0d,0x80,0x00,0x00,0x00,0x0d,0x80,0x00,0x00,0x00,0x0d,0x80,0x00,0x00,0x00,0x0d,0x80,0x04,
0xe5,0x00,0x0d,0x80,0x4e,0x50,0x00,0x0d,0x85,0xe5,0x00,0x00,0x0d,0xff,0xa0,0x00,0x00,0x0d,0x85,0xf5,0x00,0x00,0x0d,0x80,
0x7e,0x20,0x00,0x0d,0x80,0x0b,0xd1,0x00,0x0d,0x80,0x01,0xda,0x00,0x0c,0x90,0x0c,0x90,0x0c,0x90,0x0c,0x90,0x0c,0x90,0x0c,
0x90,0x0c,0x90,0x0c,0x90,0x0c,0x90,0x0c,0x90,0x0c,0x90,0x0d,0x69,0xed,0x34,0xde,0xb2,0x00,0x0d,0xe4,0x19,0xcc,0x21,0xcc,
0x00,0x0d,0x90,0x02,0xf6,0x00,0x5f,0x10,0x0d,0x80,0x02,0xf5,0x00,0x5f,0x20,0x0d,0x80,0x02,0xf5,0x00,0x5f,0x20,0x0d,0x80,
0x02,0xf5,0x00,0x5f,0x20,0x0d,0x80,0x02,0xf5,0x00,0x5f,0x20,0x0d,0x80,0x02,0xf5,0x00,0x5f,0x20,0x0d,0x6a,0xee,0x91,0x00,
0x0d,0xe6,0x13,0xe8,0x00,0x0d,0x90,0x00,0x9c,0x00,0x0d,0x80,0x00,0x8d,0x00,0x0d,0x80,0x00,0x8d,0x00,0x0d,0x80,0x00,0x8d,
0x00,0x0d,0x80,0x00,0x8d,0x00,0x0d,0x80,0x00,0x8d,0x00,0x00,0x7d,0xfd,0x70,0x00,0x08,0xe4,0x13,0xd9,0x00,0x1f,0x60,0x00,
0x5f,0x20,0x4f,0x30,0x00,0x2f,0x50,0x4f,0x30,0x00,0x2f,0x50,0x1f,0x60,0x00,0x5f,0x20,0x08,0xe4,0x13,0xd9,0x00,0x00,0x7d,
0xfd,0x70,0x00,0x0d,0x68,0xee,0xa1,0x00,0x0d,0xe6,0x13,0xda,0x00,0x0d,0x90,0x00,0x6f,0x10,0x0d,0x80,0x00,0x4f,0x30,0x0d,
0x80,0x00,0x4f,0x30,0x0d,0x80,0x00,0x7e,0x10,0x0d,0xd3,0x14,0xe8,0x00,0x0d,0xab,0xee,0x70,0x00,0x0d,0x80,0x00,0x00,0x00,
0x0d,0x80,0x00,0x00,0x00,0x0d,0x80,0x00,0x00,0x00,0x00,0x7e,0xfa,0x8c,0x00,0x08,0xe4,0x14,0xec,0x00,0x1f,0x70,0x00,0x9c,
0x00,0x4f,0x30,0x00,0x9c,0x00,0x4f,0x30,0x00,0x9c,0x00,0x2f,0x50,0x00,0x9c,0x00,0x0b,0xd2,0x16,0xfc,0x00,0x01,0xae,0xe7,
0x9c,0x00,0x00,0x00,0x00,0x9c,0x00,0x00,0x00,0x00,0x9c,0x00,0x00,0x00,0x00,0x9c,0x00,0x0d,0x69,0xe9,0x0d,0xd6,0x00,0x0d,
0xa0,0x00,0x0d,0x80,0x00,0x0d,0x80,0x00,0x0d,0x80,0x00,0x0d,0x80,0x00,0x0d,0x80,0x00,0x04,0xce,0xd8,0x00,0x1e,0x71,0x26,
0x00,0x3f,0x50,0x00,0x00,0x0a,0xfb,0x61,0x00,0x00,0x38,0xed,0x10,0x00,0x00,0x2f,0x40,0x28,0x21,0x6e,0x10,0x19,0xee,0xc4,
0x00,0x00,0x70,0x00,0x02,0xf1,0x00,0x04,0xf1,0x00,0x8f,0xff,0xf6,0x06,0xf1,0x00,0x06,0xf1,0x00,0x06,0xf1,0x00,0x06,0xf1,
0x00,0x06,0xf1,0x00,0x04,0xf4,0x21,0x00,0xae,0xd4,0x0e,0x70,0x00,0x9c,0x00,0x0e,0x70,0x00,0x9c,0x00,0x0e,0x70,0x00,0x9c,
0x00,0x0e,0x70,0x00,0x9c,0x00,0x0e,0x70,0x00,0x9c,0x00,0x0d,0x80,0x00,0x9c,0x00,0x09,0xd2,0x17,0xec,0x00,0x01,0xae,0xe8,
0x7c,0x00,0x9c,0x00,0x00,0x8d,0x00,0x3f,0x40,0x00,0xe7,0x00,0x0c,0xa0,0x05,0xf1,0x00,0x06,0xf1,0x0b,0x90,0x00,0x00,0xe7,
0x2f,0x30,0x00,0x00,0x8d,0x8c,0x00,0x00,0x00,0x2f,0xe6,0x00,0x00,0x00,0x0b,0xe1,0x00,0x00,0x9d,0x00,0x07,0xf2,0x00,0x3f,
0x20,0x4f,0x30,0x0c,0xf6,0x00,0x8c,0x00,0x0e,0x70,0x2f,0x9b,0x00,0xd7,0x00,0x09,0xc0,0x7b,0x2f,0x13,0xf2,0x00,0x04,0xf1,
0xc6,0x0c,0x67,0xc0,0x00,0x00,0xe7,0xf1,0x07,0xbc,0x80,0x00,0x00,0x9e,0xb0,0x02,0xef,0x30,0x00,0x00,0x4f,0x50,0x00,0xcd,
0x00,0x00,0x5f,0x40,0x03,0xf5,0x0a,0xd1,0x0c,0x90,0x01,0xe8,0x8d,0x10,0x00,0x4f,0xe3,0x00,0x00,0x5e,0xf6,0x00,0x02,0xe7,
0x7e,0x20,0x0b,0xb0,0x0c,0xb0,0x7e,0x20,0x03,0xf7,0x9d,0x00,0x00,0x7d,0x00,0x3f,0x50,0x00,0xe7,0x00,0x0b,0xb0,0x05,0xf1,
0x00,0x05,0xf3,0x0b,0x90,0x00,0x00,0xd9,0x2f,0x30,0x00,0x00,0x7e,0x8c,0x00,0x00,0x00,0x1e,0xf5,0x00,0x00,0x00,0x09,0xe0,
0x00,0x00,0x00,0x0c,0x80,0x00,0x00,0x00,0x4f,0x10,0x00,0x00,0x00,0xb9,0x00,0x00,0x00,0x4f,0xff,0xff,0xb0,0x00,0x00,0x4f,
0x40,0x00,0x02,0xe8,0x00,0x00,0x0b,0xb0,0x00,0x00,0x8e,0x20,0x00,0x04,0xf4,0x00,0x00,0x1e,0x80,0x00,0x00,0x8f,0xff,0xff,
0x80,0x01,0xae,0x40,0x09,0xb1,0x00,0x0b,0x80,0x00,0x09,0x90,0x00,0x06,0xc0,0x00,0x09,0xb0,0x00,0x7e,0x30,0x00,0x09,0xa0,
0x00,0x06,0xc0,0x00,0x08,0xa0,0x00,0x0a,0x80,0x00,0x0b,0x80,0x00,0x08,0xc1,0x00,0x01,0xae,0x40,0x04,0x40,0x08,0x80,0x08,
0x80,0x08,0x80,0x08,0x80,0x08,0x80,0x08,0x80,0x08,0x80,0x08,0x80,0x08,0x80,0x08,0x80,0x08,0x80,0x08,0x80,0x08,0x80,0x08,
0x80,0x7e,0x90,0x00,0x02,0xd6,0x00,0x00,0xa8,0x00,0x00,0xc6,0x00,0x00,0xf4,0x00,0x00,0xe6,0x00,0x00,0x5f,0x40,0x00,0xd7,
0x00,0x00,0xf3,0x00,0x00,0xe5,0x00,0x00,0xb7,0x00,0x00,0xa8,0x00,0x02,0xe5,0x00,0x7e,0x80,0x00,0x00,0x00,0x00,0x06,0x30,
0x04,0xde,0x93,0x2e,0x30,0x0d,0x71,0x7d,0xe8,0x00,0x07,0x10,0x00,0x00,0x00,0x00,0x00,0x00,0x00,0x00,0x00,0x00,0x00,0x00,
0x00,0x00,0x00,0x00,0x00,0x00,
};
#endif

static const lv_font_fmt_txt_glyph_dsc_t product_text_16_glyphs[]={
{.bitmap_index=0,.adv_w=0,.box_w=0,.box_h=0,.ofs_x=0,.ofs_y=0},
{.bitmap_index=0,.adv_w=64,.box_w=4,.box_h=0,.ofs_x=0,.ofs_y=0},
{.bitmap_index=0,.adv_w=64,.box_w=4,.box_h=11,.ofs_x=0,.ofs_y=0},
{.bitmap_index=22,.adv_w=96,.box_w=6,.box_h=11,.ofs_x=0,.ofs_y=0},
{.bitmap_index=55,.adv_w=144,.box_w=9,.box_h=11,.ofs_x=0,.ofs_y=0},
{.bitmap_index=110,.adv_w=144,.box_w=9,.box_h=15,.ofs_x=0,.ofs_y=-2},
{.bitmap_index=185,.adv_w=208,.box_w=13,.box_h=11,.ofs_x=0,.ofs_y=0},
{.bitmap_index=262,.adv_w=176,.box_w=12,.box_h=11,.ofs_x=0,.ofs_y=0},
{.bitmap_index=328,.adv_w=48,.box_w=3,.box_h=11,.ofs_x=0,.ofs_y=0},
{.bitmap_index=350,.adv_w=64,.box_w=4,.box_h=16,.ofs_x=0,.ofs_y=-3},
{.bitmap_index=382,.adv_w=64,.box_w=4,.box_h=16,.ofs_x=0,.ofs_y=-3},
{.bitmap_index=414,.adv_w=112,.box_w=7,.box_h=11,.ofs_x=0,.ofs_y=0},
{.bitmap_index=458,.adv_w=144,.box_w=9,.box_h=9,.ofs_x=0,.ofs_y=0},
{.bitmap_index=503,.adv_w=64,.box_w=4,.box_h=5,.ofs_x=0,.ofs_y=-3},
{.bitmap_index=513,.adv_w=96,.box_w=6,.box_h=5,.ofs_x=0,.ofs_y=0},
{.bitmap_index=528,.adv_w=64,.box_w=4,.box_h=2,.ofs_x=0,.ofs_y=0},
{.bitmap_index=532,.adv_w=112,.box_w=7,.box_h=12,.ofs_x=0,.ofs_y=-1},
{.bitmap_index=580,.adv_w=144,.box_w=9,.box_h=11,.ofs_x=0,.ofs_y=0},
{.bitmap_index=635,.adv_w=144,.box_w=9,.box_h=11,.ofs_x=0,.ofs_y=0},
{.bitmap_index=690,.adv_w=144,.box_w=9,.box_h=11,.ofs_x=0,.ofs_y=0},
{.bitmap_index=745,.adv_w=144,.box_w=9,.box_h=11,.ofs_x=0,.ofs_y=0},
{.bitmap_index=800,.adv_w=144,.box_w=9,.box_h=11,.ofs_x=0,.ofs_y=0},
{.bitmap_index=855,.adv_w=144,.box_w=9,.box_h=11,.ofs_x=0,.ofs_y=0},
{.bitmap_index=910,.adv_w=144,.box_w=9,.box_h=11,.ofs_x=0,.ofs_y=0},
{.bitmap_index=965,.adv_w=144,.box_w=9,.box_h=11,.ofs_x=0,.ofs_y=0},
{.bitmap_index=1020,.adv_w=144,.box_w=9,.box_h=11,.ofs_x=0,.ofs_y=0},
{.bitmap_index=1075,.adv_w=144,.box_w=9,.box_h=11,.ofs_x=0,.ofs_y=0},
{.bitmap_index=1130,.adv_w=64,.box_w=4,.box_h=8,.ofs_x=0,.ofs_y=0},
{.bitmap_index=1146,.adv_w=64,.box_w=4,.box_h=11,.ofs_x=0,.ofs_y=-3},
{.bitmap_index=1168,.adv_w=144,.box_w=9,.box_h=9,.ofs_x=0,.ofs_y=0},
{.bitmap_index=1213,.adv_w=144,.box_w=9,.box_h=7,.ofs_x=0,.ofs_y=0},
{.bitmap_index=1248,.adv_w=144,.box_w=9,.box_h=9,.ofs_x=0,.ofs_y=0},
{.bitmap_index=1293,.adv_w=112,.box_w=7,.box_h=11,.ofs_x=0,.ofs_y=0},
{.bitmap_index=1337,.adv_w=208,.box_w=13,.box_h=12,.ofs_x=0,.ofs_y=-2},
{.bitmap_index=1421,.adv_w=176,.box_w=11,.box_h=11,.ofs_x=0,.ofs_y=0},
{.bitmap_index=1487,.adv_w=160,.box_w=10,.box_h=11,.ofs_x=0,.ofs_y=0},
{.bitmap_index=1542,.adv_w=176,.box_w=11,.box_h=11,.ofs_x=0,.ofs_y=0},
{.bitmap_index=1608,.adv_w=192,.box_w=12,.box_h=11,.ofs_x=0,.ofs_y=0},
{.bitmap_index=1674,.adv_w=144,.box_w=9,.box_h=11,.ofs_x=0,.ofs_y=0},
{.bitmap_index=1729,.adv_w=144,.box_w=9,.box_h=11,.ofs_x=0,.ofs_y=0},
{.bitmap_index=1784,.adv_w=192,.box_w=12,.box_h=11,.ofs_x=0,.ofs_y=0},
{.bitmap_index=1850,.adv_w=192,.box_w=12,.box_h=11,.ofs_x=0,.ofs_y=0},
{.bitmap_index=1916,.adv_w=64,.box_w=4,.box_h=11,.ofs_x=0,.ofs_y=0},
{.bitmap_index=1938,.adv_w=112,.box_w=7,.box_h=11,.ofs_x=0,.ofs_y=0},
{.bitmap_index=1982,.adv_w=176,.box_w=11,.box_h=11,.ofs_x=0,.ofs_y=0},
{.bitmap_index=2048,.adv_w=128,.box_w=8,.box_h=11,.ofs_x=0,.ofs_y=0},
{.bitmap_index=2092,.adv_w=240,.box_w=15,.box_h=11,.ofs_x=0,.ofs_y=0},
{.bitmap_index=2180,.adv_w=192,.box_w=12,.box_h=11,.ofs_x=0,.ofs_y=0},
{.bitmap_index=2246,.adv_w=208,.box_w=13,.box_h=11,.ofs_x=0,.ofs_y=0},
{.bitmap_index=2323,.adv_w=160,.box_w=10,.box_h=11,.ofs_x=0,.ofs_y=0},
{.bitmap_index=2378,.adv_w=208,.box_w=13,.box_h=14,.ofs_x=0,.ofs_y=-3},
{.bitmap_index=2476,.adv_w=160,.box_w=10,.box_h=11,.ofs_x=0,.ofs_y=0},
{.bitmap_index=2531,.adv_w=144,.box_w=9,.box_h=11,.ofs_x=0,.ofs_y=0},
{.bitmap_index=2586,.adv_w=144,.box_w=10,.box_h=11,.ofs_x=0,.ofs_y=0},
{.bitmap_index=2641,.adv_w=192,.box_w=12,.box_h=11,.ofs_x=0,.ofs_y=0},
{.bitmap_index=2707,.adv_w=176,.box_w=11,.box_h=11,.ofs_x=0,.ofs_y=0},
{.bitmap_index=2773,.adv_w=272,.box_w=17,.box_h=11,.ofs_x=0,.ofs_y=0},
{.bitmap_index=2872,.adv_w=160,.box_w=11,.box_h=11,.ofs_x=0,.ofs_y=0},
{.bitmap_index=2938,.adv_w=160,.box_w=10,.box_h=11,.ofs_x=0,.ofs_y=0},
{.bitmap_index=2993,.adv_w=160,.box_w=10,.box_h=11,.ofs_x=0,.ofs_y=0},
{.bitmap_index=3048,.adv_w=80,.box_w=5,.box_h=14,.ofs_x=0,.ofs_y=-2},
{.bitmap_index=3090,.adv_w=112,.box_w=7,.box_h=12,.ofs_x=0,.ofs_y=-1},
{.bitmap_index=3138,.adv_w=80,.box_w=5,.box_h=14,.ofs_x=0,.ofs_y=-2},
{.bitmap_index=3180,.adv_w=144,.box_w=9,.box_h=11,.ofs_x=0,.ofs_y=0},
{.bitmap_index=3235,.adv_w=112,.box_w=7,.box_h=2,.ofs_x=0,.ofs_y=-2},
{.bitmap_index=3243,.adv_w=96,.box_w=6,.box_h=11,.ofs_x=0,.ofs_y=0},
{.bitmap_index=3276,.adv_w=128,.box_w=8,.box_h=8,.ofs_x=0,.ofs_y=0},
{.bitmap_index=3308,.adv_w=144,.box_w=9,.box_h=11,.ofs_x=0,.ofs_y=0},
{.bitmap_index=3363,.adv_w=128,.box_w=8,.box_h=8,.ofs_x=0,.ofs_y=0},
{.bitmap_index=3395,.adv_w=144,.box_w=9,.box_h=11,.ofs_x=0,.ofs_y=0},
{.bitmap_index=3450,.adv_w=128,.box_w=8,.box_h=8,.ofs_x=0,.ofs_y=0},
{.bitmap_index=3482,.adv_w=96,.box_w=6,.box_h=11,.ofs_x=0,.ofs_y=0},
{.bitmap_index=3515,.adv_w=128,.box_w=8,.box_h=11,.ofs_x=0,.ofs_y=-3},
{.bitmap_index=3559,.adv_w=144,.box_w=9,.box_h=11,.ofs_x=0,.ofs_y=0},
{.bitmap_index=3614,.adv_w=64,.box_w=4,.box_h=11,.ofs_x=0,.ofs_y=0},
{.bitmap_index=3636,.adv_w=64,.box_w=5,.box_h=14,.ofs_x=-1,.ofs_y=-3},
{.bitmap_index=3678,.adv_w=128,.box_w=9,.box_h=11,.ofs_x=0,.ofs_y=0},
{.bitmap_index=3733,.adv_w=64,.box_w=4,.box_h=11,.ofs_x=0,.ofs_y=0},
{.bitmap_index=3755,.adv_w=208,.box_w=13,.box_h=8,.ofs_x=0,.ofs_y=0},
{.bitmap_index=3811,.adv_w=144,.box_w=9,.box_h=8,.ofs_x=0,.ofs_y=0},
{.bitmap_index=3851,.adv_w=144,.box_w=9,.box_h=8,.ofs_x=0,.ofs_y=0},
{.bitmap_index=3891,.adv_w=144,.box_w=9,.box_h=11,.ofs_x=0,.ofs_y=-3},
{.bitmap_index=3946,.adv_w=144,.box_w=9,.box_h=11,.ofs_x=0,.ofs_y=-3},
{.bitmap_index=4001,.adv_w=96,.box_w=6,.box_h=8,.ofs_x=0,.ofs_y=0},
{.bitmap_index=4025,.adv_w=112,.box_w=7,.box_h=8,.ofs_x=0,.ofs_y=0},
{.bitmap_index=4057,.adv_w=96,.box_w=6,.box_h=11,.ofs_x=0,.ofs_y=0},
{.bitmap_index=4090,.adv_w=144,.box_w=9,.box_h=8,.ofs_x=0,.ofs_y=0},
{.bitmap_index=4130,.adv_w=128,.box_w=9,.box_h=8,.ofs_x=0,.ofs_y=0},
{.bitmap_index=4170,.adv_w=208,.box_w=13,.box_h=8,.ofs_x=0,.ofs_y=0},
{.bitmap_index=4226,.adv_w=128,.box_w=8,.box_h=8,.ofs_x=0,.ofs_y=0},
{.bitmap_index=4258,.adv_w=128,.box_w=9,.box_h=11,.ofs_x=0,.ofs_y=-3},
{.bitmap_index=4313,.adv_w=112,.box_w=7,.box_h=8,.ofs_x=0,.ofs_y=0},
{.bitmap_index=4345,.adv_w=80,.box_w=5,.box_h=14,.ofs_x=0,.ofs_y=-2},
{.bitmap_index=4387,.adv_w=64,.box_w=4,.box_h=15,.ofs_x=0,.ofs_y=-3},
{.bitmap_index=4417,.adv_w=80,.box_w=5,.box_h=14,.ofs_x=0,.ofs_y=-2},
{.bitmap_index=4459,.adv_w=144,.box_w=9,.box_h=7,.ofs_x=0,.ofs_y=0},
};

static const lv_font_fmt_txt_cmap_t product_text_16_map[]={{.range_start=32,.range_length=95,.glyph_id_start=1,.type=LV_FONT_FMT_TXT_CMAP_FORMAT0_TINY}};

static lv_font_fmt_txt_dsc_t product_text_16_dsc={
#if !NOODOE_PRODUCT
.glyph_bitmap=product_text_16_bitmap,
#endif
.glyph_dsc=product_text_16_glyphs,.cmaps=product_text_16_map,.cmap_num=1,.bpp=4,.bitmap_format=0,.stride=1};

const lv_font_t product_text_16={.get_glyph_dsc=lv_font_get_glyph_dsc_fmt_txt,.get_glyph_bitmap=lv_font_get_bitmap_fmt_txt,.line_height=20,.base_line=5,.dsc=&product_text_16_dsc};

#if !NOODOE_PRODUCT
static const uint8_t product_text_20_bitmap[]={
0x02,0xf8,0x00,0x02,0xf8,0x00,0x02,0xf8,0x00,0x02,0xf8,0x00,0x02,0xf8,0x00,0x02,0xf8,0x00,0x02,0xf8,0x00,0x01,0xf7,0x00,
0x00,0xe5,0x00,0x00,0x00,0x00,0x00,0x00,0x00,0x00,0x00,0x00,0x05,0xe9,0x00,0x05,0xea,0x00,0x0b,0xc0,0x6f,0x20,0x0b,0xc0,
0x6f,0x20,0x0b,0xc0,0x6f,0x20,0x0a,0xb0,0x5f,0x10,0x07,0x80,0x2d,0x00,0x00,0x00,0x00,0x00,0x00,0x00,0x00,0x00,0x00,0x00,
0x00,0x00,0x00,0x00,0x00,0x00,0x00,0x00,0x00,0x00,0x00,0x00,0x00,0x00,0x00,0x00,0x00,0x00,0x00,0x00,0x00,0x00,0x00,0x00,
0x00,0x00,0x00,0x00,0x9b,0x00,0xc9,0x00,0x00,0x00,0xe8,0x00,0xf7,0x00,0x00,0x02,0xf5,0x03,0xf4,0x00,0x00,0x05,0xf2,0x06,
0xf1,0x00,0x0c,0xff,0xff,0xff,0xff,0xd0,0x00,0x0b,0xb0,0x0c,0xa0,0x00,0x00,0x0d,0x90,0x0e,0x80,0x00,0x00,0x1f,0x60,0x2f,
0x50,0x00,0x00,0x3f,0x40,0x4f,0x30,0x00,0x5f,0xff,0xff,0xff,0xff,0x50,0x00,0x9d,0x00,0xac,0x00,0x00,0x00,0xca,0x00,0xd9,
0x00,0x00,0x00,0xf7,0x01,0xf6,0x00,0x00,0x03,0xe3,0x03,0xf3,0x00,0x00,0x00,0x00,0x00,0xe2,0x00,0x00,0x00,0x00,0x01,0xf1,
0x00,0x00,0x00,0x05,0xce,0xfd,0x91,0x00,0x00,0x7f,0xca,0xe9,0xed,0x10,0x02,0xfa,0x04,0xd0,0x14,0x00,0x06,0xf5,0x05,0xc0,
0x00,0x00,0x05,0xf9,0x06,0xb0,0x00,0x00,0x01,0xdf,0xaa,0xa0,0x00,0x00,0x00,0x2b,0xff,0xe8,0x20,0x00,0x00,0x00,0x3c,0xef,
0xf7,0x00,0x00,0x00,0x0b,0x63,0xdf,0x40,0x00,0x00,0x0c,0x50,0x4f,0x70,0x00,0x00,0x0d,0x40,0x4f,0x60,0x07,0x80,0x0e,0x30,
0xbf,0x20,0x0a,0xfd,0x9f,0x9d,0xf7,0x00,0x00,0x5b,0xef,0xec,0x50,0x00,0x00,0x00,0x2f,0x00,0x00,0x00,0x00,0x00,0x3d,0x00,
0x00,0x00,0x01,0x8d,0xe9,0x10,0x00,0x01,0xcc,0x00,0x09,0xd2,0x2c,0xa0,0x00,0x09,0xe2,0x00,0x0e,0x60,0x05,0xf1,0x00,0x6f,
0x40,0x00,0x1f,0x40,0x03,0xf3,0x03,0xf8,0x00,0x00,0x0e,0x60,0x04,0xf1,0x1d,0xb0,0x00,0x00,0x09,0xd2,0x2c,0xa0,0xad,0x10,
0x00,0x00,0x01,0x8e,0xe9,0x17,0xf4,0x00,0x00,0x00,0x00,0x00,0x00,0x3f,0x71,0x9e,0xe8,0x10,0x00,0x00,0x01,0xda,0x0a,0xc2,
0x2d,0x90,0x00,0x00,0x0b,0xd1,0x1f,0x50,0x06,0xf0,0x00,0x00,0x8f,0x30,0x2f,0x30,0x04,0xf2,0x00,0x04,0xf6,0x00,0x1f,0x50,
0x06,0xf1,0x00,0x2e,0xa0,0x00,0x0a,0xc2,0x2c,0x90,0x00,0xcc,0x10,0x00,0x01,0x9e,0xe8,0x00,0x00,0x00,0x6d,0xfd,0x81,0x00,
0x00,0x00,0x00,0x08,0xf5,0x13,0xeb,0x00,0x00,0x00,0x00,0x1f,0x90,0x00,0x5e,0x20,0x00,0x00,0x00,0x2f,0x80,0x00,0x00,0x00,
0x00,0x00,0x00,0x1f,0xd0,0x00,0x00,0x00,0x00,0x00,0x00,0x09,0xf8,0x00,0x00,0x00,0x00,0x00,0x00,0x06,0xff,0x70,0x00,0x00,
0x00,0x00,0x01,0xbf,0x8d,0xf6,0x00,0x1f,0x60,0x00,0x09,0xf6,0x01,0xdf,0x60,0x4f,0x40,0x00,0x0e,0xd0,0x00,0x2d,0xf5,0xae,
0x00,0x00,0x1f,0xb0,0x00,0x02,0xdf,0xf8,0x00,0x00,0x0d,0xe1,0x00,0x00,0x3f,0xf6,0x00,0x00,0x03,0xfb,0x30,0x26,0xec,0xcf,
0x60,0x00,0x00,0x3a,0xdf,0xda,0x50,0x1a,0xf8,0x00,0x0b,0xc0,0x0b,0xc0,0x0b,0xc0,0x0a,0xb0,0x07,0x80,0x00,0x00,0x00,0x00,
0x00,0x00,0x00,0x00,0x00,0x00,0x00,0x00,0x00,0x00,0x00,0x00,0x00,0x00,0x00,0x03,0x10,0x00,0x0d,0x90,0x00,0x7f,0x30,0x00,
0xdb,0x00,0x04,0xf5,0x00,0x09,0xf1,0x00,0x0c,0xc0,0x00,0x0e,0x90,0x00,0x0f,0x80,0x00,0x1f,0x70,0x00,0x1f,0x80,0x00,0x0f,
0x90,0x00,0x0d,0xb0,0x00,0x0a,0xe0,0x00,0x06,0xf3,0x00,0x01,0xf8,0x00,0x00,0xae,0x10,0x00,0x2f,0x70,0x00,0x08,0x50,0x04,
0x00,0x00,0x4f,0x40,0x00,0x0d,0xc0,0x00,0x06,0xf3,0x00,0x01,0xe9,0x00,0x00,0xae,0x00,0x00,0x7f,0x20,0x00,0x4f,0x40,0x00,
0x3f,0x50,0x00,0x2f,0x60,0x00,0x2f,0x60,0x00,0x3f,0x50,0x00,0x6f,0x30,0x00,0x9f,0x00,0x00,0xdb,0x00,0x03,0xf6,0x00,0x0a,
0xe1,0x00,0x2f,0x70,0x00,0x2b,0x10,0x00,0x00,0x03,0xa0,0x00,0x00,0x07,0x63,0xa2,0xa1,0x00,0x01,0x8c,0xdb,0x40,0x00,0x01,
0x8d,0xdc,0x40,0x00,0x07,0x73,0xa3,0xa1,0x00,0x00,0x03,0xa0,0x00,0x00,0x00,0x00,0x00,0x00,0x00,0x00,0x00,0x00,0x00,0x00,
0x00,0x00,0x00,0x00,0x00,0x00,0x00,0x00,0x00,0x00,0x00,0x00,0x00,0x00,0x00,0x00,0x00,0x00,0x00,0x00,0x00,0x00,0x00,0x00,
0x00,0x00,0x00,0x00,0x00,0x00,0x00,0x00,0x0e,0x80,0x00,0x00,0x00,0x00,0x0e,0x80,0x00,0x00,0x00,0x00,0x0e,0x80,0x00,0x00,
0x00,0x00,0x0e,0x80,0x00,0x00,0x00,0x00,0x0e,0x80,0x00,0x00,0x0f,0xff,0xff,0xff,0xff,0x90,0x00,0x00,0x0e,0x80,0x00,0x00,
0x00,0x00,0x0e,0x80,0x00,0x00,0x00,0x00,0x0e,0x80,0x00,0x00,0x00,0x00,0x0e,0x80,0x00,0x00,0x00,0x00,0x00,0x00,0x00,0x00,
0x00,0x00,0x00,0x00,0x00,0x00,0x0a,0xe3,0x00,0x0a,0xf7,0x00,0x00,0xc3,0x00,0x06,0xa0,0x00,0x06,0x10,0x00,0x0b,0xff,0xff,
0x30,0x00,0x00,0x00,0x00,0x00,0x00,0x00,0x00,0x00,0x00,0x00,0x00,0x00,0x00,0x00,0x00,0x00,0x00,0x00,0x00,0x09,0xe5,0x00,
0x09,0xe5,0x00,0x00,0x00,0x00,0x3e,0x20,0x00,0x00,0x00,0xab,0x00,0x00,0x00,0x02,0xf5,0x00,0x00,0x00,0x08,0xd0,0x00,0x00,
0x00,0x0e,0x70,0x00,0x00,0x00,0x5f,0x10,0x00,0x00,0x00,0xca,0x00,0x00,0x00,0x03,0xf4,0x00,0x00,0x00,0x09,0xc0,0x00,0x00,
0x00,0x1e,0x60,0x00,0x00,0x00,0x7e,0x10,0x00,0x00,0x00,0xd9,0x00,0x00,0x00,0x04,0xf2,0x00,0x00,0x00,0x0b,0xb0,0x00,0x00,
0x00,0x2e,0x40,0x00,0x00,0x00,0x00,0x06,0xcf,0xea,0x30,0x00,0x00,0xae,0x51,0x2a,0xf4,0x00,0x06,0xf5,0x00,0x00,0xce,0x10,
0x0d,0xe0,0x00,0x00,0x5f,0x60,0x2f,0xa0,0x00,0x00,0x1f,0xb0,0x5f,0x80,0x00,0x00,0x0e,0xe0,0x6f,0x70,0x00,0x00,0x0d,0xf0,
0x6f,0x70,0x00,0x00,0x0d,0xf0,0x5f,0x80,0x00,0x00,0x0e,0xe0,0x2f,0xa0,0x00,0x00,0x1f,0xb0,0x0d,0xe0,0x00,0x00,0x5f,0x70,
0x06,0xf5,0x00,0x00,0xce,0x10,0x00,0xae,0x51,0x2a,0xf4,0x00,0x00,0x06,0xcf,0xea,0x30,0x00,0x00,0x00,0x0a,0xf5,0x00,0x00,
0x00,0x01,0xbf,0xf5,0x00,0x00,0x00,0x1c,0xfd,0xf5,0x00,0x00,0x02,0xdf,0x67,0xf5,0x00,0x00,0x00,0xa4,0x07,0xf5,0x00,0x00,
0x00,0x00,0x07,0xf5,0x00,0x00,0x00,0x00,0x07,0xf5,0x00,0x00,0x00,0x00,0x07,0xf5,0x00,0x00,0x00,0x00,0x07,0xf5,0x00,0x00,
0x00,0x00,0x07,0xf5,0x00,0x00,0x00,0x00,0x07,0xf5,0x00,0x00,0x00,0x00,0x07,0xf5,0x00,0x00,0x00,0x00,0x07,0xf5,0x00,0x00,
0x00,0x8f,0xff,0xff,0xff,0x30,0x00,0x06,0xce,0xeb,0x30,0x00,0x00,0xae,0x51,0x29,0xf4,0x00,0x06,0xf6,0x00,0x00,0xde,0x00,
0x08,0xb1,0x00,0x00,0xaf,0x30,0x00,0x00,0x00,0x00,0xcf,0x20,0x00,0x00,0x00,0x02,0xfe,0x00,0x00,0x00,0x00,0x0c,0xf7,0x00,
0x00,0x00,0x00,0xaf,0xc0,0x00,0x00,0x00,0x09,0xfd,0x10,0x00,0x00,0x00,0x9f,0xd2,0x00,0x00,0x00,0x09,0xfd,0x20,0x00,0x00,
0x00,0x9f,0xe2,0x00,0x00,0x00,0x09,0xfe,0x30,0x00,0x00,0x00,0x1f,0xfe,0xef,0xff,0xff,0x70,0x00,0x28,0xde,0xeb,0x50,0x00,
0x01,0xee,0x51,0x28,0xf8,0x00,0x06,0xf6,0x00,0x00,0xcf,0x10,0x05,0x90,0x00,0x00,0x9f,0x20,0x00,0x00,0x00,0x00,0xce,0x00,
0x00,0x00,0x00,0x3a,0xe4,0x00,0x00,0x00,0x0f,0xfe,0x50,0x00,0x00,0x00,0x00,0x28,0xf9,0x00,0x00,0x00,0x00,0x00,0x9f,0x30,
0x00,0x00,0x00,0x00,0x5f,0x70,0x0b,0x80,0x00,0x00,0x6f,0x60,0x0b,0xf3,0x00,0x00,0xbf,0x20,0x02,0xed,0x40,0x2a,0xf6,0x00,
0x00,0x29,0xdf,0xea,0x30,0x00,0x00,0x00,0x00,0x3f,0xd0,0x00,0x00,0x00,0x01,0xdf,0xd0,0x00,0x00,0x00,0x0b,0xdb,0xd0,0x00,
0x00,0x00,0x9f,0x3b,0xd0,0x00,0x00,0x06,0xf7,0x0b,0xd0,0x00,0x00,0x3f,0xb0,0x0b,0xd0,0x00,0x01,0xde,0x10,0x0b,0xd0,0x00,
0x0b,0xf4,0x00,0x0b,0xd0,0x00,0x8f,0x80,0x00,0x0b,0xd0,0x00,0x9f,0xff,0xff,0xff,0xff,0xf0,0x00,0x00,0x00,0x0b,0xd0,0x00,
0x00,0x00,0x00,0x0b,0xd0,0x00,0x00,0x00,0x00,0x0b,0xd0,0x00,0x00,0x00,0x00,0x0b,0xd0,0x00,0x00,0x1f,0xff,0xff,0xfb,0x00,
0x00,0x4f,0x30,0x00,0x00,0x00,0x00,0x7f,0x10,0x00,0x00,0x00,0x00,0xad,0x00,0x00,0x00,0x00,0x00,0xcb,0x00,0x00,0x00,0x00,
0x00,0xfe,0xdf,0xeb,0x40,0x00,0x00,0x45,0x11,0x3b,0xf5,0x00,0x00,0x00,0x00,0x01,0xee,0x00,0x00,0x00,0x00,0x00,0xaf,0x30,
0x00,0x00,0x00,0x00,0x9f,0x30,0x00,0x00,0x00,0x00,0xbf,0x10,0x00,0x00,0x00,0x02,0xfa,0x00,0x08,0xe6,0x20,0x4d,0xd1,0x00,
0x03,0x9d,0xef,0xd8,0x10,0x00,0x00,0x00,0x00,0x8f,0x80,0x00,0x00,0x00,0x06,0xfa,0x00,0x00,0x00,0x00,0x3e,0xb0,0x00,0x00,
0x00,0x01,0xdc,0x10,0x00,0x00,0x00,0x0a,0xd1,0x00,0x00,0x00,0x00,0x7f,0xcd,0xfd,0x81,0x00,0x02,0xfe,0x61,0x28,0xfb,0x00,
0x08,0xf5,0x00,0x00,0x9f,0x50,0x0c,0xe0,0x00,0x00,0x3f,0xa0,0x0d,0xc0,0x00,0x00,0x1f,0xb0,0x0c,0xe0,0x00,0x00,0x3f,0x80,
0x07,0xf4,0x00,0x00,0xaf,0x30,0x00,0xce,0x51,0x19,0xf7,0x00,0x00,0x07,0xdf,0xeb,0x40,0x00,0x0d,0xff,0xff,0xff,0xff,0xc0,
0x00,0x00,0x00,0x00,0x5f,0xa0,0x00,0x00,0x00,0x00,0xdf,0x30,0x00,0x00,0x00,0x06,0xfa,0x00,0x00,0x00,0x00,0x0d,0xf3,0x00,
0x00,0x00,0x00,0x6f,0xa0,0x00,0x00,0x00,0x00,0xdf,0x20,0x00,0x00,0x00,0x06,0xfa,0x00,0x00,0x00,0x00,0x0d,0xf2,0x00,0x00,
0x00,0x00,0x5f,0x90,0x00,0x00,0x00,0x00,0xdf,0x20,0x00,0x00,0x00,0x05,0xf9,0x00,0x00,0x00,0x00,0x0d,0xf2,0x00,0x00,0x00,
0x00,0x5f,0x80,0x00,0x00,0x00,0x00,0x07,0xdf,0xeb,0x30,0x00,0x00,0xbe,0x51,0x29,0xf5,0x00,0x05,0xf6,0x00,0x00,0xce,0x00,
0x07,0xf4,0x00,0x00,0xaf,0x10,0x05,0xf6,0x00,0x00,0xde,0x00,0x00,0xbe,0x51,0x29,0xf7,0x00,0x00,0x1b,0xff,0xff,0x70,0x00,
0x02,0xdd,0x41,0x28,0xe6,0x00,0x0b,0xf3,0x00,0x00,0x9f,0x30,0x0e,0xe0,0x00,0x00,0x5f,0x80,0x0f,0xd0,0x00,0x00,0x4f,0x90,
0x0b,0xf3,0x00,0x00,0x9f,0x50,0x02,0xed,0x41,0x27,0xfb,0x00,0x00,0x18,0xdf,0xec,0x60,0x00,0x00,0x07,0xdf,0xeb,0x30,0x00,
0x01,0xcd,0x51,0x29,0xf5,0x00,0x08,0xf3,0x00,0x00,0xce,0x00,0x0d,0xe0,0x00,0x00,0x7f,0x30,0x0e,0xe0,0x00,0x00,0x7f,0x50,
0x0b,0xf2,0x00,0x00,0xcf,0x30,0x02,0xed,0x41,0x2a,0xfe,0x00,0x00,0x3a,0xee,0xcc,0xf7,0x00,0x00,0x00,0x00,0x2e,0xc0,0x00,
0x00,0x00,0x01,0xde,0x20,0x00,0x00,0x00,0x0a,0xf6,0x00,0x00,0x00,0x00,0x7f,0xa0,0x00,0x00,0x00,0x03,0xfd,0x10,0x00,0x00,
0x00,0x1d,0xe4,0x00,0x00,0x00,0x07,0xe7,0x00,0x07,0xe7,0x00,0x00,0x00,0x00,0x00,0x00,0x00,0x00,0x00,0x00,0x00,0x00,0x00,
0x00,0x00,0x00,0x00,0x00,0x00,0x07,0xe7,0x00,0x07,0xe7,0x00,0x06,0xe8,0x00,0x06,0xe9,0x00,0x00,0x00,0x00,0x00,0x00,0x00,
0x00,0x00,0x00,0x00,0x00,0x00,0x00,0x00,0x00,0x00,0x00,0x00,0x06,0xe8,0x00,0x05,0xfc,0x00,0x00,0x78,0x00,0x02,0xd1,0x00,
0x03,0x30,0x00,0x00,0x00,0x00,0x00,0x00,0x00,0x00,0x00,0x00,0x02,0xa5,0x00,0x00,0x00,0x02,0x9f,0xd3,0x00,0x00,0x02,0x9f,
0xe7,0x00,0x00,0x01,0x8f,0xe7,0x10,0x00,0x00,0x04,0xfe,0x60,0x00,0x00,0x00,0x00,0x29,0xfd,0x60,0x00,0x00,0x00,0x00,0x2a,
0xfd,0x60,0x00,0x00,0x00,0x00,0x3b,0xf5,0x00,0x00,0x00,0x00,0x00,0x33,0x00,0x00,0x00,0x00,0x00,0x00,0x00,0x00,0x00,0x00,
0x00,0x00,0x00,0x08,0xff,0xff,0xff,0xff,0x10,0x00,0x00,0x00,0x00,0x00,0x00,0x00,0x00,0x00,0x00,0x00,0x00,0x08,0xff,0xff,
0xff,0xff,0x10,0x00,0x00,0x00,0x00,0x00,0x00,0x00,0x00,0x00,0x00,0x00,0x00,0x00,0x00,0x00,0x00,0x00,0x00,0x00,0x00,0x00,
0x00,0x00,0x00,0x00,0x00,0x00,0x00,0x00,0x00,0x00,0xa7,0x10,0x00,0x00,0x00,0x00,0x7f,0xe6,0x00,0x00,0x00,0x00,0x02,0xaf,
0xd6,0x00,0x00,0x00,0x00,0x02,0xaf,0xd5,0x00,0x00,0x00,0x00,0x2a,0xfd,0x00,0x00,0x00,0x29,0xfd,0x60,0x00,0x00,0x29,0xfe,
0x70,0x00,0x00,0x00,0xbe,0x71,0x00,0x00,0x00,0x00,0x51,0x00,0x00,0x00,0x00,0x00,0x00,0x00,0x00,0x00,0x00,0x00,0x00,0x00,
0x00,0x00,0x00,0x04,0xae,0xec,0x60,0x00,0x1c,0x82,0x16,0xf8,0x00,0x00,0x00,0x00,0xae,0x00,0x00,0x00,0x00,0xbf,0x00,0x00,
0x00,0x03,0xfc,0x00,0x00,0x00,0x4e,0xe3,0x00,0x00,0x04,0xfd,0x30,0x00,0x00,0x09,0xe1,0x00,0x00,0x00,0x09,0xb0,0x00,0x00,
0x00,0x02,0x30,0x00,0x00,0x00,0x00,0x00,0x00,0x00,0x00,0x00,0x00,0x00,0x00,0x00,0x1d,0xd1,0x00,0x00,0x00,0x1d,0xd1,0x00,
0x00,0x00,0x00,0x04,0xad,0xfe,0xc7,0x20,0x00,0x00,0x00,0x01,0xbd,0x62,0x01,0x38,0xe7,0x00,0x00,0x00,0x1d,0x90,0x00,0x00,
0x00,0x2d,0x70,0x00,0x00,0xba,0x00,0x00,0x00,0x00,0x03,0xf2,0x00,0x04,0xe1,0x00,0x07,0xce,0xec,0x00,0xb8,0x00,0x0a,0xa0,
0x01,0xcd,0x40,0x9c,0x00,0x8b,0x00,0x0d,0x60,0x08,0xe1,0x00,0xd8,0x00,0x7c,0x00,0x0e,0x50,0x0e,0x70,0x02,0xf3,0x00,0x9a,
0x00,0x0d,0x70,0x1f,0x50,0x07,0xf0,0x01,0xe5,0x00,0x0a,0xa0,0x0e,0x91,0x4d,0xf3,0x1a,0xb0,0x00,0x05,0xe1,0x04,0xdf,0xb3,
0x8e,0xe9,0x10,0x00,0x00,0xc9,0x00,0x00,0x00,0x00,0x00,0x00,0x00,0x00,0x2e,0x90,0x00,0x00,0x00,0x00,0x10,0x00,0x00,0x02,
0xcd,0x73,0x10,0x14,0x8d,0x80,0x00,0x00,0x00,0x04,0x9d,0xef,0xec,0x94,0x00,0x00,0x00,0x00,0x06,0xfe,0x00,0x00,0x00,0x00,
0x00,0x0c,0xff,0x50,0x00,0x00,0x00,0x00,0x3f,0xaf,0xc0,0x00,0x00,0x00,0x00,0xaf,0x4b,0xf3,0x00,0x00,0x00,0x01,0xfd,0x05,
0xf9,0x00,0x00,0x00,0x07,0xf7,0x00,0xee,0x10,0x00,0x00,0x0d,0xf1,0x00,0x8f,0x60,0x00,0x00,0x4f,0xa0,0x00,0x2f,0xc0,0x00,
0x00,0xaf,0x40,0x00,0x0b,0xf3,0x00,0x02,0xff,0xff,0xff,0xff,0xfa,0x00,0x08,0xf5,0x00,0x00,0x00,0xcf,0x10,0x0d,0xe1,0x00,
0x00,0x00,0x7f,0x70,0x5f,0x90,0x00,0x00,0x00,0x1f,0xd0,0xbf,0x30,0x00,0x00,0x00,0x0a,0xf4,0x03,0xff,0xff,0xfe,0xc7,0x10,
0x00,0x03,0xfc,0x00,0x02,0x8f,0xc0,0x00,0x03,0xfc,0x00,0x00,0x0a,0xf4,0x00,0x03,0xfc,0x00,0x00,0x08,0xf6,0x00,0x03,0xfc,
0x00,0x00,0x0b,0xf3,0x00,0x03,0xfc,0x00,0x03,0x9f,0x60,0x00,0x03,0xff,0xff,0xff,0xf7,0x10,0x00,0x03,0xfc,0x00,0x01,0x5e,
0xd2,0x00,0x03,0xfc,0x00,0x00,0x05,0xfa,0x00,0x03,0xfc,0x00,0x00,0x01,0xfd,0x00,0x03,0xfc,0x00,0x00,0x01,0xfd,0x00,0x03,
0xfc,0x00,0x00,0x06,0xf9,0x00,0x03,0xfc,0x00,0x01,0x6e,0xd1,0x00,0x03,0xff,0xff,0xfe,0xc8,0x10,0x00,0x00,0x00,0x39,0xde,
0xfd,0xb6,0x10,0x00,0x08,0xfa,0x31,0x14,0xaf,0x70,0x00,0x8f,0x70,0x00,0x00,0x04,0x00,0x03,0xfb,0x00,0x00,0x00,0x00,0x00,
0x0a,0xf5,0x00,0x00,0x00,0x00,0x00,0x0d,0xf1,0x00,0x00,0x00,0x00,0x00,0x0f,0xf0,0x00,0x00,0x00,0x00,0x00,0x0f,0xf0,0x00,
0x00,0x00,0x00,0x00,0x0e,0xf1,0x00,0x00,0x00,0x00,0x00,0x0a,0xf5,0x00,0x00,0x00,0x00,0x00,0x04,0xfb,0x00,0x00,0x00,0x00,
0x00,0x00,0x9f,0x70,0x00,0x00,0x04,0x20,0x00,0x09,0xfa,0x31,0x13,0x9f,0xa0,0x00,0x00,0x4a,0xdf,0xed,0xa5,0x00,0x03,0xff,
0xff,0xff,0xda,0x40,0x00,0x00,0x03,0xfc,0x00,0x00,0x38,0xfa,0x10,0x00,0x03,0xfc,0x00,0x00,0x00,0x4f,0xb0,0x00,0x03,0xfc,
0x00,0x00,0x00,0x08,0xf6,0x00,0x03,0xfc,0x00,0x00,0x00,0x02,0xfc,0x00,0x03,0xfc,0x00,0x00,0x00,0x00,0xdf,0x10,0x03,0xfc,
0x00,0x00,0x00,0x00,0xcf,0x30,0x03,0xfc,0x00,0x00,0x00,0x00,0xcf,0x30,0x03,0xfc,0x00,0x00,0x00,0x00,0xdf,0x10,0x03,0xfc,
0x00,0x00,0x00,0x02,0xfd,0x00,0x03,0xfc,0x00,0x00,0x00,0x08,0xf6,0x00,0x03,0xfc,0x00,0x00,0x00,0x4f,0xb0,0x00,0x03,0xfc,
0x00,0x00,0x38,0xfb,0x10,0x00,0x03,0xff,0xff,0xff,0xda,0x40,0x00,0x00,0x03,0xff,0xff,0xff,0xff,0xa0,0x03,0xfc,0x00,0x00,
0x00,0x00,0x03,0xfc,0x00,0x00,0x00,0x00,0x03,0xfc,0x00,0x00,0x00,0x00,0x03,0xfc,0x00,0x00,0x00,0x00,0x03,0xfc,0x00,0x00,
0x00,0x00,0x03,0xff,0xff,0xff,0xf5,0x00,0x03,0xfc,0x00,0x00,0x00,0x00,0x03,0xfc,0x00,0x00,0x00,0x00,0x03,0xfc,0x00,0x00,
0x00,0x00,0x03,0xfc,0x00,0x00,0x00,0x00,0x03,0xfc,0x00,0x00,0x00,0x00,0x03,0xfc,0x00,0x00,0x00,0x00,0x03,0xff,0xff,0xff,
0xff,0xa0,0x03,0xff,0xff,0xff,0xff,0xa0,0x03,0xfc,0x00,0x00,0x00,0x00,0x03,0xfc,0x00,0x00,0x00,0x00,0x03,0xfc,0x00,0x00,
0x00,0x00,0x03,0xfc,0x00,0x00,0x00,0x00,0x03,0xfc,0x00,0x00,0x00,0x00,0x03,0xfc,0x00,0x00,0x00,0x00,0x03,0xff,0xff,0xff,
0xfa,0x00,0x03,0xfc,0x00,0x00,0x00,0x00,0x03,0xfc,0x00,0x00,0x00,0x00,0x03,0xfc,0x00,0x00,0x00,0x00,0x03,0xfc,0x00,0x00,
0x00,0x00,0x03,0xfc,0x00,0x00,0x00,0x00,0x03,0xfc,0x00,0x00,0x00,0x00,0x00,0x00,0x28,0xce,0xfe,0xc9,0x30,0x00,0x00,0x08,
0xfb,0x41,0x13,0x7e,0xf2,0x00,0x00,0x8f,0x70,0x00,0x00,0x01,0x30,0x00,0x03,0xfb,0x00,0x00,0x00,0x00,0x00,0x00,0x0a,0xf5,
0x00,0x00,0x00,0x00,0x00,0x00,0x0e,0xf1,0x00,0x00,0x00,0x00,0x00,0x00,0x0f,0xe0,0x00,0x00,0x00,0x00,0x00,0x00,0x0f,0xe0,
0x00,0x00,0x0e,0xff,0xf7,0x00,0x0e,0xf1,0x00,0x00,0x00,0x04,0xf7,0x00,0x09,0xf5,0x00,0x00,0x00,0x04,0xf7,0x00,0x03,0xfc,
0x00,0x00,0x00,0x04,0xf7,0x00,0x00,0x7f,0x80,0x00,0x00,0x04,0xf7,0x00,0x00,0x07,0xfb,0x51,0x02,0x7e,0xf7,0x00,0x00,0x00,
0x28,0xce,0xfe,0xca,0x51,0x00,0x03,0xfc,0x00,0x00,0x00,0x08,0xf7,0x00,0x03,0xfc,0x00,0x00,0x00,0x08,0xf7,0x00,0x03,0xfc,
0x00,0x00,0x00,0x08,0xf7,0x00,0x03,0xfc,0x00,0x00,0x00,0x08,0xf7,0x00,0x03,0xfc,0x00,0x00,0x00,0x08,0xf7,0x00,0x03,0xfc,
0x00,0x00,0x00,0x08,0xf7,0x00,0x03,0xff,0xff,0xff,0xff,0xff,0xf7,0x00,0x03,0xfc,0x00,0x00,0x00,0x08,0xf7,0x00,0x03,0xfc,
0x00,0x00,0x00,0x08,0xf7,0x00,0x03,0xfc,0x00,0x00,0x00,0x08,0xf7,0x00,0x03,0xfc,0x00,0x00,0x00,0x08,0xf7,0x00,0x03,0xfc,
0x00,0x00,0x00,0x08,0xf7,0x00,0x03,0xfc,0x00,0x00,0x00,0x08,0xf7,0x00,0x03,0xfc,0x00,0x00,0x00,0x08,0xf7,0x00,0x03,0xfc,
0x00,0x03,0xfc,0x00,0x03,0xfc,0x00,0x03,0xfc,0x00,0x03,0xfc,0x00,0x03,0xfc,0x00,0x03,0xfc,0x00,0x03,0xfc,0x00,0x03,0xfc,
0x00,0x03,0xfc,0x00,0x03,0xfc,0x00,0x03,0xfc,0x00,0x03,0xfc,0x00,0x03,0xfc,0x00,0x00,0x00,0x3f,0xc0,0x00,0x00,0x3f,0xc0,
0x00,0x00,0x3f,0xc0,0x00,0x00,0x3f,0xc0,0x00,0x00,0x3f,0xc0,0x00,0x00,0x3f,0xc0,0x00,0x00,0x3f,0xc0,0x00,0x00,0x3f,0xc0,
0x00,0x00,0x3f,0xc0,0x00,0x00,0x3f,0xb0,0x00,0x00,0x4f,0x90,0x00,0x00,0x8f,0x50,0x00,0x16,0xfb,0x00,0x9e,0xfd,0x80,0x00,
0x03,0xfc,0x00,0x00,0x00,0xaf,0x60,0x03,0xfc,0x00,0x00,0x0a,0xf7,0x00,0x03,0xfc,0x00,0x00,0x9f,0x80,0x00,0x03,0xfc,0x00,
0x08,0xf9,0x00,0x00,0x03,0xfc,0x00,0x7f,0x90,0x00,0x00,0x03,0xfc,0x07,0xfa,0x00,0x00,0x00,0x03,0xff,0xff,0xe2,0x00,0x00,
0x00,0x03,0xfc,0x05,0xfd,0x10,0x00,0x00,0x03,0xfc,0x00,0x6f,0xb0,0x00,0x00,0x03,0xfc,0x00,0x09,0xf8,0x00,0x00,0x03,0xfc,
0x00,0x00,0xbf,0x60,0x00,0x03,0xfc,0x00,0x00,0x1d,0xf3,0x00,0x03,0xfc,0x00,0x00,0x03,0xee,0x20,0x03,0xfc,0x00,0x00,0x00,
0x5f,0xc1,0x03,0xfc,0x00,0x00,0x00,0x03,0xfc,0x00,0x00,0x00,0x03,0xfc,0x00,0x00,0x00,0x03,0xfc,0x00,0x00,0x00,0x03,0xfc,
0x00,0x00,0x00,0x03,0xfc,0x00,0x00,0x00,0x03,0xfc,0x00,0x00,0x00,0x03,0xfc,0x00,0x00,0x00,0x03,0xfc,0x00,0x00,0x00,0x03,
0xfc,0x00,0x00,0x00,0x03,0xfc,0x00,0x00,0x00,0x03,0xfc,0x00,0x00,0x00,0x03,0xfc,0x00,0x00,0x00,0x03,0xff,0xff,0xff,0xfe,
0x03,0xfe,0x10,0x00,0x00,0x00,0x00,0x7f,0xb0,0x00,0x03,0xff,0x90,0x00,0x00,0x00,0x01,0xef,0xb0,0x00,0x03,0xff,0xf3,0x00,
0x00,0x00,0x09,0xff,0xb0,0x00,0x03,0xfa,0xfb,0x00,0x00,0x00,0x2f,0x9e,0xb0,0x00,0x03,0xf8,0x8f,0x50,0x00,0x00,0xbe,0x1e,
0xb0,0x00,0x03,0xf8,0x1e,0xd0,0x00,0x04,0xf7,0x0e,0xb0,0x00,0x03,0xf8,0x06,0xf7,0x00,0x0c,0xd1,0x0e,0xb0,0x00,0x03,0xf8,
0x00,0xce,0x10,0x6f,0x60,0x0e,0xb0,0x00,0x03,0xf8,0x00,0x4f,0x91,0xec,0x00,0x0e,0xb0,0x00,0x03,0xf8,0x00,0x0a,0xf9,0xf4,
0x00,0x0e,0xb0,0x00,0x03,0xf8,0x00,0x02,0xff,0xb0,0x00,0x0e,0xb0,0x00,0x03,0xf8,0x00,0x00,0x7e,0x30,0x00,0x0e,0xb0,0x00,
0x03,0xf8,0x00,0x00,0x00,0x00,0x00,0x0e,0xb0,0x00,0x03,0xf8,0x00,0x00,0x00,0x00,0x00,0x0e,0xb0,0x00,0x03,0xf9,0x00,0x00,
0x00,0x04,0xf7,0x00,0x03,0xff,0x60,0x00,0x00,0x04,0xf7,0x00,0x03,0xff,0xf3,0x00,0x00,0x04,0xf7,0x00,0x03,0xf9,0xed,0x10,
0x00,0x04,0xf7,0x00,0x03,0xf8,0x4f,0xb0,0x00,0x04,0xf7,0x00,0x03,0xf8,0x07,0xf7,0x00,0x04,0xf7,0x00,0x03,0xf8,0x00,0xbf,
0x40,0x04,0xf7,0x00,0x03,0xf8,0x00,0x1d,0xe1,0x04,0xf7,0x00,0x03,0xf8,0x00,0x03,0xfb,0x04,0xf7,0x00,0x03,0xf8,0x00,0x00,
0x6f,0x84,0xf7,0x00,0x03,0xf8,0x00,0x00,0x0a,0xf9,0xf7,0x00,0x03,0xf8,0x00,0x00,0x01,0xcf,0xf7,0x00,0x03,0xf8,0x00,0x00,
0x00,0x2e,0xf7,0x00,0x03,0xf8,0x00,0x00,0x00,0x05,0xf7,0x00,0x00,0x00,0x39,0xde,0xed,0x93,0x00,0x00,0x00,0x08,0xfa,0x41,
0x14,0xaf,0x80,0x00,0x00,0x8f,0x70,0x00,0x00,0x07,0xf8,0x00,0x03,0xfb,0x00,0x00,0x00,0x00,0xbf,0x30,0x0a,0xf5,0x00,0x00,
0x00,0x00,0x5f,0x90,0x0e,0xf1,0x00,0x00,0x00,0x00,0x1f,0xe0,0x0f,0xe0,0x00,0x00,0x00,0x00,0x0e,0xf0,0x0f,0xe0,0x00,0x00,
0x00,0x00,0x0e,0xf0,0x0e,0xf1,0x00,0x00,0x00,0x00,0x1f,0xe0,0x0a,0xf4,0x00,0x00,0x00,0x00,0x4f,0xa0,0x03,0xfb,0x00,0x00,
0x00,0x00,0xbf,0x30,0x00,0x9f,0x60,0x00,0x00,0x06,0xf8,0x00,0x00,0x08,0xfa,0x31,0x13,0xaf,0x80,0x00,0x00,0x00,0x39,0xde,
0xed,0x93,0x00,0x00,0x03,0xff,0xff,0xfd,0xa3,0x00,0x03,0xfc,0x00,0x14,0xcf,0x50,0x03,0xfc,0x00,0x00,0x1e,0xe1,0x03,0xfc,
0x00,0x00,0x0a,0xf5,0x03,0xfc,0x00,0x00,0x09,0xf6,0x03,0xfc,0x00,0x00,0x0a,0xf4,0x03,0xfc,0x00,0x00,0x2f,0xd0,0x03,0xfc,
0x00,0x15,0xde,0x40,0x03,0xff,0xff,0xfd,0x92,0x00,0x03,0xfc,0x00,0x00,0x00,0x00,0x03,0xfc,0x00,0x00,0x00,0x00,0x03,0xfc,
0x00,0x00,0x00,0x00,0x03,0xfc,0x00,0x00,0x00,0x00,0x03,0xfc,0x00,0x00,0x00,0x00,0x00,0x00,0x39,0xde,0xed,0x92,0x00,0x00,
0x00,0x08,0xfa,0x41,0x13,0xaf,0x70,0x00,0x00,0x8f,0x70,0x00,0x00,0x07,0xf7,0x00,0x03,0xfb,0x00,0x00,0x00,0x00,0xbf,0x20,
0x09,0xf5,0x00,0x00,0x00,0x00,0x4f,0x90,0x0d,0xf1,0x00,0x00,0x00,0x00,0x1f,0xd0,0x0f,0xf0,0x00,0x00,0x00,0x00,0x0e,0xf0,
0x0f,0xf0,0x00,0x00,0x00,0x00,0x0e,0xf1,0x0d,0xf1,0x00,0x00,0x00,0x00,0x1f,0xe0,0x0a,0xf5,0x00,0x00,0x00,0x00,0x4f,0xb0,
0x03,0xfb,0x00,0x00,0x00,0x00,0xbf,0x60,0x00,0x8f,0x70,0x00,0x00,0x06,0xfc,0x00,0x00,0x08,0xfa,0x31,0x13,0x9f,0xd2,0x00,
0x00,0x00,0x39,0xde,0xed,0xdf,0x50,0x00,0x00,0x00,0x00,0x00,0x00,0x1c,0xf4,0x00,0x00,0x00,0x00,0x00,0x00,0x01,0xdf,0x40,
0x00,0x00,0x00,0x00,0x00,0x00,0x2d,0xe4,0x03,0xff,0xff,0xfd,0x93,0x00,0x00,0x03,0xfc,0x00,0x14,0xcf,0x50,0x00,0x03,0xfc,
0x00,0x00,0x2f,0xd0,0x00,0x03,0xfc,0x00,0x00,0x0c,0xf1,0x00,0x03,0xfc,0x00,0x00,0x0d,0xf0,0x00,0x03,0xfc,0x00,0x00,0x3f,
0xb0,0x00,0x03,0xfc,0x00,0x25,0xed,0x20,0x00,0x03,0xff,0xff,0xfe,0x71,0x00,0x00,0x03,0xfc,0x01,0xbf,0x50,0x00,0x00,0x03,
0xfc,0x00,0x2e,0xe2,0x00,0x00,0x03,0xfc,0x00,0x05,0xfc,0x00,0x00,0x03,0xfc,0x00,0x00,0x9f,0x80,0x00,0x03,0xfc,0x00,0x00,
0x1d,0xf5,0x00,0x03,0xfc,0x00,0x00,0x03,0xee,0x20,0x00,0x18,0xdf,0xec,0x82,0x00,0x00,0xcd,0x41,0x27,0xe5,0x00,0x06,0xf4,
0x00,0x00,0x10,0x00,0x0a,0xf2,0x00,0x00,0x00,0x00,0x0a,0xfa,0x10,0x00,0x00,0x00,0x06,0xff,0xe8,0x30,0x00,0x00,0x00,0xaf,
0xff,0xfc,0x40,0x00,0x00,0x04,0xaf,0xff,0xf4,0x00,0x00,0x00,0x01,0x6e,0xfc,0x00,0x00,0x00,0x00,0x02,0xfe,0x00,0x00,0x00,
0x00,0x00,0xec,0x00,0x05,0x10,0x00,0x02,0xf7,0x00,0x2f,0xe6,0x11,0x4d,0xc1,0x00,0x03,0x9d,0xef,0xd7,0x10,0x00,0xbf,0xff,
0xff,0xff,0xff,0xf8,0x00,0x00,0x1f,0xd0,0x00,0x00,0x00,0x00,0x1f,0xd0,0x00,0x00,0x00,0x00,0x1f,0xd0,0x00,0x00,0x00,0x00,
0x1f,0xd0,0x00,0x00,0x00,0x00,0x1f,0xd0,0x00,0x00,0x00,0x00,0x1f,0xd0,0x00,0x00,0x00,0x00,0x1f,0xd0,0x00,0x00,0x00,0x00,
0x1f,0xd0,0x00,0x00,0x00,0x00,0x1f,0xd0,0x00,0x00,0x00,0x00,0x1f,0xd0,0x00,0x00,0x00,0x00,0x1f,0xd0,0x00,0x00,0x00,0x00,
0x1f,0xd0,0x00,0x00,0x00,0x00,0x1f,0xd0,0x00,0x00,0x05,0xf9,0x00,0x00,0x00,0x0d,0xf1,0x00,0x05,0xf9,0x00,0x00,0x00,0x0d,
0xf1,0x00,0x05,0xf9,0x00,0x00,0x00,0x0d,0xf1,0x00,0x05,0xf9,0x00,0x00,0x00,0x0d,0xf1,0x00,0x05,0xf9,0x00,0x00,0x00,0x0d,
0xf1,0x00,0x05,0xf9,0x00,0x00,0x00,0x0d,0xf1,0x00,0x05,0xf9,0x00,0x00,0x00,0x0d,0xf1,0x00,0x05,0xf9,0x00,0x00,0x00,0x0d,
0xf1,0x00,0x05,0xf9,0x00,0x00,0x00,0x0d,0xf1,0x00,0x04,0xfa,0x00,0x00,0x00,0x0e,0xe0,0x00,0x00,0xed,0x00,0x00,0x00,0x2f,
0xa0,0x00,0x00,0x7f,0x60,0x00,0x00,0xaf,0x30,0x00,0x00,0x0a,0xf8,0x20,0x2a,0xf6,0x00,0x00,0x00,0x00,0x5b,0xef,0xda,0x30,
0x00,0x00,0xbf,0x40,0x00,0x00,0x00,0x0a,0xf4,0x5f,0xa0,0x00,0x00,0x00,0x2f,0xd0,0x0d,0xf2,0x00,0x00,0x00,0x9f,0x70,0x07,
0xf8,0x00,0x00,0x01,0xee,0x10,0x01,0xfe,0x00,0x00,0x06,0xf9,0x00,0x00,0xaf,0x50,0x00,0x0c,0xf3,0x00,0x00,0x3f,0xb0,0x00,
0x3f,0xc0,0x00,0x00,0x0c,0xf2,0x00,0x9f,0x50,0x00,0x00,0x06,0xf8,0x01,0xee,0x00,0x00,0x00,0x01,0xee,0x16,0xf8,0x00,0x00,
0x00,0x00,0x8f,0x6c,0xf2,0x00,0x00,0x00,0x00,0x2f,0xcf,0xa0,0x00,0x00,0x00,0x00,0x0b,0xff,0x40,0x00,0x00,0x00,0x00,0x05,
0xfd,0x00,0x00,0x00,0x8f,0x80,0x00,0x00,0x07,0xf5,0x00,0x00,0x00,0xbf,0x40,0x3f,0xd0,0x00,0x00,0x0d,0xfb,0x00,0x00,0x01,
0xfe,0x00,0x0d,0xf3,0x00,0x00,0x3f,0xff,0x10,0x00,0x06,0xf9,0x00,0x09,0xf8,0x00,0x00,0x9f,0x8f,0x60,0x00,0x0a,0xf4,0x00,
0x04,0xfc,0x00,0x00,0xec,0x1f,0xb0,0x00,0x1e,0xe0,0x00,0x00,0xef,0x20,0x04,0xf7,0x0b,0xf2,0x00,0x5f,0xa0,0x00,0x00,0x9f,
0x60,0x09,0xf2,0x06,0xf7,0x00,0x9f,0x50,0x00,0x00,0x4f,0xb0,0x0e,0xb0,0x01,0xfc,0x00,0xef,0x10,0x00,0x00,0x0e,0xf1,0x5f,
0x60,0x00,0xaf,0x23,0xfa,0x00,0x00,0x00,0x0a,0xf5,0xaf,0x10,0x00,0x5f,0x78,0xf6,0x00,0x00,0x00,0x05,0xfa,0xeb,0x00,0x00,
0x1e,0xcc,0xf1,0x00,0x00,0x00,0x01,0xff,0xf6,0x00,0x00,0x0a,0xff,0xb0,0x00,0x00,0x00,0x00,0xbf,0xf1,0x00,0x00,0x05,0xff,
0x60,0x00,0x00,0x00,0x00,0x6f,0xa0,0x00,0x00,0x01,0xef,0x20,0x00,0x00,0x4f,0xd1,0x00,0x00,0x00,0xcf,0x40,0x08,0xf9,0x00,
0x00,0x08,0xf8,0x00,0x00,0xdf,0x40,0x00,0x3f,0xc0,0x00,0x00,0x3f,0xd1,0x01,0xdf,0x20,0x00,0x00,0x07,0xf9,0x09,0xf6,0x00,
0x00,0x00,0x00,0xcf,0x8f,0xb0,0x00,0x00,0x00,0x00,0x2f,0xff,0x10,0x00,0x00,0x00,0x00,0x5f,0xff,0x50,0x00,0x00,0x00,0x01,
0xee,0x4e,0xe1,0x00,0x00,0x00,0x0b,0xf5,0x06,0xfb,0x00,0x00,0x00,0x6f,0xa0,0x00,0xbf,0x60,0x00,0x02,0xee,0x10,0x00,0x2e,
0xe2,0x00,0x0b,0xf5,0x00,0x00,0x07,0xfb,0x00,0x7f,0x90,0x00,0x00,0x00,0xbf,0x60,0xaf,0x60,0x00,0x00,0x01,0xdf,0x20,0x2e,
0xe1,0x00,0x00,0x08,0xf8,0x00,0x07,0xf9,0x00,0x00,0x2f,0xd1,0x00,0x00,0xcf,0x40,0x00,0xbf,0x40,0x00,0x00,0x3f,0xc0,0x05,
0xfa,0x00,0x00,0x00,0x09,0xf7,0x1e,0xe1,0x00,0x00,0x00,0x01,0xde,0x8f,0x60,0x00,0x00,0x00,0x00,0x5f,0xfc,0x00,0x00,0x00,
0x00,0x00,0x0c,0xf4,0x00,0x00,0x00,0x00,0x00,0x0b,0xf3,0x00,0x00,0x00,0x00,0x00,0x0b,0xf3,0x00,0x00,0x00,0x00,0x00,0x0b,
0xf3,0x00,0x00,0x00,0x00,0x00,0x0b,0xf3,0x00,0x00,0x00,0x00,0x00,0x0b,0xf3,0x00,0x00,0x00,0x1f,0xff,0xff,0xff,0xff,0xf6,
0x00,0x00,0x00,0x00,0x8f,0xe2,0x00,0x00,0x00,0x03,0xff,0x60,0x00,0x00,0x00,0x0c,0xfb,0x00,0x00,0x00,0x00,0x8f,0xe1,0x00,
0x00,0x00,0x03,0xff,0x50,0x00,0x00,0x00,0x1d,0xf9,0x00,0x00,0x00,0x00,0x9f,0xd1,0x00,0x00,0x00,0x04,0xff,0x30,0x00,0x00,
0x00,0x1d,0xf8,0x00,0x00,0x00,0x00,0xaf,0xc0,0x00,0x00,0x00,0x05,0xfe,0x20,0x00,0x00,0x00,0x1e,0xf6,0x00,0x00,0x00,0x00,
0x7f,0xff,0xff,0xff,0xff,0xf4,0x03,0xff,0xf7,0x03,0xf5,0x00,0x03,0xf5,0x00,0x03,0xf5,0x00,0x03,0xf5,0x00,0x03,0xf5,0x00,
0x03,0xf5,0x00,0x03,0xf5,0x00,0x03,0xf5,0x00,0x03,0xf5,0x00,0x03,0xf5,0x00,0x03,0xf5,0x00,0x03,0xf5,0x00,0x03,0xf5,0x00,
0x03,0xf5,0x00,0x03,0xf5,0x00,0x03,0xf5,0x00,0x03,0xff,0xf7,0x2e,0x40,0x00,0x00,0x00,0x0b,0xb0,0x00,0x00,0x00,0x04,0xf2,
0x00,0x00,0x00,0x00,0xd8,0x00,0x00,0x00,0x00,0x7e,0x10,0x00,0x00,0x00,0x1e,0x60,0x00,0x00,0x00,0x09,0xc0,0x00,0x00,0x00,
0x03,0xf4,0x00,0x00,0x00,0x00,0xca,0x00,0x00,0x00,0x00,0x5f,0x10,0x00,0x00,0x00,0x0e,0x70,0x00,0x00,0x00,0x08,0xd0,0x00,
0x00,0x00,0x02,0xf5,0x00,0x00,0x00,0x00,0xab,0x00,0x00,0x00,0x00,0x3e,0x20,0x5f,0xff,0x40,0x00,0x3f,0x40,0x00,0x3f,0x40,
0x00,0x3f,0x40,0x00,0x3f,0x40,0x00,0x3f,0x40,0x00,0x3f,0x40,0x00,0x3f,0x40,0x00,0x3f,0x40,0x00,0x3f,0x40,0x00,0x3f,0x40,
0x00,0x3f,0x40,0x00,0x3f,0x40,0x00,0x3f,0x40,0x00,0x3f,0x40,0x00,0x3f,0x40,0x00,0x3f,0x40,0x5f,0xff,0x40,0x00,0x00,0x2e,
0x90,0x00,0x00,0x00,0x00,0xae,0xf3,0x00,0x00,0x00,0x03,0xf6,0xcb,0x00,0x00,0x00,0x0b,0xd0,0x4f,0x50,0x00,0x00,0x5f,0x50,
0x0b,0xd0,0x00,0x00,0xdc,0x00,0x03,0xf7,0x00,0x06,0xf4,0x00,0x00,0x9e,0x10,0x00,0x00,0x00,0x00,0x00,0x00,0x00,0x00,0x00,
0x00,0x00,0x00,0x00,0x00,0x00,0x00,0x00,0x00,0x00,0x00,0x00,0x00,0x00,0x00,0x00,0x00,0x00,0x00,0x00,0x00,0x00,0x00,0x00,
0x00,0x00,0x00,0x00,0x00,0x00,0x00,0x00,0x00,0x00,0x00,0x00,0x00,0x00,0x00,0x00,0x00,0x00,0x00,0x5f,0xff,0xff,0xff,0x80,
0x04,0xfb,0x00,0x00,0x00,0x6f,0x60,0x00,0x00,0x07,0xe1,0x00,0x00,0x00,0x00,0x00,0x00,0x00,0x00,0x00,0x00,0x00,0x00,0x00,
0x00,0x00,0x00,0x00,0x00,0x00,0x00,0x00,0x00,0x00,0x00,0x00,0x00,0x00,0x00,0x00,0x00,0x00,0x00,0x00,0x00,0x00,0x00,0x00,
0x00,0x00,0x00,0x00,0x00,0x00,0x00,0x00,0x00,0x6c,0xee,0xb2,0x00,0x09,0xe6,0x12,0xce,0x10,0x02,0x20,0x00,0x5f,0x70,0x00,
0x00,0x00,0x2f,0x90,0x00,0x00,0x00,0x1f,0xa0,0x00,0x5a,0xde,0xff,0xa0,0x0b,0xe7,0x31,0x2f,0xa0,0x4f,0x70,0x00,0x2f,0xa0,
0x2f,0xb1,0x14,0xcf,0xa0,0x06,0xdf,0xe9,0x2b,0xa0,0x09,0xf3,0x00,0x00,0x00,0x00,0x09,0xf3,0x00,0x00,0x00,0x00,0x09,0xf3,
0x00,0x00,0x00,0x00,0x09,0xf3,0x00,0x00,0x00,0x00,0x09,0xf4,0x8d,0xfd,0x60,0x00,0x09,0xfd,0x61,0x2a,0xf7,0x00,0x09,0xf6,
0x00,0x00,0xde,0x00,0x09,0xf3,0x00,0x00,0x9f,0x30,0x09,0xf3,0x00,0x00,0x8f,0x50,0x09,0xf3,0x00,0x00,0x8f,0x40,0x09,0xf3,
0x00,0x00,0xaf,0x20,0x09,0xf3,0x00,0x01,0xec,0x00,0x09,0xfc,0x30,0x3b,0xf3,0x00,0x09,0xe4,0xce,0xeb,0x30,0x00,0x00,0x18,
0xdf,0xeb,0x40,0x01,0xdd,0x40,0x28,0x70,0x09,0xf3,0x00,0x00,0x00,0x0e,0xd0,0x00,0x00,0x00,0x2f,0xb0,0x00,0x00,0x00,0x2f,
0xb0,0x00,0x00,0x00,0x0e,0xd0,0x00,0x00,0x00,0x0a,0xf3,0x00,0x00,0x00,0x02,0xed,0x40,0x29,0xb0,0x00,0x29,0xef,0xea,0x30,
0x00,0x00,0x00,0x00,0xfc,0x00,0x00,0x00,0x00,0x00,0xfc,0x00,0x00,0x00,0x00,0x00,0xfc,0x00,0x00,0x00,0x00,0x00,0xfc,0x00,
0x00,0x29,0xef,0xd6,0xfc,0x00,0x01,0xdd,0x40,0x2b,0xfc,0x00,0x09,0xf4,0x00,0x00,0xfc,0x00,0x0e,0xd0,0x00,0x00,0xfc,0x00,
0x2f,0xb0,0x00,0x00,0xfc,0x00,0x2f,0xb0,0x00,0x00,0xfc,0x00,0x0f,0xc0,0x00,0x00,0xfc,0x00,0x0b,0xf2,0x00,0x02,0xfc,0x00,
0x04,0xfc,0x21,0x4d,0xfc,0x00,0x00,0x4c,0xfe,0xa2,0xbc,0x00,0x00,0x18,0xdf,0xd9,0x10,0x00,0x01,0xdd,0x41,0x3c,0xc1,0x00,
0x0a,0xf2,0x00,0x02,0xf7,0x00,0x0f,0xc0,0x00,0x00,0xdb,0x00,0x2f,0xff,0xff,0xff,0xfb,0x00,0x2f,0xa0,0x00,0x00,0x00,0x00,
0x0e,0xc0,0x00,0x00,0x00,0x00,0x09,0xf4,0x00,0x00,0x00,0x00,0x01,0xde,0x51,0x16,0xd5,0x00,0x00,0x18,0xdf,0xeb,0x60,0x00,
0x00,0x07,0xde,0xa0,0x00,0x7f,0x71,0x00,0x00,0xcd,0x00,0x00,0x00,0xec,0x00,0x00,0x7f,0xff,0xff,0xb0,0x01,0xed,0x00,0x00,
0x00,0xed,0x00,0x00,0x00,0xed,0x00,0x00,0x00,0xed,0x00,0x00,0x00,0xed,0x00,0x00,0x00,0xed,0x00,0x00,0x00,0xed,0x00,0x00,
0x00,0xed,0x00,0x00,0x00,0xed,0x00,0x00,0x00,0x5c,0xef,0xff,0xfe,0x06,0xf7,0x11,0x9f,0xb5,0x0d,0xc0,0x00,0x0e,0xa0,0x0d,
0xc0,0x00,0x0e,0xa0,0x07,0xf7,0x11,0x9f,0x30,0x00,0xae,0xee,0xb3,0x00,0x05,0xf2,0x00,0x00,0x00,0x08,0xf5,0x10,0x00,0x00,
0x02,0xee,0xff,0xfe,0xa1,0x1c,0xa1,0x00,0x15,0xfa,0x5f,0x40,0x00,0x00,0xeb,0x2e,0xc3,0x11,0x3a,0xe3,0x02,0x9d,0xfe,0xc9,
0x20,0x09,0xf3,0x00,0x00,0x00,0x00,0x09,0xf3,0x00,0x00,0x00,0x00,0x09,0xf3,0x00,0x00,0x00,0x00,0x09,0xf3,0x00,0x00,0x00,
0x00,0x09,0xf4,0x8d,0xfd,0x50,0x00,0x09,0xfe,0x61,0x1a,0xf4,0x00,0x09,0xf5,0x00,0x01,0xfa,0x00,0x09,0xf3,0x00,0x00,0xec,
0x00,0x09,0xf3,0x00,0x00,0xed,0x00,0x09,0xf3,0x00,0x00,0xed,0x00,0x09,0xf3,0x00,0x00,0xed,0x00,0x09,0xf3,0x00,0x00,0xed,
0x00,0x09,0xf3,0x00,0x00,0xed,0x00,0x09,0xf3,0x00,0x00,0xed,0x00,0x09,0xe6,0x00,0x09,0xe6,0x00,0x00,0x00,0x00,0x00,0x00,
0x00,0x07,0xf4,0x00,0x07,0xf4,0x00,0x07,0xf4,0x00,0x07,0xf4,0x00,0x07,0xf4,0x00,0x07,0xf4,0x00,0x07,0xf4,0x00,0x07,0xf4,
0x00,0x07,0xf4,0x00,0x07,0xf4,0x00,0x00,0x9e,0x60,0x00,0x9e,0x60,0x00,0x00,0x00,0x00,0x00,0x00,0x00,0x7f,0x40,0x00,0x7f,
0x40,0x00,0x7f,0x40,0x00,0x7f,0x40,0x00,0x7f,0x40,0x00,0x7f,0x40,0x00,0x7f,0x40,0x00,0x7f,0x40,0x00,0x7f,0x40,0x00,0x7f,
0x40,0x00,0x7f,0x40,0x01,0xce,0x10,0x9f,0xc4,0x00,0x09,0xf3,0x00,0x00,0x00,0x00,0x09,0xf3,0x00,0x00,0x00,0x00,0x09,0xf3,
0x00,0x00,0x00,0x00,0x09,0xf3,0x00,0x00,0x00,0x00,0x09,0xf3,0x00,0x09,0xf5,0x00,0x09,0xf3,0x00,0x9f,0x50,0x00,0x09,0xf3,
0x08,0xf6,0x00,0x00,0x09,0xf3,0x8f,0x60,0x00,0x00,0x09,0xff,0xfc,0x00,0x00,0x00,0x09,0xf3,0x7f,0x70,0x00,0x00,0x09,0xf3,
0x0a,0xf4,0x00,0x00,0x09,0xf3,0x01,0xde,0x20,0x00,0x09,0xf3,0x00,0x2e,0xc1,0x00,0x09,0xf3,0x00,0x05,0xfa,0x00,0x08,0xf4,
0x00,0x08,0xf4,0x00,0x08,0xf4,0x00,0x08,0xf4,0x00,0x08,0xf4,0x00,0x08,0xf4,0x00,0x08,0xf4,0x00,0x08,0xf4,0x00,0x08,0xf4,
0x00,0x08,0xf4,0x00,0x08,0xf4,0x00,0x08,0xf4,0x00,0x08,0xf4,0x00,0x08,0xf4,0x00,0x09,0xe2,0xae,0xe8,0x05,0xce,0xd8,0x00,
0x09,0xfd,0x41,0x5f,0x9d,0x31,0x6f,0x80,0x09,0xf4,0x00,0x0b,0xf5,0x00,0x0c,0xe0,0x09,0xf3,0x00,0x0a,0xf3,0x00,0x0a,0xf2,
0x09,0xf3,0x00,0x09,0xf2,0x00,0x0a,0xf2,0x09,0xf3,0x00,0x09,0xf2,0x00,0x0a,0xf2,0x09,0xf3,0x00,0x09,0xf2,0x00,0x0a,0xf2,
0x09,0xf3,0x00,0x09,0xf2,0x00,0x0a,0xf2,0x09,0xf3,0x00,0x09,0xf2,0x00,0x0a,0xf2,0x09,0xf3,0x00,0x09,0xf2,0x00,0x0a,0xf2,
0x09,0xe1,0xae,0xfd,0x50,0x00,0x09,0xfd,0x61,0x1a,0xf4,0x00,0x09,0xf5,0x00,0x01,0xfa,0x00,0x09,0xf3,0x00,0x00,0xec,0x00,
0x09,0xf3,0x00,0x00,0xed,0x00,0x09,0xf3,0x00,0x00,0xed,0x00,0x09,0xf3,0x00,0x00,0xed,0x00,0x09,0xf3,0x00,0x00,0xed,0x00,
0x09,0xf3,0x00,0x00,0xed,0x00,0x09,0xf3,0x00,0x00,0xed,0x00,0x00,0x18,0xdf,0xea,0x30,0x00,0x01,0xdd,0x40,0x2a,0xf4,0x00,
0x09,0xf3,0x00,0x00,0xde,0x10,0x0e,0xd0,0x00,0x00,0x8f,0x50,0x2f,0xb0,0x00,0x00,0x6f,0x70,0x2f,0xb0,0x00,0x00,0x6f,0x70,
0x0e,0xd0,0x00,0x00,0x8f,0x50,0x09,0xf3,0x00,0x00,0xde,0x10,0x01,0xdd,0x30,0x29,0xf5,0x00,0x00,0x18,0xdf,0xea,0x30,0x00,
0x09,0xe1,0x8d,0xfd,0x60,0x00,0x09,0xfc,0x61,0x29,0xf7,0x00,0x09,0xf6,0x00,0x00,0xde,0x00,0x09,0xf3,0x00,0x00,0x9f,0x30,
0x09,0xf3,0x00,0x00,0x8f,0x50,0x09,0xf3,0x00,0x00,0x8f,0x50,0x09,0xf3,0x00,0x00,0xaf,0x20,0x09,0xf3,0x00,0x01,0xfc,0x00,
0x09,0xfc,0x30,0x3b,0xe3,0x00,0x09,0xf7,0xbe,0xeb,0x30,0x00,0x09,0xf3,0x00,0x00,0x00,0x00,0x09,0xf3,0x00,0x00,0x00,0x00,
0x09,0xf3,0x00,0x00,0x00,0x00,0x00,0x29,0xef,0xd6,0xbc,0x00,0x01,0xdd,0x40,0x2b,0xfc,0x00,0x09,0xf4,0x00,0x00,0xfc,0x00,
0x0e,0xd0,0x00,0x00,0xfc,0x00,0x2f,0xb0,0x00,0x00,0xfc,0x00,0x2f,0xb0,0x00,0x00,0xfc,0x00,0x0f,0xc0,0x00,0x00,0xfc,0x00,
0x0b,0xf2,0x00,0x02,0xfc,0x00,0x04,0xfc,0x21,0x4d,0xfc,0x00,0x00,0x4c,0xfe,0xa2,0xfc,0x00,0x00,0x00,0x00,0x00,0xfc,0x00,
0x00,0x00,0x00,0x00,0xfc,0x00,0x00,0x00,0x00,0x00,0xfc,0x00,0x09,0xe0,0x9e,0xe1,0x09,0xfa,0xff,0xf0,0x09,0xfe,0x50,0x00,
0x09,0xf7,0x00,0x00,0x09,0xf3,0x00,0x00,0x09,0xf3,0x00,0x00,0x09,0xf3,0x00,0x00,0x09,0xf3,0x00,0x00,0x09,0xf3,0x00,0x00,
0x09,0xf3,0x00,0x00,0x00,0x7d,0xed,0xa3,0x00,0x09,0xe4,0x12,0x94,0x00,0x0e,0xb0,0x00,0x00,0x00,0x0e,0xf7,0x10,0x00,0x00,
0x06,0xff,0xfb,0x40,0x00,0x00,0x38,0xdf,0xf6,0x00,0x00,0x00,0x05,0xfc,0x00,0x00,0x00,0x00,0xdb,0x00,0x1c,0x61,0x16,0xf5,
0x00,0x17,0xcf,0xeb,0x40,0x00,0x00,0x8c,0x00,0x00,0x00,0xac,0x00,0x00,0x00,0xdc,0x00,0x00,0x7e,0xff,0xff,0xb0,0x00,0xfc,
0x00,0x00,0x00,0xfc,0x00,0x00,0x00,0xfc,0x00,0x00,0x00,0xfc,0x00,0x00,0x00,0xfc,0x00,0x00,0x00,0xfc,0x00,0x00,0x00,0xec,
0x00,0x00,0x00,0xbe,0x22,0x40,0x00,0x2c,0xfd,0x80,0x0a,0xf1,0x00,0x01,0xfb,0x00,0x0a,0xf1,0x00,0x01,0xfb,0x00,0x0a,0xf1,
0x00,0x01,0xfb,0x00,0x0a,0xf1,0x00,0x01,0xfb,0x00,0x0a,0xf1,0x00,0x01,0xfb,0x00,0x0a,0xf1,0x00,0x01,0xfb,0x00,0x0a,0xf2,
0x00,0x01,0xfb,0x00,0x08,0xf4,0x00,0x02,0xfb,0x00,0x02,0xfc,0x21,0x5d,0xfb,0x00,0x00,0x4c,0xfe,0xa2,0xcb,0x00,0x8f,0x40,
0x00,0x00,0xdd,0x00,0x2f,0xa0,0x00,0x04,0xf7,0x00,0x0b,0xf2,0x00,0x0b,0xf1,0x00,0x05,0xf7,0x00,0x2f,0xa0,0x00,0x00,0xdd,
0x00,0x8f,0x30,0x00,0x00,0x8f,0x40,0xdc,0x00,0x00,0x00,0x2f,0xa5,0xf6,0x00,0x00,0x00,0x0a,0xea,0xe1,0x00,0x00,0x00,0x04,
0xff,0x90,0x00,0x00,0x00,0x00,0xdf,0x20,0x00,0x00,0x8f,0x40,0x00,0x1e,0xc0,0x00,0x07,0xf3,0x3f,0x90,0x00,0x6f,0xf3,0x00,
0x0d,0xd0,0x0d,0xe0,0x00,0xbc,0xf7,0x00,0x2f,0x80,0x08,0xf3,0x01,0xf6,0xbc,0x00,0x7f,0x30,0x03,0xf8,0x05,0xf1,0x6f,0x20,
0xbd,0x00,0x00,0xdc,0x0a,0xb0,0x1f,0x71,0xf9,0x00,0x00,0x8f,0x3f,0x60,0x0b,0xc5,0xf4,0x00,0x00,0x3f,0xaf,0x10,0x06,0xfb,
0xe0,0x00,0x00,0x0d,0xfb,0x00,0x01,0xff,0x90,0x00,0x00,0x08,0xf6,0x00,0x00,0xbf,0x40,0x00,0x4f,0xb0,0x00,0x09,0xf4,0x09,
0xf6,0x00,0x5f,0x80,0x01,0xde,0x21,0xec,0x00,0x00,0x3f,0xba,0xe2,0x00,0x00,0x07,0xff,0x60,0x00,0x00,0x0a,0xff,0xa0,0x00,
0x00,0x5f,0x88,0xf5,0x00,0x02,0xec,0x01,0xde,0x20,0x0b,0xf2,0x00,0x4f,0xb0,0x6f,0x60,0x00,0x09,0xf6,0x9f,0x50,0x00,0x00,
0xce,0x00,0x2f,0xc0,0x00,0x04,0xf7,0x00,0x0a,0xf4,0x00,0x0b,0xe1,0x00,0x03,0xfa,0x00,0x2f,0x90,0x00,0x00,0xbf,0x20,0x9f,
0x20,0x00,0x00,0x4f,0x91,0xea,0x00,0x00,0x00,0x0c,0xe7,0xf3,0x00,0x00,0x00,0x06,0xfe,0xc0,0x00,0x00,0x00,0x00,0xdf,0x50,
0x00,0x00,0x00,0x00,0xcd,0x00,0x00,0x00,0x00,0x04,0xf6,0x00,0x00,0x00,0x00,0x0b,0xe1,0x00,0x00,0x00,0x00,0x3f,0x70,0x00,
0x00,0x00,0x2f,0xff,0xff,0xff,0x60,0x00,0x00,0x01,0xef,0x20,0x00,0x00,0x0b,0xf6,0x00,0x00,0x00,0x6f,0xa0,0x00,0x00,0x03,
0xfd,0x10,0x00,0x00,0x0c,0xf4,0x00,0x00,0x00,0x8f,0x70,0x00,0x00,0x04,0xfb,0x00,0x00,0x00,0x1e,0xe2,0x00,0x00,0x00,0x6f,
0xff,0xff,0xff,0x30,0x00,0x3b,0xe5,0x01,0xea,0x10,0x05,0xf2,0x00,0x06,0xf2,0x00,0x05,0xf3,0x00,0x03,0xf5,0x00,0x01,0xf7,
0x00,0x00,0xf8,0x00,0x05,0xf4,0x00,0x5f,0x80,0x00,0x05,0xf4,0x00,0x00,0xf8,0x00,0x01,0xf7,0x00,0x04,0xf4,0x00,0x06,0xf2,
0x00,0x06,0xf2,0x00,0x02,0xe9,0x10,0x00,0x4c,0xe5,0x01,0x82,0x00,0x03,0xf3,0x00,0x03,0xf3,0x00,0x03,0xf3,0x00,0x03,0xf3,
0x00,0x03,0xf3,0x00,0x03,0xf3,0x00,0x03,0xf3,0x00,0x03,0xf3,0x00,0x03,0xf3,0x00,0x03,0xf3,0x00,0x03,0xf3,0x00,0x03,0xf3,
0x00,0x03,0xf3,0x00,0x03,0xf3,0x00,0x03,0xf3,0x00,0x03,0xf3,0x00,0x03,0xf3,0x00,0x03,0xf3,0x00,0x5e,0xb3,0x00,0x01,0xae,
0x10,0x00,0x2f,0x50,0x00,0x2f,0x70,0x00,0x3f,0x50,0x00,0x5f,0x30,0x00,0x7f,0x10,0x00,0x8f,0x00,0x00,0x3f,0x60,0x00,0x08,
0xf5,0x00,0x4f,0x50,0x00,0x8f,0x00,0x00,0x7f,0x20,0x00,0x4f,0x40,0x00,0x2f,0x60,0x00,0x2f,0x60,0x01,0x9e,0x20,0x5e,0xc4,
0x00,0x00,0x00,0x00,0x00,0x1f,0x60,0x01,0xae,0xea,0x41,0x7f,0x20,0x09,0xe2,0x16,0xbe,0xd5,0x00,0x05,0x50,0x00,0x00,0x00,
0x00,0x00,0x00,0x00,0x00,0x00,0x00,0x00,0x00,0x00,0x00,0x00,0x00,0x00,0x00,0x00,0x00,0x00,0x00,0x00,0x00,0x00,0x00,0x00,
0x00,
};
#endif

static const lv_font_fmt_txt_glyph_dsc_t product_text_20_glyphs[]={
{.bitmap_index=0,.adv_w=0,.box_w=0,.box_h=0,.ofs_x=0,.ofs_y=0},
{.bitmap_index=0,.adv_w=80,.box_w=5,.box_h=0,.ofs_x=0,.ofs_y=0},
{.bitmap_index=0,.adv_w=80,.box_w=5,.box_h=14,.ofs_x=0,.ofs_y=0},
{.bitmap_index=42,.adv_w=112,.box_w=7,.box_h=14,.ofs_x=0,.ofs_y=0},
{.bitmap_index=98,.adv_w=192,.box_w=12,.box_h=14,.ofs_x=0,.ofs_y=0},
{.bitmap_index=182,.adv_w=192,.box_w=12,.box_h=18,.ofs_x=0,.ofs_y=-2},
{.bitmap_index=290,.adv_w=256,.box_w=16,.box_h=14,.ofs_x=0,.ofs_y=0},
{.bitmap_index=402,.adv_w=224,.box_w=15,.box_h=14,.ofs_x=0,.ofs_y=0},
{.bitmap_index=514,.adv_w=64,.box_w=4,.box_h=14,.ofs_x=0,.ofs_y=0},
{.bitmap_index=542,.adv_w=80,.box_w=5,.box_h=19,.ofs_x=0,.ofs_y=-3},
{.bitmap_index=599,.adv_w=80,.box_w=5,.box_h=19,.ofs_x=0,.ofs_y=-3},
{.bitmap_index=656,.adv_w=144,.box_w=9,.box_h=14,.ofs_x=0,.ofs_y=0},
{.bitmap_index=726,.adv_w=192,.box_w=12,.box_h=12,.ofs_x=0,.ofs_y=0},
{.bitmap_index=798,.adv_w=80,.box_w=5,.box_h=5,.ofs_x=0,.ofs_y=-3},
{.bitmap_index=813,.adv_w=112,.box_w=7,.box_h=6,.ofs_x=0,.ofs_y=0},
{.bitmap_index=837,.adv_w=80,.box_w=5,.box_h=2,.ofs_x=0,.ofs_y=0},
{.bitmap_index=843,.adv_w=144,.box_w=9,.box_h=15,.ofs_x=0,.ofs_y=-1},
{.bitmap_index=918,.adv_w=192,.box_w=12,.box_h=14,.ofs_x=0,.ofs_y=0},
{.bitmap_index=1002,.adv_w=192,.box_w=12,.box_h=14,.ofs_x=0,.ofs_y=0},
{.bitmap_index=1086,.adv_w=192,.box_w=12,.box_h=14,.ofs_x=0,.ofs_y=0},
{.bitmap_index=1170,.adv_w=192,.box_w=12,.box_h=14,.ofs_x=0,.ofs_y=0},
{.bitmap_index=1254,.adv_w=192,.box_w=12,.box_h=14,.ofs_x=0,.ofs_y=0},
{.bitmap_index=1338,.adv_w=192,.box_w=12,.box_h=14,.ofs_x=0,.ofs_y=0},
{.bitmap_index=1422,.adv_w=192,.box_w=12,.box_h=14,.ofs_x=0,.ofs_y=0},
{.bitmap_index=1506,.adv_w=192,.box_w=12,.box_h=14,.ofs_x=0,.ofs_y=0},
{.bitmap_index=1590,.adv_w=192,.box_w=12,.box_h=14,.ofs_x=0,.ofs_y=0},
{.bitmap_index=1674,.adv_w=192,.box_w=12,.box_h=14,.ofs_x=0,.ofs_y=0},
{.bitmap_index=1758,.adv_w=80,.box_w=5,.box_h=10,.ofs_x=0,.ofs_y=0},
{.bitmap_index=1788,.adv_w=80,.box_w=5,.box_h=13,.ofs_x=0,.ofs_y=-3},
{.bitmap_index=1827,.adv_w=192,.box_w=12,.box_h=12,.ofs_x=0,.ofs_y=0},
{.bitmap_index=1899,.adv_w=192,.box_w=12,.box_h=8,.ofs_x=0,.ofs_y=0},
{.bitmap_index=1947,.adv_w=192,.box_w=12,.box_h=12,.ofs_x=0,.ofs_y=0},
{.bitmap_index=2019,.adv_w=144,.box_w=9,.box_h=14,.ofs_x=0,.ofs_y=0},
{.bitmap_index=2089,.adv_w=272,.box_w=17,.box_h=15,.ofs_x=0,.ofs_y=-2},
{.bitmap_index=2224,.adv_w=224,.box_w=14,.box_h=14,.ofs_x=0,.ofs_y=0},
{.bitmap_index=2322,.adv_w=208,.box_w=13,.box_h=14,.ofs_x=0,.ofs_y=0},
{.bitmap_index=2420,.adv_w=208,.box_w=13,.box_h=14,.ofs_x=0,.ofs_y=0},
{.bitmap_index=2518,.adv_w=240,.box_w=15,.box_h=14,.ofs_x=0,.ofs_y=0},
{.bitmap_index=2630,.adv_w=192,.box_w=12,.box_h=14,.ofs_x=0,.ofs_y=0},
{.bitmap_index=2714,.adv_w=176,.box_w=11,.box_h=14,.ofs_x=0,.ofs_y=0},
{.bitmap_index=2798,.adv_w=240,.box_w=15,.box_h=14,.ofs_x=0,.ofs_y=0},
{.bitmap_index=2910,.adv_w=240,.box_w=15,.box_h=14,.ofs_x=0,.ofs_y=0},
{.bitmap_index=3022,.adv_w=96,.box_w=6,.box_h=14,.ofs_x=0,.ofs_y=0},
{.bitmap_index=3064,.adv_w=128,.box_w=8,.box_h=14,.ofs_x=0,.ofs_y=0},
{.bitmap_index=3120,.adv_w=208,.box_w=14,.box_h=14,.ofs_x=0,.ofs_y=0},
{.bitmap_index=3218,.adv_w=160,.box_w=10,.box_h=14,.ofs_x=0,.ofs_y=0},
{.bitmap_index=3288,.adv_w=304,.box_w=19,.box_h=14,.ofs_x=0,.ofs_y=0},
{.bitmap_index=3428,.adv_w=240,.box_w=15,.box_h=14,.ofs_x=0,.ofs_y=0},
{.bitmap_index=3540,.adv_w=256,.box_w=16,.box_h=14,.ofs_x=0,.ofs_y=0},
{.bitmap_index=3652,.adv_w=192,.box_w=12,.box_h=14,.ofs_x=0,.ofs_y=0},
{.bitmap_index=3736,.adv_w=256,.box_w=16,.box_h=17,.ofs_x=0,.ofs_y=-3},
{.bitmap_index=3872,.adv_w=208,.box_w=13,.box_h=14,.ofs_x=0,.ofs_y=0},
{.bitmap_index=3970,.adv_w=176,.box_w=11,.box_h=14,.ofs_x=0,.ofs_y=0},
{.bitmap_index=4054,.adv_w=192,.box_w=12,.box_h=14,.ofs_x=0,.ofs_y=0},
{.bitmap_index=4138,.adv_w=240,.box_w=15,.box_h=14,.ofs_x=0,.ofs_y=0},
{.bitmap_index=4250,.adv_w=224,.box_w=14,.box_h=14,.ofs_x=0,.ofs_y=0},
{.bitmap_index=4348,.adv_w=336,.box_w=21,.box_h=14,.ofs_x=0,.ofs_y=0},
{.bitmap_index=4502,.adv_w=208,.box_w=13,.box_h=14,.ofs_x=0,.ofs_y=0},
{.bitmap_index=4600,.adv_w=192,.box_w=13,.box_h=14,.ofs_x=0,.ofs_y=0},
{.bitmap_index=4698,.adv_w=192,.box_w=12,.box_h=14,.ofs_x=0,.ofs_y=0},
{.bitmap_index=4782,.adv_w=96,.box_w=6,.box_h=18,.ofs_x=0,.ofs_y=-3},
{.bitmap_index=4836,.adv_w=144,.box_w=9,.box_h=15,.ofs_x=0,.ofs_y=-1},
{.bitmap_index=4911,.adv_w=96,.box_w=6,.box_h=18,.ofs_x=0,.ofs_y=-3},
{.bitmap_index=4965,.adv_w=192,.box_w=12,.box_h=14,.ofs_x=0,.ofs_y=0},
{.bitmap_index=5049,.adv_w=144,.box_w=9,.box_h=3,.ofs_x=0,.ofs_y=-3},
{.bitmap_index=5064,.adv_w=128,.box_w=8,.box_h=14,.ofs_x=0,.ofs_y=0},
{.bitmap_index=5120,.adv_w=160,.box_w=10,.box_h=10,.ofs_x=0,.ofs_y=0},
{.bitmap_index=5170,.adv_w=176,.box_w=11,.box_h=14,.ofs_x=0,.ofs_y=0},
{.bitmap_index=5254,.adv_w=160,.box_w=10,.box_h=10,.ofs_x=0,.ofs_y=0},
{.bitmap_index=5304,.adv_w=176,.box_w=11,.box_h=14,.ofs_x=0,.ofs_y=0},
{.bitmap_index=5388,.adv_w=176,.box_w=11,.box_h=10,.ofs_x=0,.ofs_y=0},
{.bitmap_index=5448,.adv_w=112,.box_w=7,.box_h=14,.ofs_x=0,.ofs_y=0},
{.bitmap_index=5504,.adv_w=160,.box_w=10,.box_h=13,.ofs_x=0,.ofs_y=-3},
{.bitmap_index=5569,.adv_w=176,.box_w=11,.box_h=14,.ofs_x=0,.ofs_y=0},
{.bitmap_index=5653,.adv_w=80,.box_w=5,.box_h=14,.ofs_x=0,.ofs_y=0},
{.bitmap_index=5695,.adv_w=80,.box_w=6,.box_h=17,.ofs_x=-1,.ofs_y=-3},
{.bitmap_index=5746,.adv_w=160,.box_w=11,.box_h=14,.ofs_x=0,.ofs_y=0},
{.bitmap_index=5830,.adv_w=80,.box_w=5,.box_h=14,.ofs_x=0,.ofs_y=0},
{.bitmap_index=5872,.adv_w=256,.box_w=16,.box_h=10,.ofs_x=0,.ofs_y=0},
{.bitmap_index=5952,.adv_w=176,.box_w=11,.box_h=10,.ofs_x=0,.ofs_y=0},
{.bitmap_index=6012,.adv_w=176,.box_w=11,.box_h=10,.ofs_x=0,.ofs_y=0},
{.bitmap_index=6072,.adv_w=176,.box_w=11,.box_h=13,.ofs_x=0,.ofs_y=-3},
{.bitmap_index=6150,.adv_w=176,.box_w=11,.box_h=13,.ofs_x=0,.ofs_y=-3},
{.bitmap_index=6228,.adv_w=112,.box_w=8,.box_h=10,.ofs_x=0,.ofs_y=0},
{.bitmap_index=6268,.adv_w=144,.box_w=9,.box_h=10,.ofs_x=0,.ofs_y=0},
{.bitmap_index=6318,.adv_w=112,.box_w=7,.box_h=13,.ofs_x=0,.ofs_y=0},
{.bitmap_index=6370,.adv_w=176,.box_w=11,.box_h=10,.ofs_x=0,.ofs_y=0},
{.bitmap_index=6430,.adv_w=160,.box_w=11,.box_h=10,.ofs_x=0,.ofs_y=0},
{.bitmap_index=6490,.adv_w=256,.box_w=16,.box_h=10,.ofs_x=0,.ofs_y=0},
{.bitmap_index=6570,.adv_w=160,.box_w=10,.box_h=10,.ofs_x=0,.ofs_y=0},
{.bitmap_index=6620,.adv_w=160,.box_w=11,.box_h=13,.ofs_x=0,.ofs_y=-3},
{.bitmap_index=6698,.adv_w=144,.box_w=9,.box_h=10,.ofs_x=0,.ofs_y=0},
{.bitmap_index=6748,.adv_w=96,.box_w=6,.box_h=18,.ofs_x=0,.ofs_y=-3},
{.bitmap_index=6802,.adv_w=80,.box_w=5,.box_h=19,.ofs_x=0,.ofs_y=-3},
{.bitmap_index=6859,.adv_w=96,.box_w=6,.box_h=18,.ofs_x=0,.ofs_y=-3},
{.bitmap_index=6913,.adv_w=192,.box_w=12,.box_h=8,.ofs_x=0,.ofs_y=0},
};

static lv_font_fmt_txt_dsc_t product_text_20_dsc={
#if !NOODOE_PRODUCT
.glyph_bitmap=product_text_20_bitmap,
#endif
.glyph_dsc=product_text_20_glyphs,.cmaps=product_text_16_map,.cmap_num=1,.bpp=4,.bitmap_format=0,.stride=1};

const lv_font_t product_text_20={.get_glyph_dsc=lv_font_get_glyph_dsc_fmt_txt,.get_glyph_bitmap=lv_font_get_bitmap_fmt_txt,.line_height=23,.base_line=5,.dsc=&product_text_20_dsc};

#if !NOODOE_PRODUCT
static const uint8_t product_text_24_bitmap[]={
0x00,0xcf,0x40,0x00,0xcf,0x40,0x00,0xcf,0x40,0x00,0xcf,0x40,0x00,0xcf,0x40,0x00,0xcf,0x40,0x00,0xcf,0x40,0x00,0xcf,0x40,
0x00,0xbf,0x30,0x00,0xaf,0x20,0x00,0x8f,0x00,0x00,0x00,0x00,0x00,0x00,0x00,0x00,0x00,0x00,0x01,0xbe,0x40,0x04,0xff,0xa0,
0x01,0xce,0x40,0x07,0xf6,0x07,0xf6,0x00,0x07,0xf6,0x07,0xf6,0x00,0x07,0xf6,0x07,0xf6,0x00,0x07,0xf6,0x07,0xf6,0x00,0x05,
0xf4,0x05,0xf4,0x00,0x02,0xd1,0x02,0xd1,0x00,0x00,0x00,0x00,0x00,0x00,0x00,0x00,0x00,0x00,0x00,0x00,0x00,0x00,0x00,0x00,
0x00,0x00,0x00,0x00,0x00,0x00,0x00,0x00,0x00,0x00,0x00,0x00,0x00,0x00,0x00,0x00,0x00,0x00,0x00,0x00,0x00,0x00,0x00,0x00,
0x00,0x00,0x00,0x00,0x00,0x00,0x00,0x00,0x00,0x00,0x00,0x00,0x00,0x00,0x00,0x00,0x00,0x00,0x0a,0xe0,0x02,0xf8,0x00,0x00,
0x00,0x1f,0xb0,0x05,0xf7,0x00,0x00,0x00,0x3f,0x80,0x08,0xf4,0x00,0x00,0x00,0x7f,0x50,0x0b,0xf1,0x00,0x00,0x00,0xaf,0x20,
0x0e,0xd0,0x00,0x06,0xff,0xff,0xff,0xff,0xff,0xf3,0x0a,0xff,0xff,0xff,0xff,0xff,0xd1,0x00,0x01,0xfa,0x00,0x6f,0x60,0x00,
0x00,0x05,0xf6,0x00,0x9f,0x20,0x00,0x00,0x09,0xf2,0x00,0xdd,0x00,0x00,0x4f,0xff,0xff,0xff,0xff,0xff,0x60,0x3f,0xff,0xff,
0xff,0xff,0xff,0x60,0x00,0x1f,0xa0,0x05,0xf6,0x00,0x00,0x00,0x4f,0x70,0x08,0xf3,0x00,0x00,0x00,0x7f,0x40,0x0c,0xf0,0x00,
0x00,0x00,0xaf,0x10,0x0e,0xc0,0x00,0x00,0x00,0xdb,0x00,0x1e,0x90,0x00,0x00,0x00,0x00,0x00,0x04,0x40,0x00,0x00,0x00,0x00,
0x00,0x0c,0x80,0x00,0x00,0x00,0x00,0x00,0x0d,0x70,0x00,0x00,0x00,0x00,0x6c,0xef,0xeb,0x50,0x00,0x00,0x0b,0xff,0xdf,0xef,
0xfa,0x10,0x00,0x8f,0xc3,0x1f,0x43,0xab,0x00,0x00,0xef,0x20,0x2f,0x30,0x00,0x00,0x01,0xff,0x00,0x4f,0x20,0x00,0x00,0x00,
0xef,0x40,0x5f,0x10,0x00,0x00,0x00,0x9f,0xe6,0x6f,0x00,0x00,0x00,0x00,0x0b,0xff,0xfe,0x51,0x00,0x00,0x00,0x00,0x5b,0xff,
0xfe,0x81,0x00,0x00,0x00,0x00,0x9d,0xbf,0xfc,0x00,0x00,0x00,0x00,0xaa,0x04,0xef,0x60,0x00,0x00,0x00,0xb9,0x00,0x8f,0x90,
0x00,0x00,0x00,0xc8,0x00,0x7f,0x80,0x00,0x40,0x00,0xd7,0x00,0xcf,0x50,0x08,0xfb,0x30,0xe6,0x19,0xfd,0x00,0x03,0xdf,0xfd,
0xfd,0xff,0xe3,0x00,0x00,0x06,0xce,0xff,0xd8,0x10,0x00,0x00,0x00,0x02,0xf3,0x00,0x00,0x00,0x00,0x00,0x03,0xf2,0x00,0x00,
0x00,0x00,0x00,0x02,0x60,0x00,0x00,0x00,0x00,0x3b,0xee,0x91,0x00,0x00,0x00,0x5f,0xa0,0x00,0x02,0xef,0xff,0xfc,0x00,0x00,
0x02,0xed,0x10,0x00,0x09,0xf8,0x12,0xbf,0x50,0x00,0x1c,0xe3,0x00,0x00,0x0d,0xd0,0x00,0x3f,0x80,0x00,0x9f,0x60,0x00,0x00,
0x0e,0xb0,0x00,0x0f,0xa0,0x06,0xf9,0x00,0x00,0x00,0x0d,0xd0,0x00,0x2f,0x80,0x3e,0xc1,0x00,0x00,0x00,0x09,0xf8,0x12,0xbf,
0x41,0xde,0x20,0x00,0x00,0x00,0x01,0xef,0xff,0xfa,0x0a,0xf5,0x00,0x00,0x00,0x00,0x00,0x2b,0xee,0x80,0x6f,0x90,0x00,0x00,
0x00,0x00,0x00,0x00,0x00,0x03,0xfc,0x00,0x7d,0xfc,0x50,0x00,0x00,0x00,0x00,0x1d,0xe2,0x09,0xff,0xff,0xf5,0x00,0x00,0x00,
0x00,0xaf,0x50,0x3f,0xd3,0x15,0xfe,0x00,0x00,0x00,0x06,0xf9,0x00,0x6f,0x60,0x00,0xaf,0x20,0x00,0x00,0x3f,0xc0,0x00,0x6f,
0x40,0x00,0x8f,0x20,0x00,0x01,0xde,0x20,0x00,0x3f,0x60,0x00,0xae,0x00,0x00,0x0a,0xf5,0x00,0x00,0x0a,0xd3,0x15,0xf5,0x00,
0x00,0x7f,0x80,0x00,0x00,0x00,0x8d,0xfc,0x50,0x00,0x00,0x00,0x05,0xce,0xeb,0x30,0x00,0x00,0x00,0x00,0x00,0xaf,0xff,0xff,
0xf5,0x00,0x00,0x00,0x00,0x04,0xff,0x61,0x18,0xfe,0x10,0x00,0x00,0x00,0x08,0xf9,0x00,0x00,0xae,0x40,0x00,0x00,0x00,0x08,
0xf6,0x00,0x00,0x00,0x00,0x00,0x00,0x00,0x05,0xfb,0x00,0x00,0x00,0x00,0x00,0x00,0x00,0x00,0xcf,0x60,0x00,0x00,0x00,0x00,
0x00,0x00,0x00,0x8f,0xf6,0x00,0x00,0x00,0x00,0x00,0x00,0x2c,0xe6,0xcf,0x70,0x00,0x0c,0xd0,0x00,0x01,0xde,0x30,0x1c,0xf8,
0x00,0x1f,0xb0,0x00,0x08,0xf8,0x00,0x01,0xcf,0xa0,0x6f,0x80,0x00,0x0d,0xf4,0x00,0x00,0x1c,0xfb,0xcf,0x20,0x00,0x0e,0xf5,
0x00,0x00,0x01,0xcf,0xf9,0x00,0x00,0x0b,0xfb,0x00,0x00,0x00,0x7f,0xfb,0x00,0x00,0x05,0xff,0xa3,0x01,0x5b,0xfc,0xcf,0xa0,
0x00,0x00,0x8f,0xff,0xff,0xff,0xa1,0x2e,0xf8,0x00,0x00,0x04,0xbe,0xfd,0x94,0x00,0x03,0xef,0x70,0x07,0xf6,0x00,0x07,0xf6,
0x00,0x07,0xf6,0x00,0x07,0xf6,0x00,0x05,0xf4,0x00,0x02,0xd1,0x00,0x00,0x00,0x00,0x00,0x00,0x00,0x00,0x00,0x00,0x00,0x00,
0x00,0x00,0x00,0x00,0x00,0x00,0x00,0x00,0x00,0x00,0x00,0x00,0x00,0x00,0x00,0x00,0x00,0x00,0x00,0x00,0x00,0x00,0x00,0x00,
0x51,0x00,0x04,0xf8,0x00,0x0c,0xf3,0x00,0x4f,0xa0,0x00,0xaf,0x40,0x01,0xfe,0x00,0x05,0xf9,0x00,0x08,0xf6,0x00,0x0b,0xf3,
0x00,0x0c,0xf1,0x00,0x0d,0xf0,0x00,0x0e,0xe0,0x00,0x0d,0xf0,0x00,0x0c,0xf1,0x00,0x0b,0xf3,0x00,0x08,0xf6,0x00,0x04,0xf9,
0x00,0x01,0xee,0x00,0x00,0xaf,0x40,0x00,0x4f,0xb0,0x00,0x0b,0xf4,0x00,0x03,0xf8,0x00,0x00,0x40,0x04,0x20,0x00,0x2f,0xa0,
0x00,0x0c,0xf3,0x00,0x04,0xfa,0x00,0x00,0xdf,0x10,0x00,0x8f,0x70,0x00,0x3f,0xb0,0x00,0x0f,0xe0,0x00,0x0c,0xf2,0x00,0x0a,
0xf3,0x00,0x09,0xf4,0x00,0x08,0xf5,0x00,0x09,0xf4,0x00,0x0a,0xf3,0x00,0x0c,0xf1,0x00,0x0f,0xd0,0x00,0x3f,0xa0,0x00,0x8f,
0x60,0x00,0xdf,0x10,0x05,0xfa,0x00,0x0c,0xf3,0x00,0x2f,0xa0,0x00,0x03,0x10,0x00,0x00,0x00,0x69,0x00,0x00,0x01,0x30,0x69,
0x01,0x20,0x04,0xe9,0x79,0x7e,0x60,0x00,0x2a,0xee,0xc3,0x00,0x00,0x2a,0xee,0xb3,0x00,0x04,0xe9,0x79,0x7e,0x60,0x01,0x30,
0x69,0x02,0x20,0x00,0x00,0x69,0x00,0x00,0x00,0x00,0x00,0x00,0x00,0x00,0x00,0x00,0x00,0x00,0x00,0x00,0x00,0x00,0x00,0x00,
0x00,0x00,0x00,0x00,0x00,0x00,0x00,0x00,0x00,0x00,0x00,0x00,0x00,0x00,0x00,0x00,0x00,0x00,0x00,0x00,0x00,0x00,0x00,0x00,
0x00,0x00,0x00,0x00,0x00,0x00,0x00,0x00,0xec,0x00,0x00,0x00,0x00,0x00,0x00,0xec,0x00,0x00,0x00,0x00,0x00,0x00,0xec,0x00,
0x00,0x00,0x00,0x00,0x00,0xec,0x00,0x00,0x00,0x00,0x00,0x00,0xec,0x00,0x00,0x00,0x0c,0xff,0xff,0xff,0xff,0xff,0xb0,0x0c,
0xff,0xff,0xff,0xff,0xff,0xb0,0x00,0x00,0x00,0xec,0x00,0x00,0x00,0x00,0x00,0x00,0xec,0x00,0x00,0x00,0x00,0x00,0x00,0xec,
0x00,0x00,0x00,0x00,0x00,0x00,0xec,0x00,0x00,0x00,0x00,0x00,0x00,0xec,0x00,0x00,0x00,0x00,0x00,0x00,0x00,0x00,0x00,0x00,
0x00,0x00,0x00,0x00,0x00,0x00,0x00,0x05,0xea,0x00,0x0a,0xff,0x20,0x05,0xef,0x10,0x00,0x5c,0x00,0x01,0xc4,0x00,0x07,0x80,
0x00,0x00,0x00,0x00,0x08,0xff,0xff,0xf6,0x00,0x08,0xff,0xff,0xf6,0x00,0x00,0x00,0x00,0x00,0x00,0x00,0x00,0x00,0x00,0x00,
0x00,0x00,0x00,0x00,0x00,0x00,0x00,0x00,0x00,0x00,0x00,0x00,0x00,0x00,0x00,0x00,0x00,0x00,0x00,0x00,0x04,0xec,0x10,0x09,
0xff,0x40,0x04,0xec,0x10,0x00,0x00,0x00,0x00,0xbd,0x00,0x00,0x00,0x00,0x04,0xf6,0x00,0x00,0x00,0x00,0x0b,0xe1,0x00,0x00,
0x00,0x00,0x2f,0x90,0x00,0x00,0x00,0x00,0x8f,0x30,0x00,0x00,0x00,0x01,0xeb,0x00,0x00,0x00,0x00,0x06,0xf5,0x00,0x00,0x00,
0x00,0x0c,0xd0,0x00,0x00,0x00,0x00,0x3f,0x70,0x00,0x00,0x00,0x00,0xaf,0x10,0x00,0x00,0x00,0x01,0xfa,0x00,0x00,0x00,0x00,
0x07,0xf4,0x00,0x00,0x00,0x00,0x0d,0xc0,0x00,0x00,0x00,0x00,0x5f,0x60,0x00,0x00,0x00,0x00,0xbe,0x10,0x00,0x00,0x00,0x02,
0xf9,0x00,0x00,0x00,0x00,0x09,0xf2,0x00,0x00,0x00,0x00,0x1e,0x90,0x00,0x00,0x00,0x00,0x00,0x00,0x7c,0xee,0xc6,0x00,0x00,
0x00,0x1c,0xff,0xff,0xff,0xb1,0x00,0x00,0xbf,0xd5,0x11,0x6e,0xfa,0x00,0x05,0xff,0x20,0x00,0x04,0xff,0x30,0x0b,0xf9,0x00,
0x00,0x00,0xaf,0x90,0x0e,0xf4,0x00,0x00,0x00,0x5f,0xd0,0x2f,0xf1,0x00,0x00,0x00,0x2f,0xf1,0x3f,0xf0,0x00,0x00,0x00,0x1f,
0xf2,0x4f,0xe0,0x00,0x00,0x00,0x0f,0xf3,0x3f,0xf0,0x00,0x00,0x00,0x1f,0xf2,0x2f,0xf1,0x00,0x00,0x00,0x2f,0xf1,0x0e,0xf4,
0x00,0x00,0x00,0x5f,0xd0,0x0b,0xf9,0x00,0x00,0x00,0xaf,0x90,0x05,0xff,0x20,0x00,0x04,0xff,0x40,0x00,0xbf,0xd5,0x11,0x6e,
0xfa,0x00,0x00,0x1c,0xff,0xff,0xff,0xb1,0x00,0x00,0x00,0x7c,0xee,0xc6,0x00,0x00,0x00,0x00,0x00,0x7f,0xc0,0x00,0x00,0x00,
0x00,0x0a,0xff,0xc0,0x00,0x00,0x00,0x01,0xcf,0xef,0xc0,0x00,0x00,0x00,0x3d,0xfb,0x6f,0xc0,0x00,0x00,0x00,0xcf,0x90,0x5f,
0xc0,0x00,0x00,0x00,0x25,0x00,0x5f,0xc0,0x00,0x00,0x00,0x00,0x00,0x5f,0xc0,0x00,0x00,0x00,0x00,0x00,0x5f,0xc0,0x00,0x00,
0x00,0x00,0x00,0x5f,0xc0,0x00,0x00,0x00,0x00,0x00,0x5f,0xc0,0x00,0x00,0x00,0x00,0x00,0x5f,0xc0,0x00,0x00,0x00,0x00,0x00,
0x5f,0xc0,0x00,0x00,0x00,0x00,0x00,0x5f,0xc0,0x00,0x00,0x00,0x00,0x00,0x5f,0xc0,0x00,0x00,0x00,0x00,0x00,0x5f,0xc0,0x00,
0x00,0x00,0x0f,0xff,0xff,0xff,0xff,0x30,0x00,0x0f,0xff,0xff,0xff,0xff,0x30,0x00,0x00,0x7c,0xef,0xc8,0x10,0x00,0x00,0x1c,
0xff,0xff,0xff,0xd2,0x00,0x00,0xaf,0xd5,0x11,0x5e,0xfb,0x00,0x02,0xff,0x20,0x00,0x05,0xff,0x20,0x06,0xfa,0x00,0x00,0x00,
0xff,0x40,0x00,0x10,0x00,0x00,0x01,0xff,0x30,0x00,0x00,0x00,0x00,0x04,0xfe,0x00,0x00,0x00,0x00,0x00,0x0b,0xf6,0x00,0x00,
0x00,0x00,0x00,0x7f,0xb0,0x00,0x00,0x00,0x00,0x06,0xfd,0x10,0x00,0x00,0x00,0x00,0x6f,0xd2,0x00,0x00,0x00,0x00,0x07,0xfd,
0x20,0x00,0x00,0x00,0x00,0x7f,0xd2,0x00,0x00,0x00,0x00,0x07,0xfd,0x20,0x00,0x00,0x00,0x00,0x8f,0xd2,0x00,0x00,0x00,0x00,
0x07,0xff,0xde,0xff,0xff,0xff,0x70,0x0d,0xff,0xff,0xff,0xff,0xff,0x90,0x00,0x00,0x5b,0xef,0xd8,0x10,0x00,0x00,0x0a,0xff,
0xff,0xff,0xe3,0x00,0x00,0x7f,0xe6,0x11,0x4d,0xfc,0x00,0x01,0xef,0x30,0x00,0x02,0xff,0x20,0x05,0xfb,0x00,0x00,0x00,0xef,
0x20,0x00,0x21,0x00,0x00,0x03,0xfd,0x00,0x00,0x00,0x00,0x02,0x6d,0xf4,0x00,0x00,0x00,0x00,0xff,0xfb,0x20,0x00,0x00,0x00,
0x00,0xff,0xff,0xb1,0x00,0x00,0x00,0x00,0x02,0x5c,0xfd,0x00,0x00,0x00,0x00,0x00,0x01,0xdf,0x50,0x00,0x00,0x00,0x00,0x00,
0xaf,0x80,0x09,0xd3,0x00,0x00,0x00,0xaf,0x80,0x09,0xfb,0x00,0x00,0x02,0xef,0x40,0x02,0xef,0xb3,0x01,0x5e,0xfc,0x00,0x00,
0x4f,0xff,0xff,0xff,0xd2,0x00,0x00,0x03,0x9d,0xfe,0xc7,0x10,0x00,0x00,0x00,0x00,0x00,0xbf,0x90,0x00,0x00,0x00,0x00,0x07,
0xff,0x90,0x00,0x00,0x00,0x00,0x3f,0xef,0x90,0x00,0x00,0x00,0x01,0xde,0x6f,0x90,0x00,0x00,0x00,0x0a,0xf6,0x4f,0x90,0x00,
0x00,0x00,0x6f,0xa0,0x4f,0x90,0x00,0x00,0x03,0xed,0x10,0x4f,0x90,0x00,0x00,0x1c,0xf3,0x00,0x4f,0x90,0x00,0x00,0x9f,0x60,
0x00,0x4f,0x90,0x00,0x05,0xfa,0x00,0x00,0x4f,0x90,0x00,0x2e,0xd1,0x00,0x00,0x4f,0x90,0x00,0x9f,0xff,0xff,0xff,0xff,0xff,
0xf4,0x7f,0xff,0xff,0xff,0xff,0xff,0xf3,0x00,0x00,0x00,0x00,0x4f,0x90,0x00,0x00,0x00,0x00,0x00,0x4f,0x90,0x00,0x00,0x00,
0x00,0x00,0x4f,0x90,0x00,0x00,0x00,0x00,0x00,0x4f,0x90,0x00,0x00,0x07,0xff,0xff,0xff,0xfc,0x00,0x00,0x09,0xff,0xff,0xff,
0xf8,0x00,0x00,0x0c,0xf1,0x00,0x00,0x00,0x00,0x00,0x0e,0xd0,0x00,0x00,0x00,0x00,0x00,0x2f,0xa0,0x00,0x00,0x00,0x00,0x00,
0x5f,0x70,0x00,0x00,0x00,0x00,0x00,0x7f,0xde,0xfe,0xc7,0x10,0x00,0x00,0xaf,0xff,0xff,0xff,0xc1,0x00,0x00,0x36,0x41,0x02,
0x7e,0xfa,0x00,0x00,0x00,0x00,0x00,0x05,0xff,0x10,0x00,0x00,0x00,0x00,0x00,0xef,0x40,0x00,0x00,0x00,0x00,0x00,0xdf,0x40,
0x00,0x00,0x00,0x00,0x01,0xff,0x20,0x00,0x10,0x00,0x00,0x09,0xfc,0x00,0x04,0xfb,0x41,0x03,0xaf,0xf4,0x00,0x03,0xdf,0xff,
0xff,0xff,0x60,0x00,0x00,0x17,0xce,0xfd,0x92,0x00,0x00,0x00,0x00,0x00,0x04,0xdf,0x50,0x00,0x00,0x00,0x00,0x1e,0xf8,0x00,
0x00,0x00,0x00,0x00,0xbf,0xa0,0x00,0x00,0x00,0x00,0x08,0xfc,0x10,0x00,0x00,0x00,0x00,0x4f,0xd2,0x00,0x00,0x00,0x00,0x02,
0xee,0x30,0x00,0x00,0x00,0x00,0x0c,0xfa,0xcf,0xeb,0x40,0x00,0x00,0x7f,0xff,0xff,0xff,0xf7,0x00,0x01,0xef,0xd5,0x11,0x4c,
0xff,0x30,0x06,0xfe,0x20,0x00,0x01,0xdf,0x90,0x09,0xf8,0x00,0x00,0x00,0x6f,0xc0,0x0a,0xf6,0x00,0x00,0x00,0x4f,0xd0,0x09,
0xf8,0x00,0x00,0x00,0x6f,0xb0,0x05,0xfe,0x10,0x00,0x01,0xdf,0x60,0x00,0xdf,0xc4,0x11,0x5d,0xfd,0x00,0x00,0x3d,0xff,0xff,
0xff,0xd2,0x00,0x00,0x01,0x8c,0xee,0xc7,0x10,0x00,0x0b,0xff,0xff,0xff,0xff,0xff,0xf0,0x09,0xff,0xff,0xff,0xff,0xff,0xd0,
0x00,0x00,0x00,0x00,0x00,0x9f,0x70,0x00,0x00,0x00,0x00,0x02,0xfe,0x10,0x00,0x00,0x00,0x00,0x0a,0xf7,0x00,0x00,0x00,0x00,
0x00,0x3f,0xe1,0x00,0x00,0x00,0x00,0x00,0xaf,0x70,0x00,0x00,0x00,0x00,0x03,0xfe,0x10,0x00,0x00,0x00,0x00,0x0b,0xf7,0x00,
0x00,0x00,0x00,0x00,0x4f,0xe1,0x00,0x00,0x00,0x00,0x00,0xbf,0x70,0x00,0x00,0x00,0x00,0x04,0xfe,0x10,0x00,0x00,0x00,0x00,
0x0c,0xf7,0x00,0x00,0x00,0x00,0x00,0x5f,0xe1,0x00,0x00,0x00,0x00,0x00,0xcf,0x70,0x00,0x00,0x00,0x00,0x05,0xfe,0x10,0x00,
0x00,0x00,0x00,0x0d,0xe5,0x00,0x00,0x00,0x00,0x00,0x01,0x8d,0xfe,0xc7,0x10,0x00,0x00,0x2d,0xff,0xff,0xff,0xd1,0x00,0x00,
0xcf,0xd4,0x11,0x5d,0xfa,0x00,0x02,0xff,0x20,0x00,0x03,0xff,0x10,0x03,0xfe,0x00,0x00,0x00,0xff,0x20,0x01,0xef,0x20,0x00,
0x03,0xfe,0x00,0x00,0x7f,0xd4,0x11,0x5d,0xf8,0x00,0x00,0x06,0xef,0xff,0xff,0x80,0x00,0x00,0x1a,0xff,0xff,0xfd,0x60,0x00,
0x01,0xdf,0xb4,0x11,0x4c,0xfa,0x00,0x08,0xfc,0x00,0x00,0x01,0xdf,0x50,0x0b,0xf6,0x00,0x00,0x00,0x8f,0xa0,0x0c,0xf7,0x00,
0x00,0x00,0x8f,0xb0,0x0a,0xfc,0x00,0x00,0x01,0xdf,0x80,0x03,0xff,0xb4,0x11,0x4c,0xff,0x30,0x00,0x6f,0xff,0xff,0xff,0xf6,
0x00,0x00,0x03,0x9d,0xff,0xd9,0x20,0x00,0x00,0x01,0x8c,0xee,0xc6,0x00,0x00,0x00,0x3d,0xff,0xff,0xff,0xc1,0x00,0x01,0xdf,
0xc4,0x11,0x5d,0xfa,0x00,0x06,0xfd,0x10,0x00,0x02,0xef,0x20,0x0a,0xf7,0x00,0x00,0x00,0xbf,0x50,0x0b,0xf7,0x00,0x00,0x00,
0xbf,0x60,0x09,0xfc,0x00,0x00,0x02,0xff,0x50,0x03,0xff,0xa3,0x12,0x6d,0xff,0x10,0x00,0x8f,0xff,0xff,0xff,0xfa,0x00,0x00,
0x05,0xbe,0xeb,0x8f,0xf2,0x00,0x00,0x00,0x00,0x01,0xef,0x70,0x00,0x00,0x00,0x00,0x0b,0xfc,0x00,0x00,0x00,0x00,0x00,0x7f,
0xe2,0x00,0x00,0x00,0x00,0x04,0xff,0x50,0x00,0x00,0x00,0x00,0x1d,0xfa,0x00,0x00,0x00,0x00,0x00,0xbf,0xd1,0x00,0x00,0x00,
0x00,0x07,0xfe,0x30,0x00,0x00,0x00,0x02,0xdd,0x20,0x07,0xff,0x70,0x02,0xdd,0x20,0x00,0x00,0x00,0x00,0x00,0x00,0x00,0x00,
0x00,0x00,0x00,0x00,0x00,0x00,0x00,0x00,0x00,0x00,0x02,0xdd,0x20,0x07,0xff,0x70,0x02,0xdd,0x20,0x01,0xcd,0x30,0x05,0xff,
0x90,0x01,0xce,0x30,0x00,0x00,0x00,0x00,0x00,0x00,0x00,0x00,0x00,0x00,0x00,0x00,0x00,0x00,0x00,0x00,0x00,0x00,0x01,0xcd,
0x30,0x04,0xff,0x80,0x01,0xcf,0x70,0x00,0x0e,0x30,0x00,0x7b,0x00,0x01,0xd1,0x00,0x00,0x00,0x00,0x00,0x00,0x00,0x00,0x00,
0x11,0x00,0x00,0x00,0x00,0x00,0x07,0xe3,0x00,0x00,0x00,0x00,0x06,0xdf,0xe2,0x00,0x00,0x00,0x05,0xdf,0xe7,0x10,0x00,0x00,
0x05,0xdf,0xe7,0x10,0x00,0x00,0x00,0xcf,0xd7,0x10,0x00,0x00,0x00,0x00,0xaf,0xfa,0x20,0x00,0x00,0x00,0x00,0x03,0xbf,0xf9,
0x20,0x00,0x00,0x00,0x00,0x03,0xbf,0xf9,0x20,0x00,0x00,0x00,0x00,0x04,0xcf,0xf2,0x00,0x00,0x00,0x00,0x00,0x04,0xc3,0x00,
0x00,0x00,0x00,0x00,0x00,0x00,0x00,0x00,0x00,0x00,0x00,0x00,0x00,0x00,0x00,0x00,0x00,0x00,0x00,0x00,0x00,0x03,0xff,0xff,
0xff,0xff,0xff,0x20,0x03,0xff,0xff,0xff,0xff,0xff,0x20,0x00,0x00,0x00,0x00,0x00,0x00,0x00,0x00,0x00,0x00,0x00,0x00,0x00,
0x00,0x03,0xff,0xff,0xff,0xff,0xff,0x20,0x03,0xff,0xff,0xff,0xff,0xff,0x20,0x00,0x00,0x00,0x00,0x00,0x00,0x00,0x00,0x00,
0x00,0x00,0x00,0x00,0x00,0x00,0x00,0x00,0x00,0x00,0x00,0x00,0x00,0x00,0x00,0x00,0x00,0x00,0x00,0x00,0x00,0x00,0x00,0x00,
0x00,0x00,0x00,0x10,0x00,0x00,0x00,0x00,0x00,0x00,0x4d,0x60,0x00,0x00,0x00,0x00,0x00,0x2e,0xfd,0x50,0x00,0x00,0x00,0x00,
0x01,0x8e,0xfc,0x50,0x00,0x00,0x00,0x00,0x01,0x8e,0xfc,0x40,0x00,0x00,0x00,0x00,0x01,0x8e,0xfb,0x00,0x00,0x00,0x00,0x03,
0xaf,0xf9,0x00,0x00,0x00,0x03,0xaf,0xfa,0x20,0x00,0x00,0x02,0xaf,0xfa,0x30,0x00,0x00,0x00,0x3f,0xfb,0x30,0x00,0x00,0x00,
0x00,0x4c,0x40,0x00,0x00,0x00,0x00,0x00,0x00,0x00,0x00,0x00,0x00,0x00,0x00,0x00,0x00,0x00,0x00,0x00,0x00,0x00,0x00,0x00,
0x00,0x00,0x00,0x00,0x00,0x4a,0xef,0xd7,0x10,0x00,0x09,0xff,0xff,0xff,0xc1,0x00,0x09,0xc5,0x11,0x5e,0xf7,0x00,0x00,0x00,
0x00,0x07,0xfa,0x00,0x00,0x00,0x00,0x06,0xf9,0x00,0x00,0x00,0x00,0x0b,0xf4,0x00,0x00,0x00,0x01,0xaf,0x90,0x00,0x00,0x00,
0x2d,0xf7,0x00,0x00,0x00,0x00,0xdf,0x40,0x00,0x00,0x00,0x00,0xfc,0x00,0x00,0x00,0x00,0x00,0xea,0x00,0x00,0x00,0x00,0x00,
0x00,0x00,0x00,0x00,0x00,0x00,0x00,0x00,0x00,0x00,0x00,0x00,0x00,0x00,0x00,0x00,0x00,0x04,0xeb,0x10,0x00,0x00,0x00,0x0a,
0xff,0x40,0x00,0x00,0x00,0x04,0xeb,0x10,0x00,0x00,0x00,0x00,0x00,0x17,0xbe,0xfd,0xb7,0x20,0x00,0x00,0x00,0x00,0x07,0xef,
0xff,0xff,0xff,0xf8,0x00,0x00,0x00,0x01,0xaf,0xf9,0x41,0x01,0x37,0xdf,0xb0,0x00,0x00,0x09,0xfc,0x20,0x00,0x00,0x00,0x08,
0xf9,0x00,0x00,0x5f,0xb0,0x00,0x00,0x00,0x00,0x00,0x9f,0x30,0x00,0xde,0x10,0x00,0x18,0xce,0xeb,0x30,0x1f,0x90,0x04,0xf7,
0x00,0x03,0xef,0xff,0xff,0x40,0x0b,0xd0,0x08,0xf1,0x00,0x2e,0xf9,0x20,0x8e,0x10,0x09,0xe0,0x0a,0xe0,0x00,0x9f,0x60,0x00,
0xca,0x00,0x0a,0xe0,0x0b,0xd0,0x00,0xeb,0x00,0x02,0xf6,0x00,0x0c,0xd0,0x0a,0xe0,0x01,0xf8,0x00,0x08,0xf3,0x00,0x4f,0x90,
0x08,0xf1,0x00,0xfd,0x21,0x6e,0xf7,0x04,0xef,0x20,0x04,0xf6,0x00,0xbf,0xff,0xf6,0xcf,0xff,0xf6,0x00,0x00,0xed,0x10,0x2b,
0xed,0x60,0x3d,0xec,0x40,0x00,0x00,0x7f,0xa0,0x00,0x00,0x00,0x00,0x00,0x00,0x00,0x00,0x0b,0xfb,0x20,0x00,0x00,0x00,0x00,
0x32,0x00,0x00,0x01,0xcf,0xf9,0x52,0x10,0x13,0x6b,0xf8,0x00,0x00,0x00,0x08,0xef,0xff,0xff,0xff,0xfe,0x70,0x00,0x00,0x00,
0x00,0x16,0xbd,0xee,0xdb,0x61,0x00,0x00,0x00,0x00,0x00,0x4f,0xf7,0x00,0x00,0x00,0x00,0x00,0x00,0x00,0xaf,0xfd,0x00,0x00,
0x00,0x00,0x00,0x00,0x01,0xff,0xdf,0x50,0x00,0x00,0x00,0x00,0x00,0x07,0xfc,0x8f,0xb0,0x00,0x00,0x00,0x00,0x00,0x0d,0xf6,
0x3f,0xf2,0x00,0x00,0x00,0x00,0x00,0x4f,0xf1,0x0c,0xf8,0x00,0x00,0x00,0x00,0x00,0xaf,0xa0,0x06,0xfe,0x00,0x00,0x00,0x00,
0x01,0xff,0x40,0x01,0xef,0x50,0x00,0x00,0x00,0x07,0xfd,0x00,0x00,0xaf,0xb0,0x00,0x00,0x00,0x0d,0xf7,0x00,0x00,0x4f,0xf2,
0x00,0x00,0x00,0x4f,0xf2,0x00,0x00,0x0d,0xf8,0x00,0x00,0x00,0xbf,0xff,0xff,0xff,0xff,0xfe,0x00,0x00,0x02,0xff,0xff,0xff,
0xff,0xff,0xff,0x50,0x00,0x08,0xfe,0x10,0x00,0x00,0x00,0xcf,0xb0,0x00,0x0d,0xf9,0x00,0x00,0x00,0x00,0x5f,0xf2,0x00,0x5f,
0xf2,0x00,0x00,0x00,0x00,0x0d,0xf8,0x00,0xbf,0x90,0x00,0x00,0x00,0x00,0x06,0xfe,0x10,0x00,0xcf,0xff,0xff,0xed,0x93,0x00,
0x00,0x00,0xcf,0xff,0xff,0xff,0xff,0x70,0x00,0x00,0xcf,0x80,0x00,0x14,0xcf,0xf3,0x00,0x00,0xcf,0x80,0x00,0x00,0x1d,0xf9,
0x00,0x00,0xcf,0x80,0x00,0x00,0x0a,0xfb,0x00,0x00,0xcf,0x80,0x00,0x00,0x0a,0xf9,0x00,0x00,0xcf,0x80,0x00,0x00,0x1e,0xf4,
0x00,0x00,0xcf,0x80,0x00,0x15,0xcf,0x80,0x00,0x00,0xcf,0xff,0xff,0xff,0xe5,0x00,0x00,0x00,0xcf,0xff,0xff,0xff,0xfe,0x80,
0x00,0x00,0xcf,0x80,0x00,0x02,0x6e,0xfa,0x00,0x00,0xcf,0x80,0x00,0x00,0x04,0xff,0x20,0x00,0xcf,0x80,0x00,0x00,0x00,0xff,
0x40,0x00,0xcf,0x80,0x00,0x00,0x04,0xff,0x20,0x00,0xcf,0x80,0x00,0x02,0x6e,0xfc,0x00,0x00,0xcf,0xff,0xff,0xff,0xff,0xd2,
0x00,0x00,0xcf,0xff,0xff,0xfe,0xb6,0x00,0x00,0x00,0x00,0x01,0x7b,0xef,0xec,0x71,0x00,0x00,0x00,0x7e,0xff,0xff,0xff,0xfe,
0x60,0x00,0x09,0xff,0xc5,0x10,0x14,0xaf,0xe1,0x00,0x6f,0xf7,0x00,0x00,0x00,0x03,0x30,0x01,0xef,0x90,0x00,0x00,0x00,0x00,
0x00,0x06,0xff,0x20,0x00,0x00,0x00,0x00,0x00,0x0a,0xfc,0x00,0x00,0x00,0x00,0x00,0x00,0x0c,0xf9,0x00,0x00,0x00,0x00,0x00,
0x00,0x0d,0xf8,0x00,0x00,0x00,0x00,0x00,0x00,0x0c,0xf9,0x00,0x00,0x00,0x00,0x00,0x00,0x0a,0xfc,0x00,0x00,0x00,0x00,0x00,
0x00,0x06,0xff,0x20,0x00,0x00,0x00,0x00,0x00,0x01,0xef,0xa0,0x00,0x00,0x00,0x00,0x00,0x00,0x7f,0xf7,0x00,0x00,0x00,0x04,
0x70,0x00,0x0a,0xff,0xb5,0x10,0x14,0x9f,0xf4,0x00,0x00,0x8f,0xff,0xff,0xff,0xfe,0x50,0x00,0x00,0x02,0x8c,0xef,0xeb,0x71,
0x00,0x00,0xcf,0xff,0xff,0xfe,0xc8,0x30,0x00,0x00,0x00,0xcf,0xff,0xff,0xff,0xff,0xf9,0x10,0x00,0x00,0xcf,0x80,0x00,0x01,
0x4a,0xff,0xc1,0x00,0x00,0xcf,0x80,0x00,0x00,0x00,0x4e,0xfa,0x00,0x00,0xcf,0x80,0x00,0x00,0x00,0x06,0xff,0x30,0x00,0xcf,
0x80,0x00,0x00,0x00,0x00,0xdf,0x90,0x00,0xcf,0x80,0x00,0x00,0x00,0x00,0x8f,0xd0,0x00,0xcf,0x80,0x00,0x00,0x00,0x00,0x5f,
0xf0,0x00,0xcf,0x80,0x00,0x00,0x00,0x00,0x5f,0xf1,0x00,0xcf,0x80,0x00,0x00,0x00,0x00,0x5f,0xf0,0x00,0xcf,0x80,0x00,0x00,
0x00,0x00,0x8f,0xd0,0x00,0xcf,0x80,0x00,0x00,0x00,0x00,0xdf,0x90,0x00,0xcf,0x80,0x00,0x00,0x00,0x06,0xff,0x30,0x00,0xcf,
0x80,0x00,0x00,0x00,0x4e,0xfa,0x00,0x00,0xcf,0x80,0x00,0x01,0x49,0xff,0xc1,0x00,0x00,0xcf,0xff,0xff,0xff,0xff,0xfa,0x10,
0x00,0x00,0xcf,0xff,0xff,0xfe,0xc8,0x30,0x00,0x00,0x00,0xcf,0xff,0xff,0xff,0xff,0xc0,0x00,0xcf,0xff,0xff,0xff,0xff,0xc0,
0x00,0xcf,0x80,0x00,0x00,0x00,0x00,0x00,0xcf,0x80,0x00,0x00,0x00,0x00,0x00,0xcf,0x80,0x00,0x00,0x00,0x00,0x00,0xcf,0x80,
0x00,0x00,0x00,0x00,0x00,0xcf,0x80,0x00,0x00,0x00,0x00,0x00,0xcf,0x80,0x00,0x00,0x00,0x00,0x00,0xcf,0xff,0xff,0xff,0xf3,
0x00,0x00,0xcf,0xff,0xff,0xff,0xf3,0x00,0x00,0xcf,0x80,0x00,0x00,0x00,0x00,0x00,0xcf,0x80,0x00,0x00,0x00,0x00,0x00,0xcf,
0x80,0x00,0x00,0x00,0x00,0x00,0xcf,0x80,0x00,0x00,0x00,0x00,0x00,0xcf,0x80,0x00,0x00,0x00,0x00,0x00,0xcf,0xff,0xff,0xff,
0xff,0xc0,0x00,0xcf,0xff,0xff,0xff,0xff,0xc0,0x00,0xcf,0xff,0xff,0xff,0xff,0xc0,0x00,0xcf,0xff,0xff,0xff,0xff,0xc0,0x00,
0xcf,0x80,0x00,0x00,0x00,0x00,0x00,0xcf,0x80,0x00,0x00,0x00,0x00,0x00,0xcf,0x80,0x00,0x00,0x00,0x00,0x00,0xcf,0x80,0x00,
0x00,0x00,0x00,0x00,0xcf,0x80,0x00,0x00,0x00,0x00,0x00,0xcf,0x80,0x00,0x00,0x00,0x00,0x00,0xcf,0xff,0xff,0xff,0xf9,0x00,
0x00,0xcf,0xff,0xff,0xff,0xf9,0x00,0x00,0xcf,0x80,0x00,0x00,0x00,0x00,0x00,0xcf,0x80,0x00,0x00,0x00,0x00,0x00,0xcf,0x80,
0x00,0x00,0x00,0x00,0x00,0xcf,0x80,0x00,0x00,0x00,0x00,0x00,0xcf,0x80,0x00,0x00,0x00,0x00,0x00,0xcf,0x80,0x00,0x00,0x00,
0x00,0x00,0xcf,0x80,0x00,0x00,0x00,0x00,0x00,0x00,0x01,0x6b,0xde,0xed,0xa5,0x00,0x00,0x00,0x00,0x6e,0xff,0xff,0xff,0xff,
0xc3,0x00,0x00,0x09,0xff,0xc6,0x20,0x13,0x8e,0xfc,0x00,0x00,0x6f,0xf8,0x00,0x00,0x00,0x01,0x73,0x00,0x01,0xef,0xa0,0x00,
0x00,0x00,0x00,0x00,0x00,0x06,0xff,0x10,0x00,0x00,0x00,0x00,0x00,0x00,0x0a,0xfb,0x00,0x00,0x00,0x00,0x00,0x00,0x00,0x0c,
0xf9,0x00,0x00,0x00,0x00,0x00,0x00,0x00,0x0d,0xf8,0x00,0x00,0x00,0x00,0x00,0x00,0x00,0x0c,0xf9,0x00,0x00,0x00,0x2f,0xff,
0xff,0x30,0x0a,0xfc,0x00,0x00,0x00,0x1f,0xff,0xff,0x30,0x06,0xff,0x20,0x00,0x00,0x00,0x00,0xef,0x30,0x01,0xef,0xa0,0x00,
0x00,0x00,0x00,0xef,0x30,0x00,0x5f,0xf9,0x00,0x00,0x00,0x00,0xef,0x30,0x00,0x08,0xff,0xd6,0x21,0x01,0x5a,0xff,0x30,0x00,
0x00,0x5e,0xff,0xff,0xff,0xff,0xe7,0x00,0x00,0x00,0x01,0x6a,0xde,0xfe,0xb7,0x10,0x00,0x00,0xcf,0x80,0x00,0x00,0x00,0x03,
0xff,0x20,0x00,0xcf,0x80,0x00,0x00,0x00,0x03,0xff,0x20,0x00,0xcf,0x80,0x00,0x00,0x00,0x03,0xff,0x20,0x00,0xcf,0x80,0x00,
0x00,0x00,0x03,0xff,0x20,0x00,0xcf,0x80,0x00,0x00,0x00,0x03,0xff,0x20,0x00,0xcf,0x80,0x00,0x00,0x00,0x03,0xff,0x20,0x00,
0xcf,0x80,0x00,0x00,0x00,0x03,0xff,0x20,0x00,0xcf,0x80,0x00,0x00,0x00,0x03,0xff,0x20,0x00,0xcf,0xff,0xff,0xff,0xff,0xff,
0xff,0x20,0x00,0xcf,0xff,0xff,0xff,0xff,0xff,0xff,0x20,0x00,0xcf,0x80,0x00,0x00,0x00,0x03,0xff,0x20,0x00,0xcf,0x80,0x00,
0x00,0x00,0x03,0xff,0x20,0x00,0xcf,0x80,0x00,0x00,0x00,0x03,0xff,0x20,0x00,0xcf,0x80,0x00,0x00,0x00,0x03,0xff,0x20,0x00,
0xcf,0x80,0x00,0x00,0x00,0x03,0xff,0x20,0x00,0xcf,0x80,0x00,0x00,0x00,0x03,0xff,0x20,0x00,0xcf,0x80,0x00,0x00,0x00,0x03,
0xff,0x20,0x00,0xcf,0x80,0x00,0x00,0xcf,0x80,0x00,0x00,0xcf,0x80,0x00,0x00,0xcf,0x80,0x00,0x00,0xcf,0x80,0x00,0x00,0xcf,
0x80,0x00,0x00,0xcf,0x80,0x00,0x00,0xcf,0x80,0x00,0x00,0xcf,0x80,0x00,0x00,0xcf,0x80,0x00,0x00,0xcf,0x80,0x00,0x00,0xcf,
0x80,0x00,0x00,0xcf,0x80,0x00,0x00,0xcf,0x80,0x00,0x00,0xcf,0x80,0x00,0x00,0xcf,0x80,0x00,0x00,0xcf,0x80,0x00,0x00,0x00,
0x03,0xff,0x20,0x00,0x00,0x03,0xff,0x20,0x00,0x00,0x03,0xff,0x20,0x00,0x00,0x03,0xff,0x20,0x00,0x00,0x03,0xff,0x20,0x00,
0x00,0x03,0xff,0x20,0x00,0x00,0x03,0xff,0x20,0x00,0x00,0x03,0xff,0x20,0x00,0x00,0x03,0xff,0x20,0x00,0x00,0x03,0xff,0x20,
0x00,0x00,0x03,0xff,0x20,0x00,0x00,0x03,0xff,0x10,0x00,0x00,0x06,0xff,0x00,0x00,0x00,0x0b,0xfb,0x00,0x00,0x03,0xaf,0xf5,
0x00,0x8f,0xff,0xff,0x90,0x00,0x8e,0xfe,0xb5,0x00,0x00,0x00,0xcf,0x80,0x00,0x00,0x00,0x9f,0xd2,0x00,0xcf,0x80,0x00,0x00,
0x09,0xfe,0x20,0x00,0xcf,0x80,0x00,0x00,0x8f,0xe3,0x00,0x00,0xcf,0x80,0x00,0x07,0xfe,0x40,0x00,0x00,0xcf,0x80,0x00,0x7f,
0xf4,0x00,0x00,0x00,0xcf,0x80,0x06,0xff,0x50,0x00,0x00,0x00,0xcf,0x80,0x6f,0xf6,0x00,0x00,0x00,0x00,0xcf,0xff,0xff,0x60,
0x00,0x00,0x00,0x00,0xcf,0xff,0xff,0xd1,0x00,0x00,0x00,0x00,0xcf,0x80,0x4e,0xfc,0x00,0x00,0x00,0x00,0xcf,0x80,0x04,0xff,
0x90,0x00,0x00,0x00,0xcf,0x80,0x00,0x6f,0xf6,0x00,0x00,0x00,0xcf,0x80,0x00,0x08,0xff,0x40,0x00,0x00,0xcf,0x80,0x00,0x00,
0xaf,0xe2,0x00,0x00,0xcf,0x80,0x00,0x00,0x1c,0xfc,0x10,0x00,0xcf,0x80,0x00,0x00,0x02,0xdf,0xa0,0x00,0xcf,0x80,0x00,0x00,
0x00,0x3e,0xf8,0x00,0xcf,0x80,0x00,0x00,0x00,0x00,0xcf,0x80,0x00,0x00,0x00,0x00,0xcf,0x80,0x00,0x00,0x00,0x00,0xcf,0x80,
0x00,0x00,0x00,0x00,0xcf,0x80,0x00,0x00,0x00,0x00,0xcf,0x80,0x00,0x00,0x00,0x00,0xcf,0x80,0x00,0x00,0x00,0x00,0xcf,0x80,
0x00,0x00,0x00,0x00,0xcf,0x80,0x00,0x00,0x00,0x00,0xcf,0x80,0x00,0x00,0x00,0x00,0xcf,0x80,0x00,0x00,0x00,0x00,0xcf,0x80,
0x00,0x00,0x00,0x00,0xcf,0x80,0x00,0x00,0x00,0x00,0xcf,0x80,0x00,0x00,0x00,0x00,0xcf,0x80,0x00,0x00,0x00,0x00,0xcf,0xff,
0xff,0xff,0xfe,0x00,0xcf,0xff,0xff,0xff,0xfe,0x00,0xcf,0xb0,0x00,0x00,0x00,0x00,0x00,0x07,0xff,0x10,0x00,0xcf,0xf5,0x00,
0x00,0x00,0x00,0x00,0x1e,0xff,0x10,0x00,0xcf,0xfd,0x00,0x00,0x00,0x00,0x00,0x9f,0xff,0x10,0x00,0xcf,0xef,0x70,0x00,0x00,
0x00,0x03,0xfe,0xef,0x10,0x00,0xcf,0x6f,0xe1,0x00,0x00,0x00,0x0b,0xf6,0xef,0x10,0x00,0xcf,0x4a,0xf9,0x00,0x00,0x00,0x4f,
0xd0,0xef,0x10,0x00,0xcf,0x42,0xef,0x30,0x00,0x00,0xcf,0x50,0xef,0x10,0x00,0xcf,0x40,0x8f,0xb0,0x00,0x06,0xfc,0x00,0xef,
0x10,0x00,0xcf,0x40,0x1d,0xf5,0x00,0x1e,0xf4,0x00,0xef,0x10,0x00,0xcf,0x40,0x06,0xfd,0x00,0x8f,0xa0,0x00,0xef,0x10,0x00,
0xcf,0x40,0x00,0xcf,0x72,0xef,0x20,0x00,0xef,0x10,0x00,0xcf,0x40,0x00,0x4f,0xe9,0xf9,0x00,0x00,0xef,0x10,0x00,0xcf,0x40,
0x00,0x0a,0xff,0xe1,0x00,0x00,0xef,0x10,0x00,0xcf,0x40,0x00,0x02,0xff,0x70,0x00,0x00,0xef,0x10,0x00,0xcf,0x40,0x00,0x00,
0x57,0x00,0x00,0x00,0xef,0x10,0x00,0xcf,0x40,0x00,0x00,0x00,0x00,0x00,0x00,0xef,0x10,0x00,0xcf,0x40,0x00,0x00,0x00,0x00,
0x00,0x00,0xef,0x10,0x00,0xce,0x40,0x00,0x00,0x00,0x00,0xef,0x20,0x00,0xcf,0xe2,0x00,0x00,0x00,0x00,0xef,0x20,0x00,0xcf,
0xfc,0x00,0x00,0x00,0x00,0xef,0x20,0x00,0xcf,0xef,0x90,0x00,0x00,0x00,0xef,0x20,0x00,0xcf,0x6e,0xf5,0x00,0x00,0x00,0xef,
0x20,0x00,0xcf,0x46,0xfe,0x20,0x00,0x00,0xef,0x20,0x00,0xcf,0x40,0x9f,0xd1,0x00,0x00,0xef,0x20,0x00,0xcf,0x40,0x0c,0xfa,
0x00,0x00,0xef,0x20,0x00,0xcf,0x40,0x02,0xef,0x60,0x00,0xef,0x20,0x00,0xcf,0x40,0x00,0x5f,0xf3,0x00,0xef,0x20,0x00,0xcf,
0x40,0x00,0x08,0xfd,0x10,0xef,0x20,0x00,0xcf,0x40,0x00,0x00,0xbf,0xb0,0xef,0x20,0x00,0xcf,0x40,0x00,0x00,0x1e,0xf7,0xdf,
0x20,0x00,0xcf,0x40,0x00,0x00,0x04,0xff,0xff,0x20,0x00,0xcf,0x40,0x00,0x00,0x00,0x7f,0xff,0x20,0x00,0xcf,0x40,0x00,0x00,
0x00,0x0a,0xff,0x20,0x00,0xcf,0x40,0x00,0x00,0x00,0x01,0xcf,0x20,0x00,0x00,0x01,0x7b,0xef,0xec,0x82,0x00,0x00,0x00,0x00,
0x00,0x7e,0xff,0xff,0xff,0xff,0x90,0x00,0x00,0x00,0x09,0xff,0xb5,0x20,0x14,0xaf,0xfb,0x00,0x00,0x00,0x6f,0xf7,0x00,0x00,
0x00,0x04,0xff,0x90,0x00,0x01,0xef,0x90,0x00,0x00,0x00,0x00,0x6f,0xf3,0x00,0x06,0xff,0x10,0x00,0x00,0x00,0x00,0x0d,0xf9,
0x00,0x0a,0xfb,0x00,0x00,0x00,0x00,0x00,0x08,0xfd,0x00,0x0c,0xf9,0x00,0x00,0x00,0x00,0x00,0x06,0xff,0x00,0x0d,0xf8,0x00,
0x00,0x00,0x00,0x00,0x05,0xff,0x10,0x0c,0xf9,0x00,0x00,0x00,0x00,0x00,0x06,0xff,0x00,0x0a,0xfb,0x00,0x00,0x00,0x00,0x00,
0x08,0xfd,0x00,0x06,0xff,0x10,0x00,0x00,0x00,0x00,0x0d,0xf9,0x00,0x01,0xef,0x90,0x00,0x00,0x00,0x00,0x6f,0xf3,0x00,0x00,
0x6f,0xf7,0x00,0x00,0x00,0x04,0xef,0x90,0x00,0x00,0x09,0xff,0xb5,0x10,0x14,0xaf,0xfc,0x10,0x00,0x00,0x00,0x7e,0xff,0xff,
0xff,0xff,0x90,0x00,0x00,0x00,0x00,0x01,0x7b,0xef,0xec,0x82,0x00,0x00,0x00,0x00,0xcf,0xff,0xff,0xeb,0x71,0x00,0x00,0xcf,
0xff,0xff,0xff,0xfd,0x30,0x00,0xcf,0x80,0x00,0x26,0xef,0xd0,0x00,0xcf,0x80,0x00,0x00,0x3f,0xf6,0x00,0xcf,0x80,0x00,0x00,
0x0c,0xf9,0x00,0xcf,0x80,0x00,0x00,0x0a,0xfa,0x00,0xcf,0x80,0x00,0x00,0x0c,0xf9,0x00,0xcf,0x80,0x00,0x00,0x4f,0xf5,0x00,
0xcf,0x80,0x01,0x38,0xff,0xc0,0x00,0xcf,0xff,0xff,0xff,0xfc,0x10,0x00,0xcf,0xff,0xff,0xeb,0x60,0x00,0x00,0xcf,0x80,0x00,
0x00,0x00,0x00,0x00,0xcf,0x80,0x00,0x00,0x00,0x00,0x00,0xcf,0x80,0x00,0x00,0x00,0x00,0x00,0xcf,0x80,0x00,0x00,0x00,0x00,
0x00,0xcf,0x80,0x00,0x00,0x00,0x00,0x00,0xcf,0x80,0x00,0x00,0x00,0x00,0x00,0x00,0x01,0x7b,0xef,0xec,0x82,0x00,0x00,0x00,
0x00,0x00,0x7e,0xff,0xff,0xff,0xff,0x90,0x00,0x00,0x00,0x09,0xff,0xb5,0x20,0x14,0xaf,0xfc,0x10,0x00,0x00,0x6f,0xf7,0x00,
0x00,0x00,0x04,0xef,0x90,0x00,0x01,0xef,0x90,0x00,0x00,0x00,0x00,0x6f,0xf3,0x00,0x06,0xff,0x10,0x00,0x00,0x00,0x00,0x0d,
0xf9,0x00,0x0a,0xfb,0x00,0x00,0x00,0x00,0x00,0x08,0xfd,0x00,0x0c,0xf9,0x00,0x00,0x00,0x00,0x00,0x06,0xff,0x00,0x0d,0xf8,
0x00,0x00,0x00,0x00,0x00,0x05,0xff,0x10,0x0c,0xf9,0x00,0x00,0x00,0x00,0x00,0x06,0xff,0x00,0x0a,0xfb,0x00,0x00,0x00,0x00,
0x00,0x08,0xfd,0x00,0x06,0xff,0x10,0x00,0x00,0x00,0x00,0x0d,0xf9,0x00,0x01,0xef,0x90,0x00,0x00,0x00,0x00,0x6f,0xf3,0x00,
0x00,0x6f,0xf7,0x00,0x00,0x00,0x04,0xef,0x90,0x00,0x00,0x09,0xff,0xb5,0x10,0x14,0xaf,0xfb,0x10,0x00,0x00,0x00,0x7e,0xff,
0xff,0xff,0xff,0xb0,0x00,0x00,0x00,0x00,0x01,0x7b,0xef,0xec,0xaf,0xf4,0x00,0x00,0x00,0x00,0x00,0x00,0x00,0x00,0x09,0xfe,
0x30,0x00,0x00,0x00,0x00,0x00,0x00,0x00,0x00,0xaf,0xe2,0x00,0x00,0x00,0x00,0x00,0x00,0x00,0x00,0x0b,0xfd,0x20,0x00,0x00,
0x00,0x00,0x00,0x00,0x00,0x00,0x67,0x50,0x00,0xcf,0xff,0xff,0xeb,0x71,0x00,0x00,0x00,0xcf,0xff,0xff,0xff,0xfd,0x20,0x00,
0x00,0xcf,0x80,0x00,0x26,0xef,0xc0,0x00,0x00,0xcf,0x80,0x00,0x00,0x4f,0xf3,0x00,0x00,0xcf,0x80,0x00,0x00,0x0e,0xf5,0x00,
0x00,0xcf,0x80,0x00,0x00,0x0f,0xf4,0x00,0x00,0xcf,0x80,0x00,0x00,0x6f,0xe1,0x00,0x00,0xcf,0x80,0x01,0x38,0xff,0x70,0x00,
0x00,0xcf,0xff,0xff,0xff,0xf6,0x00,0x00,0x00,0xcf,0xff,0xff,0xf9,0x10,0x00,0x00,0x00,0xcf,0x80,0x19,0xfe,0x20,0x00,0x00,
0x00,0xcf,0x80,0x00,0xcf,0xc0,0x00,0x00,0x00,0xcf,0x80,0x00,0x2e,0xf8,0x00,0x00,0x00,0xcf,0x80,0x00,0x05,0xff,0x50,0x00,
0x00,0xcf,0x80,0x00,0x00,0x9f,0xe2,0x00,0x00,0xcf,0x80,0x00,0x00,0x0c,0xfc,0x00,0x00,0xcf,0x80,0x00,0x00,0x02,0xdf,0x80,
0x00,0x01,0x8d,0xfe,0xc7,0x10,0x00,0x00,0x3e,0xff,0xff,0xff,0xe3,0x00,0x01,0xdf,0xc4,0x11,0x5b,0xf3,0x00,0x05,0xfe,0x10,
0x00,0x00,0x20,0x00,0x07,0xfb,0x00,0x00,0x00,0x00,0x00,0x05,0xfe,0x10,0x00,0x00,0x00,0x00,0x01,0xef,0xd4,0x00,0x00,0x00,
0x00,0x00,0x4e,0xff,0xd9,0x30,0x00,0x00,0x00,0x01,0x8d,0xff,0xfc,0x30,0x00,0x00,0x00,0x00,0x39,0xef,0xe2,0x00,0x00,0x00,
0x00,0x00,0x2c,0xfb,0x00,0x00,0x00,0x00,0x00,0x05,0xfe,0x00,0x00,0x00,0x00,0x00,0x05,0xfd,0x00,0x05,0x60,0x00,0x00,0x0a,
0xfa,0x00,0x1e,0xfb,0x41,0x13,0xaf,0xf3,0x00,0x05,0xef,0xff,0xff,0xff,0x60,0x00,0x00,0x18,0xce,0xfd,0x93,0x00,0x00,0xaf,
0xff,0xff,0xff,0xff,0xff,0xfc,0xaf,0xff,0xff,0xff,0xff,0xff,0xfc,0x00,0x00,0x01,0xff,0x40,0x00,0x00,0x00,0x00,0x01,0xff,
0x40,0x00,0x00,0x00,0x00,0x01,0xff,0x40,0x00,0x00,0x00,0x00,0x01,0xff,0x40,0x00,0x00,0x00,0x00,0x01,0xff,0x40,0x00,0x00,
0x00,0x00,0x01,0xff,0x40,0x00,0x00,0x00,0x00,0x01,0xff,0x40,0x00,0x00,0x00,0x00,0x01,0xff,0x40,0x00,0x00,0x00,0x00,0x01,
0xff,0x40,0x00,0x00,0x00,0x00,0x01,0xff,0x40,0x00,0x00,0x00,0x00,0x01,0xff,0x40,0x00,0x00,0x00,0x00,0x01,0xff,0x40,0x00,
0x00,0x00,0x00,0x01,0xff,0x40,0x00,0x00,0x00,0x00,0x01,0xff,0x40,0x00,0x00,0x00,0x00,0x01,0xff,0x40,0x00,0x00,0x00,0xff,
0x40,0x00,0x00,0x00,0x0a,0xfa,0x00,0x00,0xff,0x40,0x00,0x00,0x00,0x0a,0xfa,0x00,0x00,0xff,0x40,0x00,0x00,0x00,0x0a,0xfa,
0x00,0x00,0xff,0x40,0x00,0x00,0x00,0x0a,0xfa,0x00,0x00,0xff,0x40,0x00,0x00,0x00,0x0a,0xfa,0x00,0x00,0xff,0x40,0x00,0x00,
0x00,0x0a,0xfa,0x00,0x00,0xff,0x40,0x00,0x00,0x00,0x0a,0xfa,0x00,0x00,0xff,0x40,0x00,0x00,0x00,0x0a,0xfa,0x00,0x00,0xff,
0x40,0x00,0x00,0x00,0x0a,0xfa,0x00,0x00,0xff,0x40,0x00,0x00,0x00,0x0a,0xfa,0x00,0x00,0xff,0x50,0x00,0x00,0x00,0x0a,0xfa,
0x00,0x00,0xdf,0x70,0x00,0x00,0x00,0x0c,0xf8,0x00,0x00,0xaf,0xb0,0x00,0x00,0x00,0x2f,0xf5,0x00,0x00,0x4f,0xf6,0x00,0x00,
0x00,0xbf,0xd0,0x00,0x00,0x0a,0xff,0x93,0x01,0x4c,0xff,0x40,0x00,0x00,0x00,0x9f,0xff,0xff,0xff,0xe5,0x00,0x00,0x00,0x00,
0x04,0xad,0xfe,0xc8,0x10,0x00,0x00,0xbf,0x90,0x00,0x00,0x00,0x00,0x06,0xfe,0x00,0x5f,0xf2,0x00,0x00,0x00,0x00,0x0d,0xf8,
0x00,0x0d,0xf8,0x00,0x00,0x00,0x00,0x4f,0xf2,0x00,0x07,0xfd,0x00,0x00,0x00,0x00,0xaf,0xb0,0x00,0x01,0xff,0x50,0x00,0x00,
0x01,0xff,0x50,0x00,0x00,0xaf,0xb0,0x00,0x00,0x07,0xfd,0x00,0x00,0x00,0x4f,0xf2,0x00,0x00,0x0d,0xf7,0x00,0x00,0x00,0x0d,
0xf8,0x00,0x00,0x4f,0xf2,0x00,0x00,0x00,0x06,0xfe,0x00,0x00,0xaf,0xa0,0x00,0x00,0x00,0x01,0xef,0x50,0x02,0xff,0x40,0x00,
0x00,0x00,0x00,0x9f,0xb0,0x07,0xfd,0x00,0x00,0x00,0x00,0x00,0x3f,0xf2,0x0d,0xf7,0x00,0x00,0x00,0x00,0x00,0x0c,0xf8,0x4f,
0xe1,0x00,0x00,0x00,0x00,0x00,0x05,0xfd,0x9f,0x90,0x00,0x00,0x00,0x00,0x00,0x00,0xef,0xef,0x30,0x00,0x00,0x00,0x00,0x00,
0x00,0x8f,0xfc,0x00,0x00,0x00,0x00,0x00,0x00,0x00,0x2f,0xf6,0x00,0x00,0x00,0x00,0x7f,0xe1,0x00,0x00,0x00,0x08,0xf8,0x00,
0x00,0x00,0x01,0xef,0x50,0x2f,0xf6,0x00,0x00,0x00,0x0e,0xfe,0x00,0x00,0x00,0x06,0xff,0x10,0x0d,0xfa,0x00,0x00,0x00,0x4f,
0xff,0x40,0x00,0x00,0x0b,0xfa,0x00,0x08,0xfe,0x00,0x00,0x00,0xaf,0xcf,0xa0,0x00,0x00,0x1e,0xf6,0x00,0x03,0xff,0x40,0x00,
0x00,0xef,0x4f,0xe0,0x00,0x00,0x5f,0xf1,0x00,0x00,0xdf,0x90,0x00,0x05,0xfb,0x0d,0xf5,0x00,0x00,0x9f,0xb0,0x00,0x00,0x9f,
0xd0,0x00,0x0a,0xf6,0x08,0xfa,0x00,0x00,0xef,0x60,0x00,0x00,0x4f,0xf3,0x00,0x1e,0xf1,0x02,0xfe,0x10,0x03,0xff,0x20,0x00,
0x00,0x0e,0xf7,0x00,0x5f,0xa0,0x00,0xcf,0x50,0x08,0xfc,0x00,0x00,0x00,0x09,0xfc,0x00,0xaf,0x50,0x00,0x7f,0xa0,0x0c,0xf7,
0x00,0x00,0x00,0x05,0xff,0x11,0xff,0x10,0x00,0x2f,0xf1,0x2f,0xf2,0x00,0x00,0x00,0x01,0xef,0x66,0xfa,0x00,0x00,0x0c,0xf6,
0x6f,0xd0,0x00,0x00,0x00,0x00,0xaf,0xab,0xf5,0x00,0x00,0x07,0xfb,0xbf,0x80,0x00,0x00,0x00,0x00,0x6f,0xee,0xe1,0x00,0x00,
0x02,0xfe,0xef,0x30,0x00,0x00,0x00,0x00,0x1f,0xff,0xa0,0x00,0x00,0x00,0xcf,0xfd,0x00,0x00,0x00,0x00,0x00,0x0b,0xff,0x50,
0x00,0x00,0x00,0x7f,0xf9,0x00,0x00,0x00,0x00,0x00,0x06,0xfe,0x10,0x00,0x00,0x00,0x2f,0xf4,0x00,0x00,0x00,0x3f,0xf7,0x00,
0x00,0x00,0x00,0xbf,0xb0,0x07,0xff,0x30,0x00,0x00,0x06,0xfe,0x20,0x00,0xcf,0xc0,0x00,0x00,0x2e,0xf6,0x00,0x00,0x2e,0xf7,
0x00,0x00,0xbf,0xa0,0x00,0x00,0x06,0xff,0x30,0x07,0xfe,0x10,0x00,0x00,0x00,0xbf,0xc0,0x3f,0xf4,0x00,0x00,0x00,0x00,0x2e,
0xf7,0xcf,0x90,0x00,0x00,0x00,0x00,0x06,0xff,0xfd,0x10,0x00,0x00,0x00,0x00,0x01,0xef,0xfa,0x00,0x00,0x00,0x00,0x00,0x0a,
0xfc,0xff,0x50,0x00,0x00,0x00,0x00,0x5f,0xf2,0x9f,0xe1,0x00,0x00,0x00,0x02,0xef,0x70,0x1d,0xfa,0x00,0x00,0x00,0x0b,0xfc,
0x00,0x04,0xff,0x50,0x00,0x00,0x6f,0xe2,0x00,0x00,0xaf,0xe1,0x00,0x02,0xef,0x60,0x00,0x00,0x1e,0xfa,0x00,0x0b,0xfb,0x00,
0x00,0x00,0x05,0xff,0x50,0x6f,0xe2,0x00,0x00,0x00,0x00,0xaf,0xe1,0xaf,0xc0,0x00,0x00,0x00,0x00,0xcf,0xa0,0x2e,0xf7,0x00,
0x00,0x00,0x07,0xfe,0x10,0x06,0xfe,0x10,0x00,0x00,0x2e,0xf6,0x00,0x00,0xcf,0xa0,0x00,0x00,0xaf,0xc0,0x00,0x00,0x3f,0xf3,
0x00,0x04,0xff,0x30,0x00,0x00,0x09,0xfc,0x00,0x0c,0xf8,0x00,0x00,0x00,0x01,0xef,0x60,0x7f,0xd1,0x00,0x00,0x00,0x00,0x5f,
0xe2,0xef,0x50,0x00,0x00,0x00,0x00,0x0b,0xfc,0xfb,0x00,0x00,0x00,0x00,0x00,0x02,0xff,0xe2,0x00,0x00,0x00,0x00,0x00,0x00,
0xaf,0xa0,0x00,0x00,0x00,0x00,0x00,0x00,0xaf,0xa0,0x00,0x00,0x00,0x00,0x00,0x00,0xaf,0xa0,0x00,0x00,0x00,0x00,0x00,0x00,
0xaf,0xa0,0x00,0x00,0x00,0x00,0x00,0x00,0xaf,0xa0,0x00,0x00,0x00,0x00,0x00,0x00,0xaf,0xa0,0x00,0x00,0x00,0x00,0x00,0x00,
0xaf,0xa0,0x00,0x00,0x00,0x0e,0xff,0xff,0xff,0xff,0xff,0xfa,0x0e,0xff,0xff,0xff,0xff,0xff,0xf6,0x00,0x00,0x00,0x00,0x00,
0xbf,0xb0,0x00,0x00,0x00,0x00,0x07,0xfe,0x20,0x00,0x00,0x00,0x00,0x3f,0xf5,0x00,0x00,0x00,0x00,0x01,0xdf,0x90,0x00,0x00,
0x00,0x00,0x0a,0xfc,0x10,0x00,0x00,0x00,0x00,0x6f,0xf3,0x00,0x00,0x00,0x00,0x02,0xef,0x60,0x00,0x00,0x00,0x00,0x0c,0xfa,
0x00,0x00,0x00,0x00,0x00,0x9f,0xd1,0x00,0x00,0x00,0x00,0x05,0xff,0x40,0x00,0x00,0x00,0x00,0x2e,0xf8,0x00,0x00,0x00,0x00,
0x00,0xbf,0xc0,0x00,0x00,0x00,0x00,0x08,0xfe,0x20,0x00,0x00,0x00,0x00,0x3f,0xff,0xff,0xff,0xff,0xff,0xf8,0x5f,0xff,0xff,
0xff,0xff,0xff,0xf8,0x00,0xcf,0xff,0x90,0x00,0xcf,0xff,0x70,0x00,0xcf,0x00,0x00,0x00,0xcf,0x00,0x00,0x00,0xcf,0x00,0x00,
0x00,0xcf,0x00,0x00,0x00,0xcf,0x00,0x00,0x00,0xcf,0x00,0x00,0x00,0xcf,0x00,0x00,0x00,0xcf,0x00,0x00,0x00,0xcf,0x00,0x00,
0x00,0xcf,0x00,0x00,0x00,0xcf,0x00,0x00,0x00,0xcf,0x00,0x00,0x00,0xcf,0x00,0x00,0x00,0xcf,0x00,0x00,0x00,0xcf,0x00,0x00,
0x00,0xcf,0x00,0x00,0x00,0xcf,0x00,0x00,0x00,0xcf,0x00,0x00,0x00,0xcf,0xff,0x70,0x00,0xcf,0xff,0x90,0x1e,0x90,0x00,0x00,
0x00,0x00,0x09,0xf2,0x00,0x00,0x00,0x00,0x02,0xf8,0x00,0x00,0x00,0x00,0x00,0xbe,0x10,0x00,0x00,0x00,0x00,0x5f,0x60,0x00,
0x00,0x00,0x00,0x0d,0xc0,0x00,0x00,0x00,0x00,0x07,0xf3,0x00,0x00,0x00,0x00,0x01,0xfa,0x00,0x00,0x00,0x00,0x00,0xaf,0x10,
0x00,0x00,0x00,0x00,0x3f,0x70,0x00,0x00,0x00,0x00,0x0c,0xd0,0x00,0x00,0x00,0x00,0x06,0xf5,0x00,0x00,0x00,0x00,0x01,0xeb,
0x00,0x00,0x00,0x00,0x00,0x8f,0x20,0x00,0x00,0x00,0x00,0x2f,0x90,0x00,0x00,0x00,0x00,0x0b,0xe1,0x00,0x00,0x00,0x00,0x05,
0xf6,0x00,0x00,0x00,0x00,0x00,0xbc,0x00,0x4f,0xff,0xf2,0x00,0x2f,0xff,0xf2,0x00,0x00,0x0a,0xf2,0x00,0x00,0x0a,0xf2,0x00,
0x00,0x0a,0xf2,0x00,0x00,0x0a,0xf2,0x00,0x00,0x0a,0xf2,0x00,0x00,0x0a,0xf2,0x00,0x00,0x0a,0xf2,0x00,0x00,0x0a,0xf2,0x00,
0x00,0x0a,0xf2,0x00,0x00,0x0a,0xf2,0x00,0x00,0x0a,0xf2,0x00,0x00,0x0a,0xf2,0x00,0x00,0x0a,0xf2,0x00,0x00,0x0a,0xf2,0x00,
0x00,0x0a,0xf2,0x00,0x00,0x0a,0xf2,0x00,0x00,0x0a,0xf2,0x00,0x00,0x0a,0xf2,0x00,0x2f,0xff,0xf2,0x00,0x4f,0xff,0xf2,0x00,
0x00,0x00,0x01,0xed,0x00,0x00,0x00,0x00,0x00,0x09,0xff,0x70,0x00,0x00,0x00,0x00,0x2f,0xbc,0xe1,0x00,0x00,0x00,0x00,0xaf,
0x45,0xf9,0x00,0x00,0x00,0x04,0xfb,0x00,0xcf,0x20,0x00,0x00,0x0c,0xf3,0x00,0x3f,0xa0,0x00,0x00,0x5f,0xa0,0x00,0x0a,0xf4,
0x00,0x00,0xdf,0x20,0x00,0x02,0xfc,0x00,0x02,0x75,0x00,0x00,0x00,0x57,0x10,0x00,0x00,0x00,0x00,0x00,0x00,0x00,0x00,0x00,
0x00,0x00,0x00,0x00,0x00,0x00,0x00,0x00,0x00,0x00,0x00,0x00,0x00,0x00,0x00,0x00,0x00,0x00,0x00,0x00,0x00,0x00,0x00,0x00,
0x00,0x00,0x00,0x00,0x00,0x00,0x00,0x00,0x00,0x00,0x00,0x00,0x00,0x00,0x00,0x00,0x00,0x00,0x00,0x00,0x00,0x00,0x00,0x00,
0x00,0x00,0x00,0x00,0x00,0x3f,0xff,0xff,0xff,0xff,0x40,0x3f,0xff,0xff,0xff,0xff,0x40,0x01,0xdf,0x70,0x00,0x00,0x00,0x2e,
0xf2,0x00,0x00,0x00,0x03,0xfb,0x00,0x00,0x00,0x00,0x37,0x10,0x00,0x00,0x00,0x00,0x00,0x00,0x00,0x00,0x00,0x00,0x00,0x00,
0x00,0x00,0x00,0x00,0x00,0x00,0x00,0x00,0x00,0x00,0x00,0x00,0x00,0x00,0x00,0x00,0x00,0x00,0x00,0x00,0x00,0x00,0x00,0x00,
0x00,0x00,0x00,0x00,0x00,0x00,0x00,0x00,0x00,0x00,0x00,0x00,0x00,0x00,0x00,0x00,0x00,0x00,0x00,0x00,0x00,0x00,0x00,0x00,
0x00,0x00,0x00,0x00,0x00,0x00,0x00,0x17,0xce,0xfc,0x50,0x00,0x03,0xdf,0xff,0xff,0xf7,0x00,0x04,0xe9,0x31,0x18,0xfe,0x10,
0x00,0x00,0x00,0x00,0xdf,0x40,0x00,0x00,0x00,0x00,0xbf,0x50,0x00,0x04,0x9c,0xee,0xff,0x60,0x02,0xcf,0xff,0xff,0xff,0x60,
0x0d,0xfb,0x63,0x10,0xbf,0x60,0x3f,0xe0,0x00,0x00,0xbf,0x60,0x2f,0xf5,0x11,0x4a,0xff,0x60,0x0b,0xff,0xff,0xfa,0x7f,0x60,
0x01,0x9e,0xec,0x60,0x3f,0x60,0x05,0xfd,0x00,0x00,0x00,0x00,0x00,0x05,0xfd,0x00,0x00,0x00,0x00,0x00,0x05,0xfd,0x00,0x00,
0x00,0x00,0x00,0x05,0xfd,0x00,0x00,0x00,0x00,0x00,0x05,0xfd,0x00,0x00,0x00,0x00,0x00,0x05,0xfd,0x04,0xce,0xea,0x20,0x00,
0x05,0xfd,0x7f,0xff,0xff,0xe2,0x00,0x05,0xff,0xd5,0x11,0x5e,0xfb,0x00,0x05,0xfe,0x20,0x00,0x04,0xff,0x20,0x05,0xfd,0x00,
0x00,0x00,0xef,0x50,0x05,0xfd,0x00,0x00,0x00,0xcf,0x60,0x05,0xfd,0x00,0x00,0x00,0xcf,0x60,0x05,0xfd,0x00,0x00,0x00,0xff,
0x40,0x05,0xfd,0x00,0x00,0x06,0xfe,0x00,0x05,0xff,0xa3,0x01,0x7f,0xf8,0x00,0x05,0xfb,0xcf,0xff,0xff,0xb0,0x00,0x05,0xf8,
0x19,0xef,0xc7,0x00,0x00,0x00,0x02,0x9d,0xfe,0xa3,0x00,0x00,0x5f,0xff,0xff,0xff,0x50,0x02,0xef,0xb3,0x01,0x5b,0x40,0x08,
0xfd,0x00,0x00,0x00,0x00,0x0c,0xf6,0x00,0x00,0x00,0x00,0x0e,0xf4,0x00,0x00,0x00,0x00,0x0e,0xf4,0x00,0x00,0x00,0x00,0x0d,
0xf6,0x00,0x00,0x00,0x00,0x09,0xfd,0x00,0x00,0x00,0x00,0x02,0xff,0xc3,0x01,0x6d,0x80,0x00,0x5f,0xff,0xff,0xfe,0x40,0x00,
0x03,0xae,0xfd,0x92,0x00,0x00,0x00,0x00,0x00,0x06,0xfb,0x00,0x00,0x00,0x00,0x00,0x06,0xfb,0x00,0x00,0x00,0x00,0x00,0x06,
0xfb,0x00,0x00,0x00,0x00,0x00,0x06,0xfb,0x00,0x00,0x00,0x00,0x00,0x06,0xfb,0x00,0x00,0x03,0xae,0xfc,0x56,0xfb,0x00,0x00,
0x5f,0xff,0xff,0xfb,0xfb,0x00,0x02,0xef,0xb3,0x01,0x6e,0xfb,0x00,0x08,0xfd,0x00,0x00,0x07,0xfb,0x00,0x0c,0xf7,0x00,0x00,
0x06,0xfb,0x00,0x0e,0xf5,0x00,0x00,0x06,0xfb,0x00,0x0e,0xf4,0x00,0x00,0x06,0xfb,0x00,0x0d,0xf6,0x00,0x00,0x06,0xfb,0x00,
0x0a,0xfb,0x00,0x00,0x08,0xfb,0x00,0x04,0xff,0x92,0x03,0xae,0xfb,0x00,0x00,0xaf,0xff,0xff,0xd5,0xfb,0x00,0x00,0x07,0xdf,
0xd8,0x11,0xeb,0x00,0x00,0x02,0x9d,0xfe,0xa3,0x00,0x00,0x00,0x5f,0xff,0xff,0xff,0x60,0x00,0x02,0xef,0x72,0x01,0x5e,0xf2,
0x00,0x09,0xf6,0x00,0x00,0x05,0xf8,0x00,0x0d,0xff,0xff,0xff,0xff,0xfa,0x00,0x0f,0xff,0xff,0xff,0xff,0xfa,0x00,0x0e,0xf2,
0x00,0x00,0x00,0x00,0x00,0x0c,0xf5,0x00,0x00,0x00,0x00,0x00,0x08,0xfd,0x00,0x00,0x00,0x00,0x00,0x01,0xef,0xc4,0x11,0x39,
0xe3,0x00,0x00,0x4e,0xff,0xff,0xff,0xd2,0x00,0x00,0x02,0x9d,0xfe,0xc7,0x10,0x00,0x00,0x01,0x8d,0xfd,0x20,0x00,0x0b,0xff,
0xff,0x10,0x00,0x4f,0xf6,0x10,0x00,0x00,0x7f,0xa0,0x00,0x00,0x00,0x8f,0x80,0x00,0x00,0x7f,0xff,0xff,0xff,0x10,0x4e,0xff,
0xff,0xff,0x10,0x00,0x8f,0x90,0x00,0x00,0x00,0x8f,0x90,0x00,0x00,0x00,0x8f,0x90,0x00,0x00,0x00,0x8f,0x90,0x00,0x00,0x00,
0x8f,0x90,0x00,0x00,0x00,0x8f,0x90,0x00,0x00,0x00,0x8f,0x90,0x00,0x00,0x00,0x8f,0x90,0x00,0x00,0x00,0x8f,0x90,0x00,0x00,
0x00,0x8f,0x90,0x00,0x00,0x00,0x06,0xcf,0xff,0xff,0xfe,0x00,0xcf,0xff,0xff,0xff,0xfe,0x06,0xfd,0x41,0x15,0xef,0x83,0x0a,
0xf6,0x00,0x00,0x8f,0x50,0x09,0xf6,0x00,0x00,0x8f,0x70,0x04,0xfe,0x41,0x16,0xef,0x30,0x00,0x8f,0xff,0xff,0xf9,0x00,0x00,
0x6e,0xce,0xec,0x50,0x00,0x03,0xfb,0x20,0x00,0x00,0x00,0x02,0xff,0xff,0xff,0xeb,0x50,0x00,0x9f,0xef,0xff,0xff,0xf5,0x0b,
0xe4,0x00,0x01,0x3a,0xfb,0x3f,0xa0,0x00,0x00,0x05,0xfa,0x2f,0xf7,0x21,0x02,0x6e,0xf4,0x08,0xff,0xff,0xff,0xff,0x70,0x00,
0x4a,0xdf,0xfd,0x93,0x00,0x05,0xfd,0x00,0x00,0x00,0x00,0x00,0x05,0xfd,0x00,0x00,0x00,0x00,0x00,0x05,0xfd,0x00,0x00,0x00,
0x00,0x00,0x05,0xfd,0x00,0x00,0x00,0x00,0x00,0x05,0xfd,0x00,0x00,0x00,0x00,0x00,0x05,0xfd,0x05,0xce,0xea,0x20,0x00,0x05,
0xfd,0x7f,0xff,0xff,0xd1,0x00,0x05,0xff,0xe6,0x11,0x6f,0xf7,0x00,0x05,0xfe,0x20,0x00,0x09,0xfb,0x00,0x05,0xfd,0x00,0x00,
0x05,0xfc,0x00,0x05,0xfd,0x00,0x00,0x05,0xfc,0x00,0x05,0xfd,0x00,0x00,0x05,0xfc,0x00,0x05,0xfd,0x00,0x00,0x05,0xfc,0x00,
0x05,0xfd,0x00,0x00,0x05,0xfc,0x00,0x05,0xfd,0x00,0x00,0x05,0xfc,0x00,0x05,0xfd,0x00,0x00,0x05,0xfc,0x00,0x05,0xfd,0x00,
0x00,0x05,0xfc,0x00,0x03,0xec,0x10,0x09,0xff,0x50,0x04,0xec,0x10,0x00,0x00,0x00,0x00,0x00,0x00,0x03,0xfe,0x00,0x03,0xfe,
0x00,0x03,0xfe,0x00,0x03,0xfe,0x00,0x03,0xfe,0x00,0x03,0xfe,0x00,0x03,0xfe,0x00,0x03,0xfe,0x00,0x03,0xfe,0x00,0x03,0xfe,
0x00,0x03,0xfe,0x00,0x03,0xfe,0x00,0x00,0x3e,0xc1,0x00,0x00,0x9f,0xf5,0x00,0x00,0x4e,0xc1,0x00,0x00,0x00,0x00,0x00,0x00,
0x00,0x00,0x00,0x00,0x3f,0xe0,0x00,0x00,0x3f,0xe0,0x00,0x00,0x3f,0xe0,0x00,0x00,0x3f,0xe0,0x00,0x00,0x3f,0xe0,0x00,0x00,
0x3f,0xe0,0x00,0x00,0x3f,0xe0,0x00,0x00,0x3f,0xe0,0x00,0x00,0x3f,0xe0,0x00,0x00,0x3f,0xe0,0x00,0x00,0x3f,0xe0,0x00,0x00,
0x3f,0xe0,0x00,0x00,0x3f,0xe0,0x00,0x01,0x9f,0xc0,0x00,0xcf,0xff,0x70,0x00,0xbf,0xd7,0x00,0x00,0x05,0xfd,0x00,0x00,0x00,
0x00,0x00,0x05,0xfd,0x00,0x00,0x00,0x00,0x00,0x05,0xfd,0x00,0x00,0x00,0x00,0x00,0x05,0xfd,0x00,0x00,0x00,0x00,0x00,0x05,
0xfd,0x00,0x00,0x00,0x00,0x00,0x05,0xfd,0x00,0x00,0x2d,0xf5,0x00,0x05,0xfd,0x00,0x02,0xdf,0x60,0x00,0x05,0xfd,0x00,0x1d,
0xf8,0x00,0x00,0x05,0xfd,0x01,0xcf,0xa0,0x00,0x00,0x05,0xfd,0x1b,0xfb,0x00,0x00,0x00,0x05,0xff,0xff,0xd1,0x00,0x00,0x00,
0x05,0xff,0xff,0xf6,0x00,0x00,0x00,0x05,0xfd,0x08,0xff,0x40,0x00,0x00,0x05,0xfd,0x00,0x9f,0xe2,0x00,0x00,0x05,0xfd,0x00,
0x0a,0xfd,0x10,0x00,0x05,0xfd,0x00,0x00,0xbf,0xb0,0x00,0x05,0xfd,0x00,0x00,0x0b,0xfa,0x00,0x04,0xfe,0x00,0x04,0xfe,0x00,
0x04,0xfe,0x00,0x04,0xfe,0x00,0x04,0xfe,0x00,0x04,0xfe,0x00,0x04,0xfe,0x00,0x04,0xfe,0x00,0x04,0xfe,0x00,0x04,0xfe,0x00,
0x04,0xfe,0x00,0x04,0xfe,0x00,0x04,0xfe,0x00,0x04,0xfe,0x00,0x04,0xfe,0x00,0x04,0xfe,0x00,0x04,0xfe,0x00,0x05,0xf7,0x08,
0xde,0x91,0x02,0x9e,0xfc,0x50,0x00,0x05,0xf9,0xaf,0xff,0xfa,0x1d,0xff,0xff,0xf5,0x00,0x05,0xfe,0xd4,0x13,0xdf,0xad,0x41,
0x3c,0xfd,0x00,0x05,0xfe,0x10,0x00,0x6f,0xf4,0x00,0x03,0xff,0x10,0x05,0xfd,0x00,0x00,0x3f,0xf1,0x00,0x00,0xff,0x30,0x05,
0xfd,0x00,0x00,0x2f,0xf0,0x00,0x00,0xff,0x30,0x05,0xfd,0x00,0x00,0x2f,0xf0,0x00,0x00,0xff,0x30,0x05,0xfd,0x00,0x00,0x2f,
0xf0,0x00,0x00,0xff,0x30,0x05,0xfd,0x00,0x00,0x2f,0xf0,0x00,0x00,0xff,0x30,0x05,0xfd,0x00,0x00,0x2f,0xf0,0x00,0x00,0xff,
0x30,0x05,0xfd,0x00,0x00,0x2f,0xf0,0x00,0x00,0xff,0x30,0x05,0xfd,0x00,0x00,0x2f,0xf0,0x00,0x00,0xff,0x30,0x05,0xf7,0x19,
0xef,0xea,0x20,0x00,0x05,0xfc,0xdf,0xff,0xff,0xd1,0x00,0x05,0xff,0xe6,0x11,0x6f,0xf7,0x00,0x05,0xfe,0x20,0x00,0x09,0xfb,
0x00,0x05,0xfd,0x00,0x00,0x05,0xfc,0x00,0x05,0xfd,0x00,0x00,0x05,0xfc,0x00,0x05,0xfd,0x00,0x00,0x05,0xfc,0x00,0x05,0xfd,
0x00,0x00,0x05,0xfc,0x00,0x05,0xfd,0x00,0x00,0x05,0xfc,0x00,0x05,0xfd,0x00,0x00,0x05,0xfc,0x00,0x05,0xfd,0x00,0x00,0x05,
0xfc,0x00,0x05,0xfd,0x00,0x00,0x05,0xfc,0x00,0x00,0x02,0x9d,0xfe,0xc6,0x00,0x00,0x00,0x4e,0xff,0xff,0xff,0xc1,0x00,0x02,
0xef,0xc3,0x01,0x5e,0xfa,0x00,0x08,0xfd,0x00,0x00,0x04,0xff,0x20,0x0c,0xf6,0x00,0x00,0x00,0xcf,0x60,0x0e,0xf4,0x00,0x00,
0x00,0xaf,0x80,0x0e,0xf4,0x00,0x00,0x00,0xaf,0x80,0x0d,0xf6,0x00,0x00,0x00,0xcf,0x70,0x08,0xfd,0x00,0x00,0x04,0xff,0x20,
0x02,0xef,0xa3,0x01,0x5e,0xfa,0x00,0x00,0x4e,0xff,0xff,0xff,0xc1,0x00,0x00,0x02,0x9d,0xfe,0xc6,0x00,0x00,0x05,0xf7,0x17,
0xdf,0xea,0x20,0x00,0x05,0xfb,0xcf,0xff,0xff,0xe2,0x00,0x05,0xff,0xe5,0x11,0x4d,0xfb,0x00,0x05,0xfe,0x20,0x00,0x04,0xff,
0x20,0x05,0xfd,0x00,0x00,0x00,0xef,0x50,0x05,0xfd,0x00,0x00,0x00,0xcf,0x60,0x05,0xfd,0x00,0x00,0x00,0xdf,0x60,0x05,0xfd,
0x00,0x00,0x01,0xff,0x40,0x05,0xfd,0x00,0x00,0x07,0xfe,0x10,0x05,0xff,0xa3,0x01,0x7f,0xf8,0x00,0x05,0xfe,0xdf,0xff,0xff,
0xb0,0x00,0x05,0xfd,0x1a,0xee,0xc6,0x00,0x00,0x05,0xfd,0x00,0x00,0x00,0x00,0x00,0x05,0xfd,0x00,0x00,0x00,0x00,0x00,0x05,
0xfd,0x00,0x00,0x00,0x00,0x00,0x05,0xfd,0x00,0x00,0x00,0x00,0x00,0x00,0x03,0xae,0xfc,0x51,0xeb,0x00,0x00,0x5f,0xff,0xff,
0xf9,0xfb,0x00,0x02,0xef,0xb3,0x01,0x6e,0xfb,0x00,0x08,0xfd,0x00,0x00,0x07,0xfb,0x00,0x0c,0xf7,0x00,0x00,0x06,0xfb,0x00,
0x0e,0xf5,0x00,0x00,0x06,0xfb,0x00,0x0e,0xf4,0x00,0x00,0x06,0xfb,0x00,0x0d,0xf6,0x00,0x00,0x06,0xfb,0x00,0x0a,0xfb,0x00,
0x00,0x08,0xfb,0x00,0x04,0xff,0x92,0x03,0xaf,0xfb,0x00,0x00,0xaf,0xff,0xff,0xd7,0xfb,0x00,0x00,0x07,0xdf,0xd8,0x16,0xfb,
0x00,0x00,0x00,0x00,0x00,0x06,0xfb,0x00,0x00,0x00,0x00,0x00,0x06,0xfb,0x00,0x00,0x00,0x00,0x00,0x06,0xfb,0x00,0x00,0x00,
0x00,0x00,0x06,0xfb,0x00,0x05,0xf7,0x19,0xee,0x60,0x05,0xfa,0xbf,0xff,0x60,0x05,0xfe,0xe5,0x10,0x00,0x05,0xff,0x50,0x00,
0x00,0x05,0xfd,0x00,0x00,0x00,0x05,0xfd,0x00,0x00,0x00,0x05,0xfd,0x00,0x00,0x00,0x05,0xfd,0x00,0x00,0x00,0x05,0xfd,0x00,
0x00,0x00,0x05,0xfd,0x00,0x00,0x00,0x05,0xfd,0x00,0x00,0x00,0x05,0xfd,0x00,0x00,0x00,0x00,0x3a,0xef,0xd8,0x10,0x03,0xff,
0xff,0xff,0xd1,0x0b,0xfb,0x30,0x27,0x80,0x0d,0xf3,0x00,0x00,0x00,0x07,0xfa,0x10,0x00,0x00,0x00,0x7e,0xfb,0x61,0x00,0x00,
0x00,0x49,0xee,0x60,0x00,0x00,0x00,0x1c,0xf4,0x00,0x00,0x00,0x09,0xf6,0x0b,0xa4,0x11,0x6f,0xf4,0x1b,0xff,0xff,0xff,0xb0,
0x00,0x6c,0xee,0xc7,0x00,0x00,0x0e,0x90,0x00,0x00,0x00,0x2f,0x90,0x00,0x00,0x00,0x4f,0x90,0x00,0x00,0x00,0x6f,0x90,0x00,
0x00,0x5c,0xef,0xff,0xff,0x10,0x6f,0xff,0xff,0xff,0x10,0x00,0x8f,0x90,0x00,0x00,0x00,0x8f,0x90,0x00,0x00,0x00,0x8f,0x90,
0x00,0x00,0x00,0x8f,0x90,0x00,0x00,0x00,0x8f,0x90,0x00,0x00,0x00,0x8f,0x90,0x00,0x00,0x00,0x8f,0x90,0x00,0x00,0x00,0x7f,
0xc1,0x25,0x00,0x00,0x4f,0xff,0xff,0x20,0x00,0x06,0xdf,0xc5,0x00,0x06,0xfb,0x00,0x00,0x07,0xfa,0x00,0x06,0xfb,0x00,0x00,
0x07,0xfa,0x00,0x06,0xfb,0x00,0x00,0x07,0xfa,0x00,0x06,0xfb,0x00,0x00,0x07,0xfa,0x00,0x06,0xfb,0x00,0x00,0x07,0xfa,0x00,
0x06,0xfb,0x00,0x00,0x07,0xfa,0x00,0x06,0xfb,0x00,0x00,0x07,0xfa,0x00,0x06,0xfb,0x00,0x00,0x07,0xfa,0x00,0x04,0xfe,0x00,
0x00,0x09,0xfa,0x00,0x01,0xff,0x92,0x03,0xbf,0xfa,0x00,0x00,0x8f,0xff,0xff,0xd6,0xfa,0x00,0x00,0x06,0xdf,0xd9,0x12,0xfa,
0x00,0x8f,0xa0,0x00,0x00,0x03,0xfd,0x00,0x2f,0xf2,0x00,0x00,0x09,0xf7,0x00,0x0a,0xf7,0x00,0x00,0x1e,0xf1,0x00,0x04,0xfd,
0x00,0x00,0x7f,0xa0,0x00,0x00,0xdf,0x40,0x00,0xdf,0x40,0x00,0x00,0x7f,0xa0,0x04,0xfd,0x00,0x00,0x00,0x1f,0xf2,0x0a,0xf6,
0x00,0x00,0x00,0x09,0xf7,0x1f,0xe1,0x00,0x00,0x00,0x03,0xfd,0x6f,0x90,0x00,0x00,0x00,0x00,0xcf,0xcf,0x30,0x00,0x00,0x00,
0x00,0x6f,0xfc,0x00,0x00,0x00,0x00,0x00,0x1e,0xf5,0x00,0x00,0x00,0x7f,0xa0,0x00,0x00,0x8f,0x80,0x00,0x00,0xbf,0x40,0x2f,
0xf1,0x00,0x00,0xef,0xd0,0x00,0x02,0xfe,0x00,0x0c,0xf5,0x00,0x04,0xfe,0xf3,0x00,0x06,0xf9,0x00,0x07,0xfa,0x00,0x09,0xf7,
0xf8,0x00,0x0b,0xf5,0x00,0x02,0xfe,0x00,0x0e,0xd1,0xed,0x00,0x1f,0xe0,0x00,0x00,0xcf,0x40,0x4f,0x80,0xaf,0x30,0x5f,0xa0,
0x00,0x00,0x7f,0x80,0x9f,0x20,0x5f,0x80,0xaf,0x50,0x00,0x00,0x2f,0xd0,0xec,0x00,0x0e,0xd0,0xee,0x10,0x00,0x00,0x0c,0xf5,
0xf7,0x00,0x0a,0xf6,0xfa,0x00,0x00,0x00,0x07,0xfd,0xf2,0x00,0x05,0xfd,0xf5,0x00,0x00,0x00,0x02,0xff,0xc0,0x00,0x00,0xef,
0xe1,0x00,0x00,0x00,0x00,0xdf,0x60,0x00,0x00,0x9f,0xa0,0x00,0x00,0x3f,0xe3,0x00,0x00,0x2e,0xf3,0x08,0xfc,0x00,0x00,0xbf,
0x70,0x00,0xcf,0x80,0x07,0xfb,0x00,0x00,0x3f,0xf3,0x2e,0xe2,0x00,0x00,0x07,0xfc,0xbf,0x50,0x00,0x00,0x00,0xbf,0xfa,0x00,
0x00,0x00,0x00,0xcf,0xfd,0x10,0x00,0x00,0x09,0xfa,0xbf,0x90,0x00,0x00,0x4f,0xe1,0x2e,0xf4,0x00,0x01,0xdf,0x40,0x06,0xfd,
0x10,0x0a,0xf8,0x00,0x00,0xbf,0xa0,0x6f,0xc0,0x00,0x00,0x2e,0xf5,0x8f,0xb0,0x00,0x00,0x02,0xee,0x10,0x2f,0xf3,0x00,0x00,
0x09,0xf8,0x00,0x0a,0xfa,0x00,0x00,0x1e,0xf2,0x00,0x03,0xff,0x10,0x00,0x6f,0xa0,0x00,0x00,0xbf,0x70,0x00,0xcf,0x30,0x00,
0x00,0x5f,0xe0,0x04,0xfc,0x00,0x00,0x00,0x0d,0xf5,0x0a,0xf5,0x00,0x00,0x00,0x06,0xfc,0x1f,0xd0,0x00,0x00,0x00,0x01,0xef,
0x9f,0x70,0x00,0x00,0x00,0x00,0x8f,0xfe,0x10,0x00,0x00,0x00,0x00,0x2f,0xf9,0x00,0x00,0x00,0x00,0x00,0x0d,0xf2,0x00,0x00,
0x00,0x00,0x00,0x4f,0xb0,0x00,0x00,0x00,0x00,0x00,0xcf,0x40,0x00,0x00,0x00,0x00,0x04,0xfd,0x00,0x00,0x00,0x00,0x00,0x0b,
0xf5,0x00,0x00,0x00,0x00,0x0e,0xff,0xff,0xff,0xff,0x10,0x0e,0xff,0xff,0xff,0xfd,0x00,0x00,0x00,0x00,0x0c,0xe2,0x00,0x00,
0x00,0x00,0x9f,0x50,0x00,0x00,0x00,0x06,0xf8,0x00,0x00,0x00,0x00,0x4f,0xb0,0x00,0x00,0x00,0x02,0xed,0x10,0x00,0x00,0x00,
0x0c,0xf3,0x00,0x00,0x00,0x00,0x9f,0x60,0x00,0x00,0x00,0x07,0xf9,0x00,0x00,0x00,0x00,0x2f,0xff,0xff,0xff,0xfd,0x00,0x4f,
0xff,0xff,0xff,0xfd,0x00,0x00,0x05,0xcf,0x70,0x00,0x5f,0xff,0x50,0x00,0xdf,0x71,0x00,0x01,0xfd,0x00,0x00,0x02,0xfb,0x00,
0x00,0x01,0xfc,0x00,0x00,0x00,0xde,0x00,0x00,0x00,0xbf,0x20,0x00,0x00,0x9f,0x30,0x00,0x00,0x9f,0x30,0x00,0x03,0xec,0x00,
0x00,0x3f,0xd2,0x00,0x00,0x03,0xed,0x00,0x00,0x00,0x9f,0x30,0x00,0x00,0x9f,0x30,0x00,0x00,0xcf,0x10,0x00,0x00,0xed,0x00,
0x00,0x01,0xfb,0x00,0x00,0x02,0xfc,0x00,0x00,0x00,0xef,0x61,0x00,0x00,0x7f,0xff,0x50,0x00,0x06,0xdf,0x70,0x00,0xcd,0x00,
0x00,0xcd,0x00,0x00,0xcd,0x00,0x00,0xcd,0x00,0x00,0xcd,0x00,0x00,0xcd,0x00,0x00,0xcd,0x00,0x00,0xcd,0x00,0x00,0xcd,0x00,
0x00,0xcd,0x00,0x00,0xcd,0x00,0x00,0xcd,0x00,0x00,0xcd,0x00,0x00,0xcd,0x00,0x00,0xcd,0x00,0x00,0xcd,0x00,0x00,0xcd,0x00,
0x00,0xcd,0x00,0x00,0xcd,0x00,0x00,0xcd,0x00,0x00,0xcd,0x00,0x00,0xcd,0x00,0x3f,0xd7,0x00,0x00,0x2f,0xff,0xa0,0x00,0x00,
0x4f,0xf2,0x00,0x00,0x09,0xf4,0x00,0x00,0x08,0xf5,0x00,0x00,0x09,0xf4,0x00,0x00,0x0b,0xf1,0x00,0x00,0x0d,0xe0,0x00,0x00,
0x0f,0xc0,0x00,0x00,0x0f,0xd0,0x00,0x00,0x09,0xf5,0x00,0x00,0x00,0xbf,0x60,0x00,0x0a,0xf4,0x00,0x00,0x0f,0xc0,0x00,0x00,
0x0f,0xd0,0x00,0x00,0x0c,0xf0,0x00,0x00,0x0a,0xf2,0x00,0x00,0x08,0xf5,0x00,0x00,0x09,0xf5,0x00,0x00,0x4e,0xf3,0x00,0x2f,
0xff,0xb0,0x00,0x3f,0xd8,0x10,0x00,0x00,0x00,0x00,0x00,0x00,0x28,0x40,0x00,0x3c,0xfd,0xa6,0x21,0x9f,0x60,0x01,0xef,0xff,
0xff,0xff,0xfe,0x10,0x06,0xf9,0x12,0x6a,0xee,0xb3,0x00,0x04,0x72,0x00,0x00,0x00,0x00,0x00,0x00,0x00,0x00,0x00,0x00,0x00,
0x00,0x00,0x00,0x00,0x00,0x00,0x00,0x00,0x00,0x00,0x00,0x00,0x00,0x00,0x00,0x00,0x00,0x00,0x00,0x00,0x00,0x00,
};
#endif

static const lv_font_fmt_txt_glyph_dsc_t product_text_24_glyphs[]={
{.bitmap_index=0,.adv_w=0,.box_w=0,.box_h=0,.ofs_x=0,.ofs_y=0},
{.bitmap_index=0,.adv_w=96,.box_w=6,.box_h=0,.ofs_x=0,.ofs_y=0},
{.bitmap_index=0,.adv_w=96,.box_w=6,.box_h=17,.ofs_x=0,.ofs_y=0},
{.bitmap_index=51,.adv_w=144,.box_w=9,.box_h=17,.ofs_x=0,.ofs_y=0},
{.bitmap_index=136,.adv_w=224,.box_w=14,.box_h=17,.ofs_x=0,.ofs_y=0},
{.bitmap_index=255,.adv_w=224,.box_w=14,.box_h=23,.ofs_x=0,.ofs_y=-3},
{.bitmap_index=416,.adv_w=304,.box_w=19,.box_h=17,.ofs_x=0,.ofs_y=0},
{.bitmap_index=586,.adv_w=272,.box_w=17,.box_h=17,.ofs_x=0,.ofs_y=0},
{.bitmap_index=739,.adv_w=80,.box_w=5,.box_h=17,.ofs_x=0,.ofs_y=0},
{.bitmap_index=790,.adv_w=96,.box_w=6,.box_h=23,.ofs_x=0,.ofs_y=-4},
{.bitmap_index=859,.adv_w=96,.box_w=6,.box_h=23,.ofs_x=0,.ofs_y=-4},
{.bitmap_index=928,.adv_w=160,.box_w=10,.box_h=17,.ofs_x=0,.ofs_y=0},
{.bitmap_index=1013,.adv_w=224,.box_w=14,.box_h=14,.ofs_x=0,.ofs_y=0},
{.bitmap_index=1111,.adv_w=80,.box_w=5,.box_h=7,.ofs_x=0,.ofs_y=-4},
{.bitmap_index=1132,.adv_w=144,.box_w=9,.box_h=8,.ofs_x=0,.ofs_y=0},
{.bitmap_index=1172,.adv_w=96,.box_w=6,.box_h=3,.ofs_x=0,.ofs_y=0},
{.bitmap_index=1181,.adv_w=176,.box_w=11,.box_h=18,.ofs_x=0,.ofs_y=-1},
{.bitmap_index=1289,.adv_w=224,.box_w=14,.box_h=17,.ofs_x=0,.ofs_y=0},
{.bitmap_index=1408,.adv_w=224,.box_w=14,.box_h=17,.ofs_x=0,.ofs_y=0},
{.bitmap_index=1527,.adv_w=224,.box_w=14,.box_h=17,.ofs_x=0,.ofs_y=0},
{.bitmap_index=1646,.adv_w=224,.box_w=14,.box_h=17,.ofs_x=0,.ofs_y=0},
{.bitmap_index=1765,.adv_w=224,.box_w=14,.box_h=17,.ofs_x=0,.ofs_y=0},
{.bitmap_index=1884,.adv_w=224,.box_w=14,.box_h=17,.ofs_x=0,.ofs_y=0},
{.bitmap_index=2003,.adv_w=224,.box_w=14,.box_h=17,.ofs_x=0,.ofs_y=0},
{.bitmap_index=2122,.adv_w=224,.box_w=14,.box_h=17,.ofs_x=0,.ofs_y=0},
{.bitmap_index=2241,.adv_w=224,.box_w=14,.box_h=17,.ofs_x=0,.ofs_y=0},
{.bitmap_index=2360,.adv_w=224,.box_w=14,.box_h=17,.ofs_x=0,.ofs_y=0},
{.bitmap_index=2479,.adv_w=96,.box_w=6,.box_h=12,.ofs_x=0,.ofs_y=0},
{.bitmap_index=2515,.adv_w=96,.box_w=6,.box_h=16,.ofs_x=0,.ofs_y=-4},
{.bitmap_index=2563,.adv_w=224,.box_w=14,.box_h=14,.ofs_x=0,.ofs_y=0},
{.bitmap_index=2661,.adv_w=224,.box_w=14,.box_h=11,.ofs_x=0,.ofs_y=0},
{.bitmap_index=2738,.adv_w=224,.box_w=14,.box_h=14,.ofs_x=0,.ofs_y=0},
{.bitmap_index=2836,.adv_w=176,.box_w=11,.box_h=17,.ofs_x=0,.ofs_y=0},
{.bitmap_index=2938,.adv_w=320,.box_w=20,.box_h=19,.ofs_x=0,.ofs_y=-3},
{.bitmap_index=3128,.adv_w=256,.box_w=17,.box_h=17,.ofs_x=0,.ofs_y=0},
{.bitmap_index=3281,.adv_w=256,.box_w=16,.box_h=17,.ofs_x=0,.ofs_y=0},
{.bitmap_index=3417,.adv_w=256,.box_w=16,.box_h=17,.ofs_x=0,.ofs_y=0},
{.bitmap_index=3553,.adv_w=288,.box_w=18,.box_h=17,.ofs_x=0,.ofs_y=0},
{.bitmap_index=3706,.adv_w=224,.box_w=14,.box_h=17,.ofs_x=0,.ofs_y=0},
{.bitmap_index=3825,.adv_w=224,.box_w=14,.box_h=17,.ofs_x=0,.ofs_y=0},
{.bitmap_index=3944,.adv_w=288,.box_w=18,.box_h=17,.ofs_x=0,.ofs_y=0},
{.bitmap_index=4097,.adv_w=288,.box_w=18,.box_h=17,.ofs_x=0,.ofs_y=0},
{.bitmap_index=4250,.adv_w=112,.box_w=7,.box_h=17,.ofs_x=0,.ofs_y=0},
{.bitmap_index=4318,.adv_w=160,.box_w=10,.box_h=17,.ofs_x=0,.ofs_y=0},
{.bitmap_index=4403,.adv_w=256,.box_w=16,.box_h=17,.ofs_x=0,.ofs_y=0},
{.bitmap_index=4539,.adv_w=192,.box_w=12,.box_h=17,.ofs_x=0,.ofs_y=0},
{.bitmap_index=4641,.adv_w=352,.box_w=22,.box_h=17,.ofs_x=0,.ofs_y=0},
{.bitmap_index=4828,.adv_w=288,.box_w=18,.box_h=17,.ofs_x=0,.ofs_y=0},
{.bitmap_index=4981,.adv_w=304,.box_w=19,.box_h=17,.ofs_x=0,.ofs_y=0},
{.bitmap_index=5151,.adv_w=224,.box_w=14,.box_h=17,.ofs_x=0,.ofs_y=0},
{.bitmap_index=5270,.adv_w=304,.box_w=19,.box_h=21,.ofs_x=0,.ofs_y=-4},
{.bitmap_index=5480,.adv_w=240,.box_w=15,.box_h=17,.ofs_x=0,.ofs_y=0},
{.bitmap_index=5616,.adv_w=208,.box_w=13,.box_h=17,.ofs_x=0,.ofs_y=0},
{.bitmap_index=5735,.adv_w=224,.box_w=14,.box_h=17,.ofs_x=0,.ofs_y=0},
{.bitmap_index=5854,.adv_w=288,.box_w=18,.box_h=17,.ofs_x=0,.ofs_y=0},
{.bitmap_index=6007,.adv_w=256,.box_w=17,.box_h=17,.ofs_x=0,.ofs_y=0},
{.bitmap_index=6160,.adv_w=400,.box_w=25,.box_h=17,.ofs_x=0,.ofs_y=0},
{.bitmap_index=6381,.adv_w=256,.box_w=16,.box_h=17,.ofs_x=0,.ofs_y=0},
{.bitmap_index=6517,.adv_w=240,.box_w=15,.box_h=17,.ofs_x=0,.ofs_y=0},
{.bitmap_index=6653,.adv_w=224,.box_w=14,.box_h=17,.ofs_x=0,.ofs_y=0},
{.bitmap_index=6772,.adv_w=112,.box_w=7,.box_h=22,.ofs_x=0,.ofs_y=-3},
{.bitmap_index=6860,.adv_w=176,.box_w=11,.box_h=18,.ofs_x=0,.ofs_y=-1},
{.bitmap_index=6968,.adv_w=112,.box_w=7,.box_h=22,.ofs_x=0,.ofs_y=-3},
{.bitmap_index=7056,.adv_w=224,.box_w=14,.box_h=17,.ofs_x=0,.ofs_y=0},
{.bitmap_index=7175,.adv_w=176,.box_w=11,.box_h=3,.ofs_x=0,.ofs_y=-3},
{.bitmap_index=7193,.adv_w=160,.box_w=10,.box_h=17,.ofs_x=0,.ofs_y=0},
{.bitmap_index=7278,.adv_w=192,.box_w=12,.box_h=12,.ofs_x=0,.ofs_y=0},
{.bitmap_index=7350,.adv_w=208,.box_w=13,.box_h=17,.ofs_x=0,.ofs_y=0},
{.bitmap_index=7469,.adv_w=176,.box_w=11,.box_h=12,.ofs_x=0,.ofs_y=0},
{.bitmap_index=7541,.adv_w=208,.box_w=13,.box_h=17,.ofs_x=0,.ofs_y=0},
{.bitmap_index=7660,.adv_w=208,.box_w=13,.box_h=12,.ofs_x=0,.ofs_y=0},
{.bitmap_index=7744,.adv_w=128,.box_w=9,.box_h=17,.ofs_x=0,.ofs_y=0},
{.bitmap_index=7829,.adv_w=192,.box_w=12,.box_h=16,.ofs_x=0,.ofs_y=-4},
{.bitmap_index=7925,.adv_w=208,.box_w=13,.box_h=17,.ofs_x=0,.ofs_y=0},
{.bitmap_index=8044,.adv_w=96,.box_w=6,.box_h=17,.ofs_x=0,.ofs_y=0},
{.bitmap_index=8095,.adv_w=96,.box_w=7,.box_h=21,.ofs_x=-1,.ofs_y=-4},
{.bitmap_index=8179,.adv_w=192,.box_w=13,.box_h=17,.ofs_x=0,.ofs_y=0},
{.bitmap_index=8298,.adv_w=96,.box_w=6,.box_h=17,.ofs_x=0,.ofs_y=0},
{.bitmap_index=8349,.adv_w=320,.box_w=20,.box_h=12,.ofs_x=0,.ofs_y=0},
{.bitmap_index=8469,.adv_w=208,.box_w=13,.box_h=12,.ofs_x=0,.ofs_y=0},
{.bitmap_index=8553,.adv_w=224,.box_w=14,.box_h=12,.ofs_x=0,.ofs_y=0},
{.bitmap_index=8637,.adv_w=208,.box_w=13,.box_h=16,.ofs_x=0,.ofs_y=-4},
{.bitmap_index=8749,.adv_w=208,.box_w=13,.box_h=16,.ofs_x=0,.ofs_y=-4},
{.bitmap_index=8861,.adv_w=144,.box_w=9,.box_h=12,.ofs_x=0,.ofs_y=0},
{.bitmap_index=8921,.adv_w=160,.box_w=10,.box_h=12,.ofs_x=0,.ofs_y=0},
{.bitmap_index=8981,.adv_w=144,.box_w=9,.box_h=16,.ofs_x=0,.ofs_y=0},
{.bitmap_index=9061,.adv_w=208,.box_w=13,.box_h=12,.ofs_x=0,.ofs_y=0},
{.bitmap_index=9145,.adv_w=192,.box_w=13,.box_h=12,.ofs_x=0,.ofs_y=0},
{.bitmap_index=9229,.adv_w=304,.box_w=19,.box_h=12,.ofs_x=0,.ofs_y=0},
{.bitmap_index=9349,.adv_w=192,.box_w=12,.box_h=12,.ofs_x=0,.ofs_y=0},
{.bitmap_index=9421,.adv_w=192,.box_w=13,.box_h=16,.ofs_x=0,.ofs_y=-4},
{.bitmap_index=9533,.adv_w=176,.box_w=11,.box_h=12,.ofs_x=0,.ofs_y=0},
{.bitmap_index=9605,.adv_w=112,.box_w=7,.box_h=22,.ofs_x=0,.ofs_y=-3},
{.bitmap_index=9693,.adv_w=96,.box_w=6,.box_h=22,.ofs_x=0,.ofs_y=-4},
{.bitmap_index=9759,.adv_w=112,.box_w=7,.box_h=22,.ofs_x=0,.ofs_y=-3},
{.bitmap_index=9847,.adv_w=224,.box_w=14,.box_h=9,.ofs_x=0,.ofs_y=0},
};

static lv_font_fmt_txt_dsc_t product_text_24_dsc={
#if !NOODOE_PRODUCT
.glyph_bitmap=product_text_24_bitmap,
#endif
.glyph_dsc=product_text_24_glyphs,.cmaps=product_text_16_map,.cmap_num=1,.bpp=4,.bitmap_format=0,.stride=1};

const lv_font_t product_text_24={.get_glyph_dsc=lv_font_get_glyph_dsc_fmt_txt,.get_glyph_bitmap=lv_font_get_bitmap_fmt_txt,.line_height=28,.base_line=6,.dsc=&product_text_24_dsc};

#if !NOODOE_PRODUCT
static const uint8_t product_text_32_bitmap[]={
0x00,0x5f,0xff,0x60,0x00,0x00,0x5f,0xff,0x60,0x00,0x00,0x5f,0xff,0x60,0x00,0x00,0x5f,0xff,0x60,0x00,0x00,0x5f,0xff,0x60,
0x00,0x00,0x5f,0xff,0x60,0x00,0x00,0x5f,0xff,0x60,0x00,0x00,0x5f,0xff,0x60,0x00,0x00,0x5f,0xff,0x60,0x00,0x00,0x5f,0xff,
0x50,0x00,0x00,0x4f,0xff,0x50,0x00,0x00,0x3f,0xff,0x40,0x00,0x00,0x2f,0xff,0x20,0x00,0x00,0x0f,0xff,0x10,0x00,0x00,0x0d,
0xfe,0x00,0x00,0x00,0x00,0x00,0x00,0x00,0x00,0x00,0x00,0x00,0x00,0x00,0x00,0x00,0x00,0x00,0x00,0x00,0x00,0x00,0x00,0x00,
0x2b,0xea,0x10,0x00,0x00,0xbf,0xff,0x90,0x00,0x00,0xef,0xff,0xd0,0x00,0x00,0xbf,0xff,0xa0,0x00,0x00,0x2b,0xeb,0x10,0x00,
0x05,0xff,0xf2,0x07,0xff,0xf0,0x00,0x05,0xff,0xf2,0x07,0xff,0xf0,0x00,0x05,0xff,0xf2,0x07,0xff,0xf0,0x00,0x05,0xff,0xf2,
0x07,0xff,0xf0,0x00,0x05,0xff,0xf2,0x07,0xff,0xf0,0x00,0x04,0xff,0xf0,0x06,0xff,0xe0,0x00,0x02,0xff,0xd0,0x03,0xff,0xc0,
0x00,0x00,0xef,0xb0,0x01,0xff,0x90,0x00,0x00,0x8e,0x50,0x00,0xae,0x40,0x00,0x00,0x00,0x00,0x00,0x00,0x00,0x00,0x00,0x00,
0x00,0x00,0x00,0x00,0x00,0x00,0x00,0x00,0x00,0x00,0x00,0x00,0x00,0x00,0x00,0x00,0x00,0x00,0x00,0x00,0x00,0x00,0x00,0x00,
0x00,0x00,0x00,0x00,0x00,0x00,0x00,0x00,0x00,0x00,0x00,0x00,0x00,0x00,0x00,0x00,0x00,0x00,0x00,0x00,0x00,0x00,0x00,0x00,
0x00,0x00,0x00,0x00,0x00,0x00,0x00,0x00,0x00,0x00,0x00,0x00,0x00,0x00,0x00,0x00,0x00,0x00,0x00,0x00,0x00,0x00,0x00,0x00,
0x00,0x00,0x00,0x00,0x00,0x00,0x00,0x00,0x00,0x00,0x00,0x00,0x00,0x00,0x00,0x00,0x00,0x00,0x00,0x00,0x00,0x00,0x00,0x00,
0x00,0x00,0x00,0x6e,0xf7,0x00,0x4f,0xf8,0x00,0x00,0x00,0x00,0x00,0xef,0xf4,0x00,0x6f,0xfc,0x00,0x00,0x00,0x00,0x02,0xff,
0xf2,0x00,0x9f,0xfa,0x00,0x00,0x00,0x00,0x04,0xff,0xe0,0x00,0xcf,0xf7,0x00,0x00,0x00,0x00,0x07,0xff,0xc0,0x00,0xef,0xf5,
0x00,0x00,0x00,0x00,0x09,0xff,0x90,0x02,0xff,0xf2,0x00,0x00,0x00,0x00,0x0c,0xff,0x60,0x05,0xff,0xe0,0x00,0x00,0x02,0xdf,
0xff,0xff,0xff,0xff,0xff,0xff,0xff,0x00,0x07,0xff,0xff,0xff,0xff,0xff,0xff,0xff,0xfd,0x00,0x0a,0xff,0xff,0xff,0xff,0xff,
0xff,0xff,0xe6,0x00,0x00,0x00,0x6f,0xfd,0x00,0x0d,0xff,0x50,0x00,0x00,0x00,0x00,0x9f,0xf9,0x00,0x1f,0xff,0x20,0x00,0x00,
0x00,0x00,0xcf,0xf6,0x00,0x4f,0xfe,0x00,0x00,0x00,0x00,0x01,0xff,0xf3,0x00,0x7f,0xfb,0x00,0x00,0x00,0x4f,0xff,0xff,0xff,
0xff,0xff,0xff,0xff,0xb0,0x00,0x6f,0xff,0xff,0xff,0xff,0xff,0xff,0xff,0xe0,0x00,0x4e,0xff,0xff,0xff,0xff,0xff,0xff,0xff,
0xc0,0x00,0x00,0x0a,0xff,0x90,0x02,0xff,0xf2,0x00,0x00,0x00,0x00,0x0c,0xff,0x70,0x04,0xff,0xe0,0x00,0x00,0x00,0x00,0x0f,
0xff,0x40,0x07,0xff,0xc0,0x00,0x00,0x00,0x00,0x2f,0xff,0x20,0x09,0xff,0x90,0x00,0x00,0x00,0x00,0x5f,0xfe,0x00,0x0c,0xff,
0x70,0x00,0x00,0x00,0x00,0x8f,0xfb,0x00,0x0e,0xff,0x40,0x00,0x00,0x00,0x00,0xaf,0xd4,0x00,0x09,0xff,0x20,0x00,0x00,0x00,
0x00,0x00,0x00,0x00,0x04,0xef,0x00,0x00,0x00,0x00,0x00,0x00,0x00,0x00,0x08,0xfe,0x00,0x00,0x00,0x00,0x00,0x00,0x00,0x00,
0x09,0xfd,0x00,0x00,0x00,0x00,0x00,0x00,0x01,0x7c,0xef,0xfe,0xa6,0x10,0x00,0x00,0x00,0x00,0x5e,0xff,0xff,0xff,0xff,0xe6,
0x00,0x00,0x00,0x05,0xff,0xff,0xff,0xff,0xff,0xff,0x80,0x00,0x00,0x2f,0xff,0xfe,0xaf,0xfb,0xcf,0xff,0x50,0x00,0x00,0x8f,
0xff,0xa1,0x0f,0xf6,0x04,0xb8,0x00,0x00,0x00,0xcf,0xfe,0x10,0x1f,0xf5,0x00,0x00,0x00,0x00,0x00,0xef,0xfc,0x00,0x3f,0xf4,
0x00,0x00,0x00,0x00,0x00,0xef,0xfe,0x10,0x4f,0xf2,0x00,0x00,0x00,0x00,0x00,0xbf,0xff,0xb1,0x5f,0xf1,0x00,0x00,0x00,0x00,
0x00,0x6f,0xff,0xfe,0xcf,0xf0,0x00,0x00,0x00,0x00,0x00,0x0c,0xff,0xff,0xff,0xf8,0x30,0x00,0x00,0x00,0x00,0x01,0xbf,0xff,
0xff,0xff,0xfc,0x50,0x00,0x00,0x00,0x00,0x05,0xbf,0xff,0xff,0xff,0xf9,0x00,0x00,0x00,0x00,0x00,0x01,0xdf,0xff,0xff,0xff,
0x70,0x00,0x00,0x00,0x00,0x00,0xdf,0xa6,0xef,0xff,0xe0,0x00,0x00,0x00,0x00,0x00,0xef,0x80,0x2e,0xff,0xf3,0x00,0x00,0x00,
0x00,0x00,0xff,0x60,0x09,0xff,0xf4,0x00,0x00,0x00,0x00,0x01,0xff,0x50,0x08,0xff,0xf3,0x00,0x00,0x25,0x00,0x03,0xff,0x40,
0x0c,0xff,0xf1,0x00,0x01,0xdf,0xc3,0x04,0xff,0x30,0x8f,0xff,0xb0,0x00,0x09,0xff,0xff,0xba,0xff,0x9d,0xff,0xff,0x30,0x00,
0x05,0xef,0xff,0xff,0xff,0xff,0xff,0xf7,0x00,0x00,0x00,0x29,0xff,0xff,0xff,0xff,0xfe,0x60,0x00,0x00,0x00,0x00,0x16,0x9e,
0xff,0xec,0x82,0x00,0x00,0x00,0x00,0x00,0x00,0x0a,0xfb,0x00,0x00,0x00,0x00,0x00,0x00,0x00,0x00,0x0b,0xfa,0x00,0x00,0x00,
0x00,0x00,0x00,0x00,0x00,0x0d,0xf6,0x00,0x00,0x00,0x00,0x00,0x00,0x01,0x9d,0xfe,0x92,0x00,0x00,0x00,0x00,0x04,0xdf,0xf6,
0x00,0x00,0x3e,0xff,0xff,0xfe,0x40,0x00,0x00,0x00,0x2e,0xff,0xa0,0x00,0x00,0xdf,0xff,0xff,0xff,0xe1,0x00,0x00,0x00,0xbf,
0xfd,0x10,0x00,0x05,0xff,0xe5,0x14,0xdf,0xf7,0x00,0x00,0x07,0xff,0xf3,0x00,0x00,0x09,0xff,0x80,0x00,0x6f,0xfb,0x00,0x00,
0x4f,0xff,0x70,0x00,0x00,0x0b,0xff,0x50,0x00,0x2f,0xfd,0x00,0x01,0xdf,0xfb,0x00,0x00,0x00,0x0b,0xff,0x50,0x00,0x2f,0xfd,
0x00,0x0a,0xff,0xe1,0x00,0x00,0x00,0x09,0xff,0x80,0x00,0x6f,0xfb,0x00,0x6f,0xff,0x40,0x00,0x00,0x00,0x05,0xff,0xe4,0x13,
0xdf,0xf7,0x03,0xff,0xf8,0x00,0x00,0x00,0x00,0x00,0xdf,0xff,0xff,0xff,0xe1,0x1d,0xff,0xc0,0x00,0x00,0x00,0x00,0x00,0x3e,
0xff,0xff,0xfe,0x30,0xaf,0xfe,0x20,0x00,0x00,0x00,0x00,0x00,0x02,0x9d,0xfd,0x92,0x05,0xff,0xf5,0x00,0x00,0x00,0x00,0x00,
0x00,0x00,0x00,0x00,0x00,0x2e,0xff,0x90,0x18,0xdf,0xea,0x30,0x00,0x00,0x00,0x00,0x00,0x00,0xcf,0xfc,0x12,0xdf,0xff,0xff,
0xf5,0x00,0x00,0x00,0x00,0x00,0x09,0xff,0xe2,0x0c,0xff,0xff,0xff,0xfe,0x20,0x00,0x00,0x00,0x00,0x5f,0xff,0x60,0x4f,0xff,
0x51,0x3d,0xff,0x80,0x00,0x00,0x00,0x02,0xef,0xfa,0x00,0x8f,0xf9,0x00,0x05,0xff,0xc0,0x00,0x00,0x00,0x0b,0xff,0xd1,0x00,
0xaf,0xf6,0x00,0x01,0xff,0xe0,0x00,0x00,0x00,0x8f,0xff,0x30,0x00,0xaf,0xf6,0x00,0x01,0xff,0xe0,0x00,0x00,0x04,0xff,0xf7,
0x00,0x00,0x8f,0xf9,0x00,0x05,0xff,0xc0,0x00,0x00,0x1d,0xff,0xb0,0x00,0x00,0x4f,0xff,0x51,0x3d,0xff,0x80,0x00,0x00,0xbf,
0xfe,0x10,0x00,0x00,0x0c,0xff,0xff,0xff,0xfe,0x10,0x00,0x07,0xff,0xf4,0x00,0x00,0x00,0x02,0xdf,0xff,0xff,0xe4,0x00,0x00,
0x3f,0xfe,0x70,0x00,0x00,0x00,0x00,0x18,0xdf,0xe9,0x20,0x00,0x00,0x00,0x00,0x04,0xad,0xfe,0xc7,0x10,0x00,0x00,0x00,0x00,
0x00,0x00,0x00,0xaf,0xff,0xff,0xff,0xd2,0x00,0x00,0x00,0x00,0x00,0x00,0x09,0xff,0xff,0xff,0xff,0xfd,0x10,0x00,0x00,0x00,
0x00,0x00,0x3f,0xff,0xe5,0x12,0xbf,0xff,0x70,0x00,0x00,0x00,0x00,0x00,0x8f,0xff,0x50,0x00,0x0d,0xff,0xc0,0x00,0x00,0x00,
0x00,0x00,0xbf,0xff,0x00,0x00,0x04,0xb8,0x50,0x00,0x00,0x00,0x00,0x00,0xbf,0xff,0x00,0x00,0x00,0x00,0x00,0x00,0x00,0x00,
0x00,0x00,0x9f,0xff,0x30,0x00,0x00,0x00,0x00,0x00,0x00,0x00,0x00,0x00,0x4f,0xff,0xb0,0x00,0x00,0x00,0x00,0x00,0x00,0x00,
0x00,0x00,0x0d,0xff,0xf8,0x00,0x00,0x00,0x00,0x00,0x00,0x00,0x00,0x00,0x05,0xff,0xff,0x70,0x00,0x00,0x00,0x00,0x00,0x00,
0x00,0x00,0x7e,0xff,0xff,0xf6,0x00,0x00,0x09,0xff,0x70,0x00,0x00,0x09,0xff,0xff,0xff,0xff,0x50,0x00,0x0e,0xff,0x60,0x00,
0x00,0x8f,0xff,0xd4,0xdf,0xff,0xf4,0x00,0x1f,0xff,0x40,0x00,0x02,0xff,0xfe,0x20,0x1d,0xff,0xfe,0x30,0x5f,0xff,0x10,0x00,
0x08,0xff,0xf8,0x00,0x02,0xdf,0xff,0xe3,0xaf,0xfc,0x00,0x00,0x0b,0xff,0xf4,0x00,0x00,0x2d,0xff,0xfe,0xff,0xf6,0x00,0x00,
0x0c,0xff,0xf3,0x00,0x00,0x02,0xdf,0xff,0xff,0xd1,0x00,0x00,0x0a,0xff,0xf7,0x00,0x00,0x00,0x2e,0xff,0xff,0x60,0x00,0x00,
0x06,0xff,0xfe,0x10,0x00,0x00,0x0a,0xff,0xff,0xc1,0x00,0x00,0x01,0xef,0xff,0xd5,0x11,0x27,0xdf,0xff,0xff,0xfb,0x00,0x00,
0x00,0x4f,0xff,0xff,0xff,0xff,0xff,0xfb,0xef,0xff,0xb0,0x00,0x00,0x04,0xef,0xff,0xff,0xff,0xfd,0x50,0x4f,0xff,0xfa,0x00,
0x00,0x00,0x17,0xbe,0xfe,0xc9,0x40,0x00,0x05,0xdf,0xff,0x90,0x05,0xff,0xf2,0x00,0x05,0xff,0xf2,0x00,0x05,0xff,0xf2,0x00,
0x05,0xff,0xf2,0x00,0x05,0xff,0xf2,0x00,0x04,0xff,0xf0,0x00,0x02,0xff,0xd0,0x00,0x00,0xef,0xb0,0x00,0x00,0x8e,0x50,0x00,
0x00,0x00,0x00,0x00,0x00,0x00,0x00,0x00,0x00,0x00,0x00,0x00,0x00,0x00,0x00,0x00,0x00,0x00,0x00,0x00,0x00,0x00,0x00,0x00,
0x00,0x00,0x00,0x00,0x00,0x00,0x00,0x00,0x00,0x00,0x00,0x00,0x00,0x00,0x00,0x00,0x00,0x00,0x00,0x00,0x00,0x00,0x00,0x00,
0x00,0x00,0x00,0x00,0x00,0x00,0x00,0x00,0x00,0x00,0x00,0x00,0x00,0x00,0x00,0x00,0x00,0x00,0x00,0x0c,0x81,0x00,0x00,0x00,
0x6f,0xfb,0x00,0x00,0x00,0xdf,0xfa,0x00,0x00,0x06,0xff,0xf3,0x00,0x00,0x0d,0xff,0xc0,0x00,0x00,0x4f,0xff,0x50,0x00,0x00,
0x9f,0xff,0x10,0x00,0x00,0xdf,0xfa,0x00,0x00,0x02,0xff,0xf6,0x00,0x00,0x05,0xff,0xf3,0x00,0x00,0x08,0xff,0xf0,0x00,0x00,
0x09,0xff,0xd0,0x00,0x00,0x0a,0xff,0xb0,0x00,0x00,0x0b,0xff,0xa0,0x00,0x00,0x0c,0xff,0x90,0x00,0x00,0x0c,0xff,0x90,0x00,
0x00,0x0b,0xff,0xa0,0x00,0x00,0x0a,0xff,0xb0,0x00,0x00,0x09,0xff,0xd0,0x00,0x00,0x07,0xff,0xf1,0x00,0x00,0x05,0xff,0xf3,
0x00,0x00,0x02,0xff,0xf6,0x00,0x00,0x00,0xdf,0xfb,0x00,0x00,0x00,0x8f,0xff,0x10,0x00,0x00,0x3f,0xff,0x50,0x00,0x00,0x0c,
0xff,0xc0,0x00,0x00,0x06,0xff,0xf4,0x00,0x00,0x00,0xdf,0xfa,0x00,0x00,0x00,0x5f,0xfb,0x00,0x00,0x00,0x0b,0x70,0x00,0x00,
0x00,0x00,0x00,0x00,0x00,0x00,0x00,0x00,0x00,0x02,0xa9,0x00,0x00,0x00,0x1e,0xff,0x30,0x00,0x00,0x0d,0xff,0xb0,0x00,0x00,
0x07,0xff,0xf3,0x00,0x00,0x01,0xef,0xf9,0x00,0x00,0x00,0x8f,0xfe,0x10,0x00,0x00,0x4f,0xff,0x50,0x00,0x00,0x0e,0xff,0xa0,
0x00,0x00,0x0a,0xff,0xd0,0x00,0x00,0x07,0xff,0xf2,0x00,0x00,0x04,0xff,0xf4,0x00,0x00,0x01,0xff,0xf6,0x00,0x00,0x00,0xff,
0xf7,0x00,0x00,0x00,0xef,0xf8,0x00,0x00,0x00,0xdf,0xf8,0x00,0x00,0x00,0xdf,0xf8,0x00,0x00,0x00,0xef,0xf8,0x00,0x00,0x00,
0xff,0xf7,0x00,0x00,0x01,0xff,0xf6,0x00,0x00,0x04,0xff,0xf4,0x00,0x00,0x07,0xff,0xf1,0x00,0x00,0x0a,0xff,0xd0,0x00,0x00,
0x0e,0xff,0xa0,0x00,0x00,0x4f,0xff,0x50,0x00,0x00,0x9f,0xfe,0x10,0x00,0x01,0xef,0xf9,0x00,0x00,0x07,0xff,0xf3,0x00,0x00,
0x0d,0xff,0xa0,0x00,0x00,0x1e,0xff,0x30,0x00,0x00,0x01,0x98,0x00,0x00,0x00,0x00,0x00,0x00,0x00,0x00,0x00,0x00,0x02,0xfb,
0x00,0x00,0x00,0x00,0x00,0x02,0xfb,0x00,0x00,0x00,0x00,0xa7,0x02,0xfb,0x02,0xa5,0x00,0x02,0xff,0xd5,0xfb,0x8f,0xfb,0x00,
0x00,0x2b,0xff,0xff,0xfe,0x70,0x00,0x00,0x00,0x6f,0xff,0xd2,0x00,0x00,0x00,0x19,0xff,0xff,0xfd,0x50,0x00,0x02,0xef,0xe6,
0xfa,0x9f,0xfa,0x00,0x00,0xb8,0x12,0xfb,0x03,0xc6,0x00,0x00,0x00,0x02,0xfb,0x00,0x00,0x00,0x00,0x00,0x02,0xfb,0x00,0x00,
0x00,0x00,0x00,0x00,0x00,0x00,0x00,0x00,0x00,0x00,0x00,0x00,0x00,0x00,0x00,0x00,0x00,0x00,0x00,0x00,0x00,0x00,0x00,0x00,
0x00,0x00,0x00,0x00,0x00,0x00,0x00,0x00,0x00,0x00,0x00,0x00,0x00,0x00,0x00,0x00,0x00,0x00,0x00,0x00,0x00,0x00,0x00,0x00,
0x00,0x00,0x00,0x00,0x00,0x00,0x00,0x00,0x00,0x00,0x00,0x00,0x00,0x00,0x00,0x00,0x00,0x00,0x00,0x00,0x00,0x00,0x00,0x00,
0x00,0x00,0x00,0x00,0x00,0x00,0x00,0x00,0x00,0x00,0x00,0x00,0x00,0x00,0x00,0x00,0x00,0x00,0x00,0x00,0x00,0x00,0x00,0x00,
0x00,0x00,0x00,0x00,0x00,0x00,0x05,0xff,0xd0,0x00,0x00,0x00,0x00,0x00,0x00,0x00,0x05,0xff,0xd0,0x00,0x00,0x00,0x00,0x00,
0x00,0x00,0x05,0xff,0xd0,0x00,0x00,0x00,0x00,0x00,0x00,0x00,0x05,0xff,0xd0,0x00,0x00,0x00,0x00,0x00,0x00,0x00,0x05,0xff,
0xd0,0x00,0x00,0x00,0x00,0x00,0x00,0x00,0x05,0xff,0xd0,0x00,0x00,0x00,0x00,0x08,0xff,0xff,0xff,0xff,0xff,0xff,0xff,0xf1,
0x00,0x08,0xff,0xff,0xff,0xff,0xff,0xff,0xff,0xf1,0x00,0x08,0xff,0xff,0xff,0xff,0xff,0xff,0xff,0xf1,0x00,0x00,0x00,0x00,
0x05,0xff,0xd0,0x00,0x00,0x00,0x00,0x00,0x00,0x00,0x05,0xff,0xd0,0x00,0x00,0x00,0x00,0x00,0x00,0x00,0x05,0xff,0xd0,0x00,
0x00,0x00,0x00,0x00,0x00,0x00,0x05,0xff,0xd0,0x00,0x00,0x00,0x00,0x00,0x00,0x00,0x05,0xff,0xd0,0x00,0x00,0x00,0x00,0x00,
0x00,0x00,0x05,0xff,0xd0,0x00,0x00,0x00,0x00,0x00,0x00,0x00,0x05,0xff,0xd0,0x00,0x00,0x00,0x00,0x00,0x00,0x00,0x00,0x00,
0x00,0x00,0x00,0x00,0x00,0x00,0x00,0x00,0x00,0x00,0x00,0x00,0x00,0x00,0x00,0x00,0x00,0x00,0x00,0x00,0x00,0x00,0x00,0x00,
0x00,0x00,0x9e,0xc3,0x00,0x06,0xff,0xfc,0x00,0x09,0xff,0xff,0x10,0x06,0xff,0xff,0x00,0x00,0x9e,0xfd,0x00,0x00,0x08,0xf8,
0x00,0x00,0x1e,0xe2,0x00,0x00,0xbf,0x70,0x00,0x05,0xfa,0x00,0x00,0x00,0x60,0x00,0x00,0x03,0xff,0xff,0xff,0xff,0x20,0x03,
0xff,0xff,0xff,0xff,0x20,0x03,0xff,0xff,0xff,0xff,0x20,0x00,0x00,0x00,0x00,0x00,0x00,0x00,0x00,0x00,0x00,0x00,0x00,0x00,
0x00,0x00,0x00,0x00,0x00,0x00,0x00,0x00,0x00,0x00,0x00,0x00,0x00,0x00,0x00,0x00,0x00,0x00,0x00,0x00,0x00,0x00,0x00,0x00,
0x00,0x00,0x00,0x00,0x00,0x00,0x00,0x00,0x00,0x00,0x00,0x00,0x8e,0xc4,0x00,0x06,0xff,0xfe,0x10,0x09,0xff,0xff,0x30,0x06,
0xff,0xfe,0x10,0x00,0x9e,0xd4,0x00,0x00,0x00,0x00,0x00,0x00,0x3c,0xfc,0x00,0x00,0x00,0x00,0x00,0x00,0xbf,0xf6,0x00,0x00,
0x00,0x00,0x00,0x02,0xff,0xe1,0x00,0x00,0x00,0x00,0x00,0x08,0xff,0x90,0x00,0x00,0x00,0x00,0x00,0x0e,0xff,0x40,0x00,0x00,
0x00,0x00,0x00,0x5f,0xfd,0x00,0x00,0x00,0x00,0x00,0x00,0xbf,0xf7,0x00,0x00,0x00,0x00,0x00,0x02,0xff,0xf1,0x00,0x00,0x00,
0x00,0x00,0x07,0xff,0xa0,0x00,0x00,0x00,0x00,0x00,0x0d,0xff,0x50,0x00,0x00,0x00,0x00,0x00,0x4f,0xfe,0x00,0x00,0x00,0x00,
0x00,0x00,0xaf,0xf8,0x00,0x00,0x00,0x00,0x00,0x01,0xff,0xf2,0x00,0x00,0x00,0x00,0x00,0x06,0xff,0xb0,0x00,0x00,0x00,0x00,
0x00,0x0c,0xff,0x60,0x00,0x00,0x00,0x00,0x00,0x3f,0xfe,0x10,0x00,0x00,0x00,0x00,0x00,0x9f,0xf9,0x00,0x00,0x00,0x00,0x00,
0x01,0xef,0xf3,0x00,0x00,0x00,0x00,0x00,0x06,0xff,0xc0,0x00,0x00,0x00,0x00,0x00,0x0b,0xff,0x70,0x00,0x00,0x00,0x00,0x00,
0x2f,0xff,0x10,0x00,0x00,0x00,0x00,0x00,0x8f,0xfa,0x00,0x00,0x00,0x00,0x00,0x00,0xef,0xf4,0x00,0x00,0x00,0x00,0x00,0x05,
0xff,0xd0,0x00,0x00,0x00,0x00,0x00,0x0a,0xff,0x60,0x00,0x00,0x00,0x00,0x00,0x07,0x74,0x00,0x00,0x00,0x00,0x00,0x00,0x00,
0x00,0x01,0x7c,0xef,0xda,0x40,0x00,0x00,0x00,0x00,0x00,0x5e,0xff,0xff,0xff,0xfb,0x10,0x00,0x00,0x00,0x06,0xff,0xff,0xff,
0xff,0xff,0xc1,0x00,0x00,0x00,0x2f,0xff,0xf8,0x21,0x4c,0xff,0xfa,0x00,0x00,0x00,0xbf,0xff,0x70,0x00,0x01,0xdf,0xff,0x40,
0x00,0x02,0xff,0xfd,0x00,0x00,0x00,0x6f,0xff,0xa0,0x00,0x07,0xff,0xf8,0x00,0x00,0x00,0x0f,0xff,0xf1,0x00,0x0b,0xff,0xf4,
0x00,0x00,0x00,0x0b,0xff,0xf4,0x00,0x0e,0xff,0xf2,0x00,0x00,0x00,0x08,0xff,0xf7,0x00,0x1f,0xff,0xf0,0x00,0x00,0x00,0x06,
0xff,0xf9,0x00,0x2f,0xff,0xe0,0x00,0x00,0x00,0x06,0xff,0xfa,0x00,0x3f,0xff,0xd0,0x00,0x00,0x00,0x05,0xff,0xfb,0x00,0x3f,
0xff,0xd0,0x00,0x00,0x00,0x05,0xff,0xfb,0x00,0x2f,0xff,0xe0,0x00,0x00,0x00,0x06,0xff,0xfa,0x00,0x1f,0xff,0xf0,0x00,0x00,
0x00,0x06,0xff,0xf9,0x00,0x0e,0xff,0xf2,0x00,0x00,0x00,0x08,0xff,0xf7,0x00,0x0b,0xff,0xf4,0x00,0x00,0x00,0x0b,0xff,0xf4,
0x00,0x07,0xff,0xf8,0x00,0x00,0x00,0x0e,0xff,0xf1,0x00,0x02,0xff,0xfd,0x00,0x00,0x00,0x6f,0xff,0xa0,0x00,0x00,0xbf,0xff,
0x70,0x00,0x01,0xdf,0xff,0x40,0x00,0x00,0x2f,0xff,0xf8,0x21,0x4c,0xff,0xfa,0x00,0x00,0x00,0x06,0xff,0xff,0xff,0xff,0xff,
0xc1,0x00,0x00,0x00,0x00,0x5e,0xff,0xff,0xff,0xfb,0x10,0x00,0x00,0x00,0x00,0x01,0x7c,0xef,0xda,0x40,0x00,0x00,0x00,0x00,
0x00,0x00,0x00,0x6f,0xff,0x60,0x00,0x00,0x00,0x00,0x00,0x00,0x08,0xff,0xff,0x60,0x00,0x00,0x00,0x00,0x00,0x00,0xaf,0xff,
0xff,0x60,0x00,0x00,0x00,0x00,0x00,0x1b,0xff,0xff,0xff,0x60,0x00,0x00,0x00,0x00,0x01,0xcf,0xff,0xff,0xff,0x60,0x00,0x00,
0x00,0x00,0x2d,0xff,0xfe,0xcf,0xff,0x60,0x00,0x00,0x00,0x00,0xaf,0xff,0xe3,0x8f,0xff,0x60,0x00,0x00,0x00,0x00,0x1e,0xfc,
0x20,0x8f,0xff,0x60,0x00,0x00,0x00,0x00,0x02,0x61,0x00,0x8f,0xff,0x60,0x00,0x00,0x00,0x00,0x00,0x00,0x00,0x8f,0xff,0x60,
0x00,0x00,0x00,0x00,0x00,0x00,0x00,0x8f,0xff,0x60,0x00,0x00,0x00,0x00,0x00,0x00,0x00,0x8f,0xff,0x60,0x00,0x00,0x00,0x00,
0x00,0x00,0x00,0x8f,0xff,0x60,0x00,0x00,0x00,0x00,0x00,0x00,0x00,0x8f,0xff,0x60,0x00,0x00,0x00,0x00,0x00,0x00,0x00,0x8f,
0xff,0x60,0x00,0x00,0x00,0x00,0x00,0x00,0x00,0x8f,0xff,0x60,0x00,0x00,0x00,0x00,0x00,0x00,0x00,0x8f,0xff,0x60,0x00,0x00,
0x00,0x00,0x00,0x00,0x00,0x8f,0xff,0x60,0x00,0x00,0x00,0x00,0x00,0x00,0x00,0x8f,0xff,0x60,0x00,0x00,0x00,0x00,0x00,0x00,
0x00,0x8f,0xff,0x60,0x00,0x00,0x00,0x00,0x00,0x00,0x00,0x8f,0xff,0x60,0x00,0x00,0x00,0x00,0x04,0xff,0xff,0xff,0xff,0xff,
0xff,0x80,0x00,0x00,0x04,0xff,0xff,0xff,0xff,0xff,0xff,0x80,0x00,0x00,0x04,0xff,0xff,0xff,0xff,0xff,0xff,0x80,0x00,0x00,
0x00,0x02,0x8c,0xef,0xeb,0x71,0x00,0x00,0x00,0x00,0x00,0x7f,0xff,0xff,0xff,0xfe,0x50,0x00,0x00,0x00,0x09,0xff,0xff,0xff,
0xff,0xff,0xf4,0x00,0x00,0x00,0x5f,0xff,0xe7,0x21,0x4c,0xff,0xfd,0x00,0x00,0x00,0xcf,0xff,0x50,0x00,0x01,0xdf,0xff,0x50,
0x00,0x02,0xff,0xfb,0x00,0x00,0x00,0x8f,0xff,0x90,0x00,0x03,0xad,0xd3,0x00,0x00,0x00,0x6f,0xff,0xa0,0x00,0x00,0x00,0x00,
0x00,0x00,0x00,0x7f,0xff,0xa0,0x00,0x00,0x00,0x00,0x00,0x00,0x00,0xaf,0xff,0x70,0x00,0x00,0x00,0x00,0x00,0x00,0x02,0xff,
0xff,0x30,0x00,0x00,0x00,0x00,0x00,0x00,0x09,0xff,0xfb,0x00,0x00,0x00,0x00,0x00,0x00,0x00,0x5f,0xff,0xe2,0x00,0x00,0x00,
0x00,0x00,0x00,0x03,0xef,0xff,0x50,0x00,0x00,0x00,0x00,0x00,0x00,0x2e,0xff,0xf8,0x00,0x00,0x00,0x00,0x00,0x00,0x02,0xdf,
0xff,0x90,0x00,0x00,0x00,0x00,0x00,0x00,0x1d,0xff,0xfa,0x00,0x00,0x00,0x00,0x00,0x00,0x01,0xcf,0xff,0xa0,0x00,0x00,0x00,
0x00,0x00,0x00,0x1c,0xff,0xfb,0x00,0x00,0x00,0x00,0x00,0x00,0x00,0xbf,0xff,0xb1,0x00,0x00,0x00,0x00,0x00,0x00,0x0b,0xff,
0xfc,0x10,0x00,0x00,0x00,0x00,0x00,0x00,0xaf,0xff,0xfb,0xdf,0xff,0xff,0xff,0xa0,0x00,0x07,0xff,0xff,0xff,0xff,0xff,0xff,
0xff,0xf1,0x00,0x0b,0xff,0xff,0xff,0xff,0xff,0xff,0xff,0xf1,0x00,0x0c,0xff,0xff,0xff,0xff,0xff,0xff,0xff,0xf1,0x00,0x00,
0x00,0x02,0x8c,0xef,0xec,0x82,0x00,0x00,0x00,0x00,0x00,0x8f,0xff,0xff,0xff,0xff,0x60,0x00,0x00,0x00,0x09,0xff,0xff,0xff,
0xff,0xff,0xf6,0x00,0x00,0x00,0x5f,0xff,0xf8,0x21,0x3a,0xff,0xfe,0x10,0x00,0x00,0xcf,0xff,0x60,0x00,0x00,0xcf,0xff,0x60,
0x00,0x01,0xff,0xfc,0x00,0x00,0x00,0x6f,0xff,0x80,0x00,0x01,0x8a,0xb3,0x00,0x00,0x00,0x5f,0xff,0x80,0x00,0x00,0x00,0x00,
0x00,0x00,0x00,0x7f,0xff,0x60,0x00,0x00,0x00,0x00,0x00,0x00,0x01,0xcf,0xfe,0x10,0x00,0x00,0x00,0x00,0x00,0x02,0x6d,0xff,
0xf6,0x00,0x00,0x00,0x00,0x00,0x03,0xff,0xff,0xfc,0x50,0x00,0x00,0x00,0x00,0x00,0x03,0xff,0xff,0xfa,0x30,0x00,0x00,0x00,
0x00,0x00,0x03,0xff,0xff,0xff,0xf6,0x00,0x00,0x00,0x00,0x00,0x00,0x12,0x5a,0xff,0xff,0x40,0x00,0x00,0x00,0x00,0x00,0x00,
0x00,0x8f,0xff,0xb0,0x00,0x00,0x00,0x00,0x00,0x00,0x00,0x1f,0xff,0xe0,0x00,0x00,0x00,0x00,0x00,0x00,0x00,0x0e,0xff,0xf1,
0x00,0x03,0x9d,0xa0,0x00,0x00,0x00,0x0e,0xff,0xf0,0x00,0x0b,0xff,0xf5,0x00,0x00,0x00,0x3f,0xff,0xd0,0x00,0x05,0xff,0xfe,
0x20,0x00,0x00,0xbf,0xff,0x80,0x00,0x00,0xcf,0xff,0xe5,0x11,0x4c,0xff,0xfe,0x10,0x00,0x00,0x2e,0xff,0xff,0xff,0xff,0xff,
0xf4,0x00,0x00,0x00,0x03,0xdf,0xff,0xff,0xff,0xfd,0x40,0x00,0x00,0x00,0x00,0x06,0xad,0xef,0xda,0x60,0x00,0x00,0x00,0x00,
0x00,0x00,0x00,0x00,0x4f,0xff,0xc0,0x00,0x00,0x00,0x00,0x00,0x00,0x01,0xef,0xff,0xc0,0x00,0x00,0x00,0x00,0x00,0x00,0x0b,
0xff,0xff,0xc0,0x00,0x00,0x00,0x00,0x00,0x00,0x6f,0xff,0xff,0xc0,0x00,0x00,0x00,0x00,0x00,0x03,0xff,0xff,0xff,0xc0,0x00,
0x00,0x00,0x00,0x00,0x1d,0xff,0xe9,0xff,0xc0,0x00,0x00,0x00,0x00,0x00,0x9f,0xff,0x49,0xff,0xc0,0x00,0x00,0x00,0x00,0x05,
0xff,0xf9,0x09,0xff,0xc0,0x00,0x00,0x00,0x00,0x2e,0xff,0xd1,0x09,0xff,0xc0,0x00,0x00,0x00,0x00,0xbf,0xff,0x30,0x09,0xff,
0xc0,0x00,0x00,0x00,0x07,0xff,0xf7,0x00,0x09,0xff,0xc0,0x00,0x00,0x00,0x3f,0xff,0xc0,0x00,0x09,0xff,0xc0,0x00,0x00,0x01,
0xdf,0xfe,0x20,0x00,0x09,0xff,0xc0,0x00,0x00,0x0a,0xff,0xf6,0x00,0x00,0x09,0xff,0xc0,0x00,0x00,0x5f,0xff,0xb0,0x00,0x00,
0x09,0xff,0xc0,0x00,0x00,0xcf,0xff,0xff,0xff,0xff,0xff,0xff,0xff,0xfb,0x00,0x9f,0xff,0xff,0xff,0xff,0xff,0xff,0xff,0xfb,
0x00,0x4e,0xff,0xff,0xff,0xff,0xff,0xff,0xff,0xf9,0x00,0x00,0x00,0x00,0x00,0x00,0x09,0xff,0xc0,0x00,0x00,0x00,0x00,0x00,
0x00,0x00,0x09,0xff,0xc0,0x00,0x00,0x00,0x00,0x00,0x00,0x00,0x09,0xff,0xc0,0x00,0x00,0x00,0x00,0x00,0x00,0x00,0x09,0xff,
0xc0,0x00,0x00,0x00,0x00,0x00,0x00,0x00,0x09,0xff,0xc0,0x00,0x00,0x00,0x00,0x00,0x00,0x00,0x09,0xff,0xc0,0x00,0x00,0x00,
0x00,0x8f,0xff,0xff,0xff,0xff,0xff,0x00,0x00,0x00,0x00,0xaf,0xff,0xff,0xff,0xff,0xfe,0x00,0x00,0x00,0x00,0xdf,0xff,0xff,
0xff,0xff,0xe6,0x00,0x00,0x00,0x00,0xff,0xf4,0x00,0x00,0x00,0x00,0x00,0x00,0x00,0x02,0xff,0xf2,0x00,0x00,0x00,0x00,0x00,
0x00,0x00,0x05,0xff,0xf0,0x00,0x00,0x00,0x00,0x00,0x00,0x00,0x07,0xff,0xd0,0x00,0x00,0x00,0x00,0x00,0x00,0x00,0x0a,0xff,
0xb0,0x00,0x00,0x00,0x00,0x00,0x00,0x00,0x0c,0xff,0x90,0x00,0x00,0x00,0x00,0x00,0x00,0x00,0x0e,0xff,0xdd,0xef,0xeb,0x71,
0x00,0x00,0x00,0x00,0x2f,0xff,0xff,0xff,0xff,0xfe,0x40,0x00,0x00,0x00,0x4f,0xff,0xff,0xff,0xff,0xff,0xf4,0x00,0x00,0x00,
0x03,0x88,0x42,0x01,0x5d,0xff,0xfe,0x10,0x00,0x00,0x00,0x00,0x00,0x00,0x01,0xdf,0xff,0x60,0x00,0x00,0x00,0x00,0x00,0x00,
0x00,0x7f,0xff,0x90,0x00,0x00,0x00,0x00,0x00,0x00,0x00,0x4f,0xff,0xb0,0x00,0x00,0x00,0x00,0x00,0x00,0x00,0x3f,0xff,0xb0,
0x00,0x00,0x00,0x00,0x00,0x00,0x00,0x5f,0xff,0x90,0x00,0x00,0x00,0x00,0x00,0x00,0x00,0xaf,0xff,0x50,0x00,0x00,0x29,0x50,
0x00,0x00,0x04,0xff,0xfe,0x10,0x00,0x00,0xcf,0xfc,0x51,0x02,0x7e,0xff,0xf6,0x00,0x00,0x05,0xff,0xff,0xff,0xff,0xff,0xff,
0x80,0x00,0x00,0x00,0x5d,0xff,0xff,0xff,0xff,0xe6,0x00,0x00,0x00,0x00,0x00,0x59,0xde,0xfd,0xb7,0x10,0x00,0x00,0x00,0x00,
0x00,0x00,0x00,0x01,0xbf,0xff,0xc0,0x00,0x00,0x00,0x00,0x00,0x00,0x0c,0xff,0xfe,0x20,0x00,0x00,0x00,0x00,0x00,0x00,0x8f,
0xff,0xf4,0x00,0x00,0x00,0x00,0x00,0x00,0x04,0xff,0xff,0x70,0x00,0x00,0x00,0x00,0x00,0x00,0x1e,0xff,0xfa,0x00,0x00,0x00,
0x00,0x00,0x00,0x00,0xbf,0xff,0xc1,0x00,0x00,0x00,0x00,0x00,0x00,0x07,0xff,0xfe,0x20,0x00,0x00,0x00,0x00,0x00,0x00,0x3f,
0xff,0xf5,0x00,0x00,0x00,0x00,0x00,0x00,0x01,0xdf,0xff,0x80,0x00,0x00,0x00,0x00,0x00,0x00,0x08,0xff,0xfe,0xad,0xfe,0xb6,
0x10,0x00,0x00,0x00,0x3f,0xff,0xff,0xff,0xff,0xff,0xd3,0x00,0x00,0x00,0xaf,0xff,0xff,0xff,0xff,0xff,0xfe,0x20,0x00,0x01,
0xff,0xff,0xe6,0x10,0x28,0xff,0xff,0xa0,0x00,0x05,0xff,0xff,0x30,0x00,0x00,0x6f,0xff,0xf1,0x00,0x08,0xff,0xf9,0x00,0x00,
0x00,0x0d,0xff,0xf5,0x00,0x09,0xff,0xf4,0x00,0x00,0x00,0x08,0xff,0xf7,0x00,0x09,0xff,0xf2,0x00,0x00,0x00,0x07,0xff,0xf7,
0x00,0x07,0xff,0xf4,0x00,0x00,0x00,0x09,0xff,0xf5,0x00,0x04,0xff,0xf8,0x00,0x00,0x00,0x1d,0xff,0xf2,0x00,0x00,0xdf,0xfe,
0x20,0x00,0x00,0x8f,0xff,0xb0,0x00,0x00,0x6f,0xff,0xd5,0x10,0x39,0xff,0xff,0x30,0x00,0x00,0x0a,0xff,0xff,0xff,0xff,0xff,
0xf6,0x00,0x00,0x00,0x00,0x8f,0xff,0xff,0xff,0xfe,0x40,0x00,0x00,0x00,0x00,0x02,0x8c,0xef,0xeb,0x61,0x00,0x00,0x00,0x08,
0xff,0xff,0xff,0xff,0xff,0xff,0xff,0xf7,0x00,0x08,0xff,0xff,0xff,0xff,0xff,0xff,0xff,0xf7,0x00,0x05,0xff,0xff,0xff,0xff,
0xff,0xff,0xff,0xf6,0x00,0x00,0x00,0x00,0x00,0x00,0x00,0x1d,0xff,0xf2,0x00,0x00,0x00,0x00,0x00,0x00,0x00,0x8f,0xff,0xa0,
0x00,0x00,0x00,0x00,0x00,0x00,0x01,0xef,0xff,0x30,0x00,0x00,0x00,0x00,0x00,0x00,0x07,0xff,0xfb,0x00,0x00,0x00,0x00,0x00,
0x00,0x00,0x1e,0xff,0xf4,0x00,0x00,0x00,0x00,0x00,0x00,0x00,0x7f,0xff,0xc0,0x00,0x00,0x00,0x00,0x00,0x00,0x00,0xdf,0xff,
0x50,0x00,0x00,0x00,0x00,0x00,0x00,0x06,0xff,0xfd,0x00,0x00,0x00,0x00,0x00,0x00,0x00,0x0d,0xff,0xf6,0x00,0x00,0x00,0x00,
0x00,0x00,0x00,0x5f,0xff,0xe1,0x00,0x00,0x00,0x00,0x00,0x00,0x00,0xcf,0xff,0x70,0x00,0x00,0x00,0x00,0x00,0x00,0x04,0xff,
0xfe,0x10,0x00,0x00,0x00,0x00,0x00,0x00,0x0b,0xff,0xf8,0x00,0x00,0x00,0x00,0x00,0x00,0x00,0x3f,0xff,0xf2,0x00,0x00,0x00,
0x00,0x00,0x00,0x00,0xaf,0xff,0x90,0x00,0x00,0x00,0x00,0x00,0x00,0x02,0xff,0xff,0x20,0x00,0x00,0x00,0x00,0x00,0x00,0x09,
0xff,0xfa,0x00,0x00,0x00,0x00,0x00,0x00,0x00,0x2f,0xff,0xf3,0x00,0x00,0x00,0x00,0x00,0x00,0x00,0x8f,0xff,0xb0,0x00,0x00,
0x00,0x00,0x00,0x00,0x01,0xef,0xff,0x40,0x00,0x00,0x00,0x00,0x00,0x00,0x08,0xff,0xe7,0x00,0x00,0x00,0x00,0x00,0x00,0x00,
0x00,0x02,0x8c,0xef,0xea,0x60,0x00,0x00,0x00,0x00,0x00,0x8f,0xff,0xff,0xff,0xfd,0x30,0x00,0x00,0x00,0x09,0xff,0xff,0xff,
0xff,0xff,0xe3,0x00,0x00,0x00,0x4f,0xff,0xf7,0x10,0x3b,0xff,0xfc,0x00,0x00,0x00,0xaf,0xff,0x60,0x00,0x00,0xdf,0xff,0x30,
0x00,0x00,0xef,0xff,0x00,0x00,0x00,0x7f,0xff,0x70,0x00,0x00,0xef,0xfe,0x00,0x00,0x00,0x5f,0xff,0x80,0x00,0x00,0xdf,0xff,
0x00,0x00,0x00,0x7f,0xff,0x60,0x00,0x00,0x8f,0xff,0x60,0x00,0x00,0xdf,0xff,0x20,0x00,0x00,0x2e,0xff,0xf7,0x10,0x3b,0xff,
0xf9,0x00,0x00,0x00,0x03,0xdf,0xff,0xff,0xff,0xff,0xa0,0x00,0x00,0x00,0x00,0x4e,0xff,0xff,0xff,0xfa,0x00,0x00,0x00,0x00,
0x09,0xff,0xff,0xff,0xff,0xff,0xd4,0x00,0x00,0x00,0xaf,0xff,0xd5,0x10,0x28,0xff,0xff,0x30,0x00,0x03,0xff,0xfe,0x10,0x00,
0x00,0x7f,0xff,0xc0,0x00,0x08,0xff,0xf8,0x00,0x00,0x00,0x0e,0xff,0xf2,0x00,0x0a,0xff,0xf5,0x00,0x00,0x00,0x0c,0xff,0xf4,
0x00,0x0b,0xff,0xf6,0x00,0x00,0x00,0x0c,0xff,0xf4,0x00,0x09,0xff,0xf9,0x00,0x00,0x00,0x1e,0xff,0xf2,0x00,0x05,0xff,0xfe,
0x20,0x00,0x00,0x8f,0xff,0xd0,0x00,0x00,0xcf,0xff,0xe6,0x10,0x29,0xff,0xff,0x60,0x00,0x00,0x3e,0xff,0xff,0xff,0xff,0xff,
0xfa,0x00,0x00,0x00,0x03,0xcf,0xff,0xff,0xff,0xff,0x80,0x00,0x00,0x00,0x00,0x05,0xad,0xef,0xeb,0x82,0x00,0x00,0x00,0x00,
0x00,0x02,0x8c,0xef,0xda,0x50,0x00,0x00,0x00,0x00,0x00,0x7f,0xff,0xff,0xff,0xfc,0x20,0x00,0x00,0x00,0x09,0xff,0xff,0xff,
0xff,0xff,0xe2,0x00,0x00,0x00,0x5f,0xff,0xe6,0x10,0x4b,0xff,0xfc,0x00,0x00,0x00,0xdf,0xff,0x30,0x00,0x00,0xbf,0xff,0x40,
0x00,0x04,0xff,0xfa,0x00,0x00,0x00,0x3f,0xff,0x90,0x00,0x08,0xff,0xf6,0x00,0x00,0x00,0x0e,0xff,0xc0,0x00,0x09,0xff,0xf4,
0x00,0x00,0x00,0x0d,0xff,0xd0,0x00,0x09,0xff,0xf5,0x00,0x00,0x00,0x0e,0xff,0xd0,0x00,0x08,0xff,0xf9,0x00,0x00,0x00,0x4f,
0xff,0xb0,0x00,0x04,0xff,0xfe,0x20,0x00,0x00,0xcf,0xff,0x80,0x00,0x00,0xdf,0xff,0xd5,0x11,0x4c,0xff,0xff,0x40,0x00,0x00,
0x4f,0xff,0xff,0xff,0xff,0xff,0xfd,0x00,0x00,0x00,0x05,0xff,0xff,0xff,0xff,0xff,0xf6,0x00,0x00,0x00,0x00,0x29,0xdf,0xec,
0x7d,0xff,0xc0,0x00,0x00,0x00,0x00,0x00,0x00,0x00,0xaf,0xff,0x30,0x00,0x00,0x00,0x00,0x00,0x00,0x08,0xff,0xf8,0x00,0x00,
0x00,0x00,0x00,0x00,0x00,0x5f,0xff,0xc0,0x00,0x00,0x00,0x00,0x00,0x00,0x03,0xef,0xff,0x30,0x00,0x00,0x00,0x00,0x00,0x00,
0x1d,0xff,0xf7,0x00,0x00,0x00,0x00,0x00,0x00,0x00,0xbf,0xff,0xc0,0x00,0x00,0x00,0x00,0x00,0x00,0x09,0xff,0xfe,0x20,0x00,
0x00,0x00,0x00,0x00,0x00,0x6f,0xff,0xf6,0x00,0x00,0x00,0x00,0x00,0x00,0x04,0xff,0xfe,0x80,0x00,0x00,0x00,0x00,0x00,0x00,
0x5d,0xe7,0x00,0x01,0xff,0xff,0x40,0x04,0xff,0xff,0x70,0x01,0xff,0xff,0x40,0x00,0x5d,0xe8,0x00,0x00,0x00,0x00,0x00,0x00,
0x00,0x00,0x00,0x00,0x00,0x00,0x00,0x00,0x00,0x00,0x00,0x00,0x00,0x00,0x00,0x00,0x00,0x00,0x00,0x00,0x5d,0xe7,0x00,0x01,
0xff,0xff,0x40,0x04,0xff,0xff,0x70,0x01,0xff,0xff,0x40,0x00,0x5d,0xe8,0x00,0x00,0x3c,0xe9,0x00,0x00,0x00,0xdf,0xff,0x70,
0x00,0x01,0xff,0xff,0xa0,0x00,0x00,0xdf,0xff,0x70,0x00,0x00,0x3c,0xe9,0x00,0x00,0x00,0x00,0x00,0x00,0x00,0x00,0x00,0x00,
0x00,0x00,0x00,0x00,0x00,0x00,0x00,0x00,0x00,0x00,0x00,0x00,0x00,0x00,0x00,0x00,0x00,0x00,0x00,0x00,0x00,0x00,0x00,0x3c,
0xe9,0x00,0x00,0x00,0xcf,0xff,0x60,0x00,0x00,0xff,0xff,0xa0,0x00,0x00,0xcf,0xff,0x90,0x00,0x00,0x3c,0xff,0x70,0x00,0x00,
0x00,0xef,0x20,0x00,0x00,0x06,0xfa,0x00,0x00,0x00,0x3f,0xe2,0x00,0x00,0x00,0xbf,0x50,0x00,0x00,0x00,0x25,0x00,0x00,0x00,
0x00,0x00,0x00,0x00,0x00,0x00,0x00,0x00,0x00,0x00,0x00,0x00,0x00,0x00,0x00,0x00,0x05,0xd2,0x00,0x00,0x00,0x00,0x00,0x00,
0x00,0x05,0xcf,0xf2,0x00,0x00,0x00,0x00,0x00,0x00,0x04,0xcf,0xff,0xf1,0x00,0x00,0x00,0x00,0x00,0x03,0xbf,0xff,0xff,0x80,
0x00,0x00,0x00,0x00,0x03,0xbf,0xff,0xff,0xa2,0x00,0x00,0x00,0x00,0x02,0xaf,0xff,0xff,0xa2,0x00,0x00,0x00,0x00,0x00,0x6f,
0xff,0xff,0xa3,0x00,0x00,0x00,0x00,0x00,0x00,0x9f,0xff,0xfa,0x30,0x00,0x00,0x00,0x00,0x00,0x00,0x19,0xff,0xff,0xfb,0x30,
0x00,0x00,0x00,0x00,0x00,0x00,0x29,0xff,0xff,0xfb,0x30,0x00,0x00,0x00,0x00,0x00,0x00,0x2a,0xff,0xff,0xfa,0x20,0x00,0x00,
0x00,0x00,0x00,0x00,0x3b,0xff,0xff,0xe1,0x00,0x00,0x00,0x00,0x00,0x00,0x00,0x4b,0xff,0xf2,0x00,0x00,0x00,0x00,0x00,0x00,
0x00,0x00,0x4c,0xf2,0x00,0x00,0x00,0x00,0x00,0x00,0x00,0x00,0x00,0x51,0x00,0x00,0x00,0x00,0x00,0x00,0x00,0x00,0x00,0x00,
0x00,0x00,0x00,0x00,0x00,0x00,0x00,0x00,0x00,0x00,0x00,0x00,0x00,0x00,0x00,0x00,0x00,0x00,0x00,0x00,0x00,0x00,0x00,0xcf,
0xff,0xff,0xff,0xff,0xff,0xff,0x60,0x00,0x00,0xcf,0xff,0xff,0xff,0xff,0xff,0xff,0x60,0x00,0x00,0xcf,0xff,0xff,0xff,0xff,
0xff,0xff,0x60,0x00,0x00,0x00,0x00,0x00,0x00,0x00,0x00,0x00,0x00,0x00,0x00,0x00,0x00,0x00,0x00,0x00,0x00,0x00,0x00,0x00,
0x00,0x00,0x00,0x00,0x00,0x00,0x00,0x00,0x00,0x00,0x00,0xcf,0xff,0xff,0xff,0xff,0xff,0xff,0x60,0x00,0x00,0xcf,0xff,0xff,
0xff,0xff,0xff,0xff,0x60,0x00,0x00,0xcf,0xff,0xff,0xff,0xff,0xff,0xff,0x60,0x00,0x00,0x00,0x00,0x00,0x00,0x00,0x00,0x00,
0x00,0x00,0x00,0x00,0x00,0x00,0x00,0x00,0x00,0x00,0x00,0x00,0x00,0x00,0x00,0x00,0x00,0x00,0x00,0x00,0x00,0x00,0x00,0x00,
0x00,0x00,0x00,0x00,0x00,0x00,0x00,0x00,0x00,0x00,0x00,0x00,0x00,0x00,0x00,0x00,0x00,0x00,0x00,0x00,0x00,0x00,0x00,0x00,
0x00,0x00,0x00,0x00,0x00,0x00,0x00,0x00,0x00,0x00,0x00,0x00,0x00,0x00,0x00,0x00,0x00,0x00,0x00,0x00,0x00,0x00,0x00,0x00,
0x00,0x08,0xa2,0x00,0x00,0x00,0x00,0x00,0x00,0x00,0x00,0x08,0xff,0x92,0x00,0x00,0x00,0x00,0x00,0x00,0x00,0x08,0xff,0xff,
0x81,0x00,0x00,0x00,0x00,0x00,0x00,0x02,0xcf,0xff,0xfe,0x81,0x00,0x00,0x00,0x00,0x00,0x00,0x05,0xdf,0xff,0xfe,0x71,0x00,
0x00,0x00,0x00,0x00,0x00,0x06,0xdf,0xff,0xfe,0x60,0x00,0x00,0x00,0x00,0x00,0x00,0x06,0xdf,0xff,0xfd,0x10,0x00,0x00,0x00,
0x00,0x00,0x01,0x6d,0xff,0xff,0x20,0x00,0x00,0x00,0x00,0x01,0x7e,0xff,0xff,0xd5,0x00,0x00,0x00,0x00,0x00,0x6e,0xff,0xff,
0xd6,0x00,0x00,0x00,0x00,0x00,0x6d,0xff,0xff,0xe7,0x00,0x00,0x00,0x00,0x00,0x06,0xff,0xff,0xe7,0x10,0x00,0x00,0x00,0x00,
0x00,0x08,0xff,0xe8,0x10,0x00,0x00,0x00,0x00,0x00,0x00,0x08,0xf9,0x10,0x00,0x00,0x00,0x00,0x00,0x00,0x00,0x04,0x20,0x00,
0x00,0x00,0x00,0x00,0x00,0x00,0x00,0x00,0x00,0x00,0x00,0x00,0x00,0x00,0x00,0x00,0x00,0x00,0x00,0x00,0x00,0x00,0x00,0x00,
0x00,0x00,0x00,0x00,0x00,0x00,0x00,0x00,0x00,0x00,0x00,0x00,0x00,0x03,0x8c,0xef,0xda,0x40,0x00,0x00,0x01,0xaf,0xff,0xff,
0xff,0xfa,0x00,0x00,0x0a,0xff,0xff,0xff,0xff,0xff,0x90,0x00,0x02,0xef,0x93,0x01,0x6f,0xff,0xf2,0x00,0x00,0x22,0x00,0x00,
0x07,0xff,0xf5,0x00,0x00,0x00,0x00,0x00,0x03,0xff,0xf7,0x00,0x00,0x00,0x00,0x00,0x05,0xff,0xf6,0x00,0x00,0x00,0x00,0x00,
0x0c,0xff,0xf2,0x00,0x00,0x00,0x00,0x01,0xaf,0xff,0x90,0x00,0x00,0x00,0x00,0x2c,0xff,0xfc,0x10,0x00,0x00,0x00,0x02,0xef,
0xff,0xb1,0x00,0x00,0x00,0x00,0x0b,0xff,0xf9,0x00,0x00,0x00,0x00,0x00,0x0e,0xff,0xa0,0x00,0x00,0x00,0x00,0x00,0x0c,0xff,
0x50,0x00,0x00,0x00,0x00,0x00,0x0b,0xff,0x30,0x00,0x00,0x00,0x00,0x00,0x03,0x55,0x00,0x00,0x00,0x00,0x00,0x00,0x00,0x00,
0x00,0x00,0x00,0x00,0x00,0x00,0x00,0x00,0x00,0x00,0x00,0x00,0x00,0x00,0x00,0x00,0x00,0x00,0x00,0x00,0x00,0x00,0x1a,0xeb,
0x20,0x00,0x00,0x00,0x00,0x00,0x9f,0xff,0xb0,0x00,0x00,0x00,0x00,0x00,0xcf,0xff,0xe0,0x00,0x00,0x00,0x00,0x00,0x9f,0xff,
0xb0,0x00,0x00,0x00,0x00,0x00,0x1b,0xec,0x20,0x00,0x00,0x00,0x00,0x00,0x00,0x00,0x01,0x6a,0xde,0xfd,0xb7,0x30,0x00,0x00,
0x00,0x00,0x00,0x00,0x00,0x01,0x8f,0xff,0xff,0xff,0xff,0xfb,0x30,0x00,0x00,0x00,0x00,0x00,0x00,0x4e,0xff,0xff,0xff,0xff,
0xff,0xff,0xf7,0x00,0x00,0x00,0x00,0x00,0x06,0xff,0xff,0xb6,0x21,0x01,0x47,0xdf,0xff,0x90,0x00,0x00,0x00,0x00,0x5f,0xff,
0xc3,0x00,0x00,0x00,0x00,0x06,0xff,0xf7,0x00,0x00,0x00,0x02,0xef,0xfa,0x00,0x00,0x00,0x00,0x00,0x00,0x4f,0xff,0x20,0x00,
0x00,0x0b,0xff,0xb0,0x00,0x00,0x00,0x00,0x00,0x00,0x06,0xff,0xa0,0x00,0x00,0x3f,0xfe,0x10,0x00,0x00,0x3a,0xde,0xfd,0x93,
0x00,0xdf,0xf1,0x00,0x00,0xaf,0xf7,0x00,0x00,0x2b,0xff,0xff,0xff,0xfb,0x00,0x8f,0xf6,0x00,0x01,0xef,0xf1,0x00,0x02,0xdf,
0xff,0xff,0xff,0xf7,0x00,0x4f,0xf8,0x00,0x04,0xff,0xb0,0x00,0x0c,0xff,0xe7,0x20,0xaf,0xf3,0x00,0x2f,0xfa,0x00,0x06,0xff,
0x80,0x00,0x7f,0xfe,0x30,0x00,0xef,0xe0,0x00,0x1f,0xfb,0x00,0x08,0xff,0x60,0x00,0xdf,0xf6,0x00,0x03,0xff,0xa0,0x00,0x2f,
0xfa,0x00,0x08,0xff,0x50,0x02,0xff,0xe0,0x00,0x07,0xff,0x60,0x00,0x5f,0xf8,0x00,0x07,0xff,0x70,0x04,0xff,0xb0,0x00,0x0c,
0xff,0x30,0x00,0xaf,0xf5,0x00,0x06,0xff,0x80,0x05,0xff,0xb0,0x00,0x3f,0xff,0x20,0x02,0xff,0xe0,0x00,0x04,0xff,0xb0,0x03,
0xff,0xf4,0x14,0xdf,0xff,0x81,0x4d,0xff,0x70,0x00,0x01,0xff,0xf1,0x00,0xef,0xff,0xff,0xfd,0xff,0xff,0xff,0xfc,0x00,0x00,
0x00,0xbf,0xf7,0x00,0x6f,0xff,0xff,0xd2,0xaf,0xff,0xff,0xc1,0x00,0x00,0x00,0x4f,0xfe,0x10,0x06,0xdf,0xd9,0x10,0x19,0xee,
0xc6,0x00,0x00,0x00,0x00,0x0c,0xff,0xb0,0x00,0x00,0x00,0x00,0x00,0x00,0x00,0x00,0x00,0x00,0x00,0x03,0xff,0xfa,0x10,0x00,
0x00,0x00,0x00,0x00,0x00,0x00,0x00,0x00,0x00,0x00,0x6f,0xff,0xc4,0x00,0x00,0x00,0x00,0x00,0x05,0xb3,0x00,0x00,0x00,0x00,
0x08,0xff,0xff,0xc7,0x32,0x00,0x13,0x69,0xef,0xfa,0x00,0x00,0x00,0x00,0x00,0x5e,0xff,0xff,0xff,0xff,0xff,0xff,0xff,0xe5,
0x00,0x00,0x00,0x00,0x00,0x01,0x8e,0xff,0xff,0xff,0xff,0xff,0xe8,0x10,0x00,0x00,0x00,0x00,0x00,0x00,0x01,0x59,0xcd,0xfe,
0xdc,0x95,0x10,0x00,0x00,0x00,0x00,0x00,0x00,0x00,0x04,0xff,0xff,0x70,0x00,0x00,0x00,0x00,0x00,0x00,0x00,0x00,0x0a,0xff,
0xff,0xd0,0x00,0x00,0x00,0x00,0x00,0x00,0x00,0x00,0x1f,0xff,0xff,0xf4,0x00,0x00,0x00,0x00,0x00,0x00,0x00,0x00,0x6f,0xff,
0xff,0xfa,0x00,0x00,0x00,0x00,0x00,0x00,0x00,0x00,0xcf,0xff,0xdf,0xfe,0x10,0x00,0x00,0x00,0x00,0x00,0x00,0x02,0xff,0xfb,
0x8f,0xff,0x60,0x00,0x00,0x00,0x00,0x00,0x00,0x08,0xff,0xf6,0x3f,0xff,0xc0,0x00,0x00,0x00,0x00,0x00,0x00,0x0e,0xff,0xf1,
0x0d,0xff,0xf2,0x00,0x00,0x00,0x00,0x00,0x00,0x5f,0xff,0xb0,0x07,0xff,0xf8,0x00,0x00,0x00,0x00,0x00,0x00,0xaf,0xff,0x60,
0x02,0xff,0xfd,0x00,0x00,0x00,0x00,0x00,0x01,0xff,0xff,0x10,0x00,0xcf,0xff,0x40,0x00,0x00,0x00,0x00,0x07,0xff,0xfa,0x00,
0x00,0x7f,0xff,0xa0,0x00,0x00,0x00,0x00,0x0c,0xff,0xf5,0x00,0x00,0x1f,0xff,0xf1,0x00,0x00,0x00,0x00,0x3f,0xff,0xe0,0x00,
0x00,0x0b,0xff,0xf6,0x00,0x00,0x00,0x00,0x9f,0xff,0x90,0x00,0x00,0x06,0xff,0xfc,0x00,0x00,0x00,0x00,0xef,0xff,0xff,0xff,
0xff,0xff,0xff,0xff,0x30,0x00,0x00,0x05,0xff,0xff,0xff,0xff,0xff,0xff,0xff,0xff,0x80,0x00,0x00,0x0b,0xff,0xff,0xff,0xff,
0xff,0xff,0xff,0xff,0xe0,0x00,0x00,0x2f,0xff,0xf2,0x00,0x00,0x00,0x00,0x0e,0xff,0xf5,0x00,0x00,0x7f,0xff,0xc0,0x00,0x00,
0x00,0x00,0x09,0xff,0xfa,0x00,0x00,0xdf,0xff,0x70,0x00,0x00,0x00,0x00,0x03,0xff,0xff,0x10,0x03,0xff,0xff,0x20,0x00,0x00,
0x00,0x00,0x00,0xdf,0xff,0x70,0x09,0xff,0xfb,0x00,0x00,0x00,0x00,0x00,0x00,0x8f,0xff,0xd0,0x1e,0xff,0xe3,0x00,0x00,0x00,
0x00,0x00,0x00,0x1d,0xff,0xf3,0x00,0x6f,0xff,0xff,0xff,0xfe,0xdb,0x72,0x00,0x00,0x00,0x00,0x6f,0xff,0xff,0xff,0xff,0xff,
0xff,0x80,0x00,0x00,0x00,0x6f,0xff,0xff,0xff,0xff,0xff,0xff,0xfa,0x00,0x00,0x00,0x6f,0xff,0xd0,0x00,0x01,0x4b,0xff,0xff,
0x50,0x00,0x00,0x6f,0xff,0xd0,0x00,0x00,0x00,0xcf,0xff,0xb0,0x00,0x00,0x6f,0xff,0xd0,0x00,0x00,0x00,0x6f,0xff,0xf0,0x00,
0x00,0x6f,0xff,0xd0,0x00,0x00,0x00,0x4f,0xff,0xf1,0x00,0x00,0x6f,0xff,0xd0,0x00,0x00,0x00,0x4f,0xff,0xe0,0x00,0x00,0x6f,
0xff,0xd0,0x00,0x00,0x00,0x7f,0xff,0xc0,0x00,0x00,0x6f,0xff,0xd0,0x00,0x00,0x01,0xdf,0xff,0x50,0x00,0x00,0x6f,0xff,0xd0,
0x00,0x01,0x5d,0xff,0xf8,0x00,0x00,0x00,0x6f,0xff,0xff,0xff,0xff,0xff,0xfe,0x60,0x00,0x00,0x00,0x6f,0xff,0xff,0xff,0xff,
0xff,0xfb,0x50,0x00,0x00,0x00,0x6f,0xff,0xff,0xff,0xff,0xff,0xff,0xfc,0x20,0x00,0x00,0x6f,0xff,0xd0,0x00,0x00,0x26,0xdf,
0xff,0xd1,0x00,0x00,0x6f,0xff,0xd0,0x00,0x00,0x00,0x2e,0xff,0xf6,0x00,0x00,0x6f,0xff,0xd0,0x00,0x00,0x00,0x0a,0xff,0xfa,
0x00,0x00,0x6f,0xff,0xd0,0x00,0x00,0x00,0x09,0xff,0xfb,0x00,0x00,0x6f,0xff,0xd0,0x00,0x00,0x00,0x0b,0xff,0xf9,0x00,0x00,
0x6f,0xff,0xd0,0x00,0x00,0x00,0x3f,0xff,0xf5,0x00,0x00,0x6f,0xff,0xd0,0x00,0x00,0x26,0xef,0xff,0xd0,0x00,0x00,0x6f,0xff,
0xff,0xff,0xff,0xff,0xff,0xfe,0x30,0x00,0x00,0x6f,0xff,0xff,0xff,0xff,0xff,0xff,0xc2,0x00,0x00,0x00,0x6f,0xff,0xff,0xff,
0xff,0xec,0x94,0x00,0x00,0x00,0x00,0x00,0x00,0x00,0x48,0xcd,0xfe,0xdb,0x72,0x00,0x00,0x00,0x00,0x00,0x4c,0xff,0xff,0xff,
0xff,0xff,0xb3,0x00,0x00,0x00,0x09,0xff,0xff,0xff,0xff,0xff,0xff,0xff,0x30,0x00,0x00,0xaf,0xff,0xfc,0x62,0x01,0x49,0xff,
0xfb,0x00,0x00,0x07,0xff,0xff,0x70,0x00,0x00,0x00,0x2b,0xd2,0x00,0x00,0x2f,0xff,0xf8,0x00,0x00,0x00,0x00,0x00,0x00,0x00,
0x00,0x9f,0xff,0xd0,0x00,0x00,0x00,0x00,0x00,0x00,0x00,0x01,0xff,0xff,0x60,0x00,0x00,0x00,0x00,0x00,0x00,0x00,0x05,0xff,
0xff,0x10,0x00,0x00,0x00,0x00,0x00,0x00,0x00,0x08,0xff,0xfd,0x00,0x00,0x00,0x00,0x00,0x00,0x00,0x00,0x0a,0xff,0xfb,0x00,
0x00,0x00,0x00,0x00,0x00,0x00,0x00,0x0b,0xff,0xfa,0x00,0x00,0x00,0x00,0x00,0x00,0x00,0x00,0x0b,0xff,0xfa,0x00,0x00,0x00,
0x00,0x00,0x00,0x00,0x00,0x0a,0xff,0xfb,0x00,0x00,0x00,0x00,0x00,0x00,0x00,0x00,0x08,0xff,0xfd,0x00,0x00,0x00,0x00,0x00,
0x00,0x00,0x00,0x05,0xff,0xff,0x20,0x00,0x00,0x00,0x00,0x00,0x00,0x00,0x01,0xff,0xff,0x70,0x00,0x00,0x00,0x00,0x00,0x00,
0x00,0x00,0xaf,0xff,0xd1,0x00,0x00,0x00,0x00,0x00,0x00,0x00,0x00,0x3f,0xff,0xf9,0x00,0x00,0x00,0x00,0x00,0x30,0x00,0x00,
0x09,0xff,0xff,0x90,0x00,0x00,0x00,0x1a,0xf7,0x00,0x00,0x00,0xcf,0xff,0xfd,0x62,0x01,0x27,0xdf,0xff,0x50,0x00,0x00,0x1b,
0xff,0xff,0xff,0xff,0xff,0xff,0xfe,0x40,0x00,0x00,0x00,0x6e,0xff,0xff,0xff,0xff,0xff,0xa2,0x00,0x00,0x00,0x00,0x01,0x5a,
0xce,0xfe,0xdb,0x72,0x00,0x00,0x00,0x6f,0xff,0xff,0xff,0xff,0xec,0x95,0x10,0x00,0x00,0x00,0x00,0x6f,0xff,0xff,0xff,0xff,
0xff,0xff,0xe6,0x00,0x00,0x00,0x00,0x6f,0xff,0xff,0xff,0xff,0xff,0xff,0xff,0xb1,0x00,0x00,0x00,0x6f,0xff,0xd0,0x00,0x00,
0x25,0xaf,0xff,0xfd,0x10,0x00,0x00,0x6f,0xff,0xd0,0x00,0x00,0x00,0x04,0xef,0xff,0xb0,0x00,0x00,0x6f,0xff,0xd0,0x00,0x00,
0x00,0x00,0x3f,0xff,0xf7,0x00,0x00,0x6f,0xff,0xd0,0x00,0x00,0x00,0x00,0x08,0xff,0xfe,0x10,0x00,0x6f,0xff,0xd0,0x00,0x00,
0x00,0x00,0x01,0xff,0xff,0x50,0x00,0x6f,0xff,0xd0,0x00,0x00,0x00,0x00,0x00,0xbf,0xff,0xa0,0x00,0x6f,0xff,0xd0,0x00,0x00,
0x00,0x00,0x00,0x8f,0xff,0xd0,0x00,0x6f,0xff,0xd0,0x00,0x00,0x00,0x00,0x00,0x6f,0xff,0xf0,0x00,0x6f,0xff,0xd0,0x00,0x00,
0x00,0x00,0x00,0x5f,0xff,0xf1,0x00,0x6f,0xff,0xd0,0x00,0x00,0x00,0x00,0x00,0x5f,0xff,0xf1,0x00,0x6f,0xff,0xd0,0x00,0x00,
0x00,0x00,0x00,0x6f,0xff,0xf0,0x00,0x6f,0xff,0xd0,0x00,0x00,0x00,0x00,0x00,0x8f,0xff,0xd0,0x00,0x6f,0xff,0xd0,0x00,0x00,
0x00,0x00,0x00,0xbf,0xff,0xa0,0x00,0x6f,0xff,0xd0,0x00,0x00,0x00,0x00,0x01,0xff,0xff,0x50,0x00,0x6f,0xff,0xd0,0x00,0x00,
0x00,0x00,0x08,0xff,0xfe,0x10,0x00,0x6f,0xff,0xd0,0x00,0x00,0x00,0x00,0x3f,0xff,0xf7,0x00,0x00,0x6f,0xff,0xd0,0x00,0x00,
0x00,0x04,0xef,0xff,0xb0,0x00,0x00,0x6f,0xff,0xd0,0x00,0x00,0x25,0xaf,0xff,0xfd,0x10,0x00,0x00,0x6f,0xff,0xff,0xff,0xff,
0xff,0xff,0xff,0xc1,0x00,0x00,0x00,0x6f,0xff,0xff,0xff,0xff,0xff,0xff,0xe6,0x00,0x00,0x00,0x00,0x6f,0xff,0xff,0xff,0xff,
0xec,0x95,0x10,0x00,0x00,0x00,0x00,0x6f,0xff,0xff,0xff,0xff,0xff,0xff,0xf3,0x00,0x6f,0xff,0xff,0xff,0xff,0xff,0xff,0xf3,
0x00,0x6f,0xff,0xff,0xff,0xff,0xff,0xff,0xf3,0x00,0x6f,0xff,0xd0,0x00,0x00,0x00,0x00,0x00,0x00,0x6f,0xff,0xd0,0x00,0x00,
0x00,0x00,0x00,0x00,0x6f,0xff,0xd0,0x00,0x00,0x00,0x00,0x00,0x00,0x6f,0xff,0xd0,0x00,0x00,0x00,0x00,0x00,0x00,0x6f,0xff,
0xd0,0x00,0x00,0x00,0x00,0x00,0x00,0x6f,0xff,0xd0,0x00,0x00,0x00,0x00,0x00,0x00,0x6f,0xff,0xd0,0x00,0x00,0x00,0x00,0x00,
0x00,0x6f,0xff,0xd0,0x00,0x00,0x00,0x00,0x00,0x00,0x6f,0xff,0xff,0xff,0xff,0xff,0xf0,0x00,0x00,0x6f,0xff,0xff,0xff,0xff,
0xff,0xf0,0x00,0x00,0x6f,0xff,0xff,0xff,0xff,0xff,0xf0,0x00,0x00,0x6f,0xff,0xd0,0x00,0x00,0x00,0x00,0x00,0x00,0x6f,0xff,
0xd0,0x00,0x00,0x00,0x00,0x00,0x00,0x6f,0xff,0xd0,0x00,0x00,0x00,0x00,0x00,0x00,0x6f,0xff,0xd0,0x00,0x00,0x00,0x00,0x00,
0x00,0x6f,0xff,0xd0,0x00,0x00,0x00,0x00,0x00,0x00,0x6f,0xff,0xd0,0x00,0x00,0x00,0x00,0x00,0x00,0x6f,0xff,0xd0,0x00,0x00,
0x00,0x00,0x00,0x00,0x6f,0xff,0xff,0xff,0xff,0xff,0xff,0xf3,0x00,0x6f,0xff,0xff,0xff,0xff,0xff,0xff,0xf3,0x00,0x6f,0xff,
0xff,0xff,0xff,0xff,0xff,0xf3,0x00,0x6f,0xff,0xff,0xff,0xff,0xff,0xff,0xf3,0x00,0x6f,0xff,0xff,0xff,0xff,0xff,0xff,0xf3,
0x00,0x6f,0xff,0xff,0xff,0xff,0xff,0xff,0xf3,0x00,0x6f,0xff,0xd0,0x00,0x00,0x00,0x00,0x00,0x00,0x6f,0xff,0xd0,0x00,0x00,
0x00,0x00,0x00,0x00,0x6f,0xff,0xd0,0x00,0x00,0x00,0x00,0x00,0x00,0x6f,0xff,0xd0,0x00,0x00,0x00,0x00,0x00,0x00,0x6f,0xff,
0xd0,0x00,0x00,0x00,0x00,0x00,0x00,0x6f,0xff,0xd0,0x00,0x00,0x00,0x00,0x00,0x00,0x6f,0xff,0xd0,0x00,0x00,0x00,0x00,0x00,
0x00,0x6f,0xff,0xd0,0x00,0x00,0x00,0x00,0x00,0x00,0x6f,0xff,0xff,0xff,0xff,0xff,0xf8,0x00,0x00,0x6f,0xff,0xff,0xff,0xff,
0xff,0xf8,0x00,0x00,0x6f,0xff,0xff,0xff,0xff,0xff,0xf8,0x00,0x00,0x6f,0xff,0xd0,0x00,0x00,0x00,0x00,0x00,0x00,0x6f,0xff,
0xd0,0x00,0x00,0x00,0x00,0x00,0x00,0x6f,0xff,0xd0,0x00,0x00,0x00,0x00,0x00,0x00,0x6f,0xff,0xd0,0x00,0x00,0x00,0x00,0x00,
0x00,0x6f,0xff,0xd0,0x00,0x00,0x00,0x00,0x00,0x00,0x6f,0xff,0xd0,0x00,0x00,0x00,0x00,0x00,0x00,0x6f,0xff,0xd0,0x00,0x00,
0x00,0x00,0x00,0x00,0x6f,0xff,0xd0,0x00,0x00,0x00,0x00,0x00,0x00,0x6f,0xff,0xd0,0x00,0x00,0x00,0x00,0x00,0x00,0x6f,0xff,
0xd0,0x00,0x00,0x00,0x00,0x00,0x00,0x00,0x00,0x00,0x37,0xbd,0xef,0xed,0xa7,0x20,0x00,0x00,0x00,0x00,0x00,0x3b,0xff,0xff,
0xff,0xff,0xff,0xfb,0x30,0x00,0x00,0x00,0x08,0xff,0xff,0xff,0xff,0xff,0xff,0xff,0xf5,0x00,0x00,0x00,0xaf,0xff,0xfd,0x73,
0x11,0x25,0x9e,0xff,0xd1,0x00,0x00,0x07,0xff,0xff,0x91,0x00,0x00,0x00,0x01,0x9d,0x40,0x00,0x00,0x2f,0xff,0xf9,0x00,0x00,
0x00,0x00,0x00,0x00,0x00,0x00,0x00,0x9f,0xff,0xd1,0x00,0x00,0x00,0x00,0x00,0x00,0x00,0x00,0x01,0xff,0xff,0x60,0x00,0x00,
0x00,0x00,0x00,0x00,0x00,0x00,0x05,0xff,0xff,0x10,0x00,0x00,0x00,0x00,0x00,0x00,0x00,0x00,0x09,0xff,0xfc,0x00,0x00,0x00,
0x00,0x00,0x00,0x00,0x00,0x00,0x0a,0xff,0xfa,0x00,0x00,0x00,0x00,0x00,0x00,0x00,0x00,0x00,0x0b,0xff,0xf9,0x00,0x00,0x00,
0x00,0x00,0x00,0x00,0x00,0x00,0x0b,0xff,0xfa,0x00,0x00,0x00,0x00,0xff,0xff,0xff,0xfa,0x00,0x0a,0xff,0xfb,0x00,0x00,0x00,
0x00,0xff,0xff,0xff,0xfa,0x00,0x08,0xff,0xfd,0x00,0x00,0x00,0x00,0xdf,0xff,0xff,0xfa,0x00,0x05,0xff,0xff,0x20,0x00,0x00,
0x00,0x00,0x04,0xff,0xfa,0x00,0x01,0xff,0xff,0x70,0x00,0x00,0x00,0x00,0x04,0xff,0xfa,0x00,0x00,0x9f,0xff,0xe1,0x00,0x00,
0x00,0x00,0x04,0xff,0xfa,0x00,0x00,0x1e,0xff,0xfb,0x00,0x00,0x00,0x00,0x04,0xff,0xfa,0x00,0x00,0x05,0xff,0xff,0xb1,0x00,
0x00,0x00,0x04,0xff,0xfa,0x00,0x00,0x00,0x7f,0xff,0xfe,0x84,0x10,0x14,0x9f,0xff,0xfa,0x00,0x00,0x00,0x05,0xef,0xff,0xff,
0xff,0xff,0xff,0xff,0xf9,0x00,0x00,0x00,0x00,0x29,0xff,0xff,0xff,0xff,0xff,0xfe,0x70,0x00,0x00,0x00,0x00,0x00,0x26,0xac,
0xef,0xed,0xb8,0x40,0x00,0x00,0x00,0x6f,0xff,0xd0,0x00,0x00,0x00,0x00,0x04,0xff,0xff,0x10,0x00,0x00,0x6f,0xff,0xd0,0x00,
0x00,0x00,0x00,0x04,0xff,0xff,0x10,0x00,0x00,0x6f,0xff,0xd0,0x00,0x00,0x00,0x00,0x04,0xff,0xff,0x10,0x00,0x00,0x6f,0xff,
0xd0,0x00,0x00,0x00,0x00,0x04,0xff,0xff,0x10,0x00,0x00,0x6f,0xff,0xd0,0x00,0x00,0x00,0x00,0x04,0xff,0xff,0x10,0x00,0x00,
0x6f,0xff,0xd0,0x00,0x00,0x00,0x00,0x04,0xff,0xff,0x10,0x00,0x00,0x6f,0xff,0xd0,0x00,0x00,0x00,0x00,0x04,0xff,0xff,0x10,
0x00,0x00,0x6f,0xff,0xd0,0x00,0x00,0x00,0x00,0x04,0xff,0xff,0x10,0x00,0x00,0x6f,0xff,0xd0,0x00,0x00,0x00,0x00,0x04,0xff,
0xff,0x10,0x00,0x00,0x6f,0xff,0xd0,0x00,0x00,0x00,0x00,0x04,0xff,0xff,0x10,0x00,0x00,0x6f,0xff,0xd0,0x00,0x00,0x00,0x00,
0x04,0xff,0xff,0x10,0x00,0x00,0x6f,0xff,0xff,0xff,0xff,0xff,0xff,0xff,0xff,0xff,0x10,0x00,0x00,0x6f,0xff,0xff,0xff,0xff,
0xff,0xff,0xff,0xff,0xff,0x10,0x00,0x00,0x6f,0xff,0xff,0xff,0xff,0xff,0xff,0xff,0xff,0xff,0x10,0x00,0x00,0x6f,0xff,0xd0,
0x00,0x00,0x00,0x00,0x04,0xff,0xff,0x10,0x00,0x00,0x6f,0xff,0xd0,0x00,0x00,0x00,0x00,0x04,0xff,0xff,0x10,0x00,0x00,0x6f,
0xff,0xd0,0x00,0x00,0x00,0x00,0x04,0xff,0xff,0x10,0x00,0x00,0x6f,0xff,0xd0,0x00,0x00,0x00,0x00,0x04,0xff,0xff,0x10,0x00,
0x00,0x6f,0xff,0xd0,0x00,0x00,0x00,0x00,0x04,0xff,0xff,0x10,0x00,0x00,0x6f,0xff,0xd0,0x00,0x00,0x00,0x00,0x04,0xff,0xff,
0x10,0x00,0x00,0x6f,0xff,0xd0,0x00,0x00,0x00,0x00,0x04,0xff,0xff,0x10,0x00,0x00,0x6f,0xff,0xd0,0x00,0x00,0x00,0x00,0x04,
0xff,0xff,0x10,0x00,0x00,0x6f,0xff,0xd0,0x00,0x00,0x00,0x00,0x04,0xff,0xff,0x10,0x00,0x00,0x6f,0xff,0xd0,0x00,0x00,0x00,
0x00,0x04,0xff,0xff,0x10,0x00,0x00,0x6f,0xff,0xd0,0x00,0x00,0x6f,0xff,0xd0,0x00,0x00,0x6f,0xff,0xd0,0x00,0x00,0x6f,0xff,
0xd0,0x00,0x00,0x6f,0xff,0xd0,0x00,0x00,0x6f,0xff,0xd0,0x00,0x00,0x6f,0xff,0xd0,0x00,0x00,0x6f,0xff,0xd0,0x00,0x00,0x6f,
0xff,0xd0,0x00,0x00,0x6f,0xff,0xd0,0x00,0x00,0x6f,0xff,0xd0,0x00,0x00,0x6f,0xff,0xd0,0x00,0x00,0x6f,0xff,0xd0,0x00,0x00,
0x6f,0xff,0xd0,0x00,0x00,0x6f,0xff,0xd0,0x00,0x00,0x6f,0xff,0xd0,0x00,0x00,0x6f,0xff,0xd0,0x00,0x00,0x6f,0xff,0xd0,0x00,
0x00,0x6f,0xff,0xd0,0x00,0x00,0x6f,0xff,0xd0,0x00,0x00,0x6f,0xff,0xd0,0x00,0x00,0x6f,0xff,0xd0,0x00,0x00,0x6f,0xff,0xd0,
0x00,0x00,0x6f,0xff,0xd0,0x00,0x00,0x00,0x00,0x0e,0xff,0xf6,0x00,0x00,0x00,0x00,0x0e,0xff,0xf6,0x00,0x00,0x00,0x00,0x0e,
0xff,0xf6,0x00,0x00,0x00,0x00,0x0e,0xff,0xf6,0x00,0x00,0x00,0x00,0x0e,0xff,0xf6,0x00,0x00,0x00,0x00,0x0e,0xff,0xf6,0x00,
0x00,0x00,0x00,0x0e,0xff,0xf6,0x00,0x00,0x00,0x00,0x0e,0xff,0xf6,0x00,0x00,0x00,0x00,0x0e,0xff,0xf6,0x00,0x00,0x00,0x00,
0x0e,0xff,0xf6,0x00,0x00,0x00,0x00,0x0e,0xff,0xf6,0x00,0x00,0x00,0x00,0x0e,0xff,0xf6,0x00,0x00,0x00,0x00,0x0e,0xff,0xf6,
0x00,0x00,0x00,0x00,0x0e,0xff,0xf6,0x00,0x00,0x00,0x00,0x0e,0xff,0xf6,0x00,0x00,0x00,0x00,0x0e,0xff,0xf6,0x00,0x00,0x00,
0x00,0x0f,0xff,0xf5,0x00,0x00,0x00,0x00,0x3f,0xff,0xf3,0x00,0x00,0x00,0x00,0xaf,0xff,0xf0,0x00,0x00,0x00,0x29,0xff,0xff,
0xa0,0x00,0x4e,0xff,0xff,0xff,0xff,0x30,0x00,0x7f,0xff,0xff,0xff,0xf8,0x00,0x00,0x8f,0xff,0xff,0xff,0x80,0x00,0x00,0x6c,
0xef,0xed,0x93,0x00,0x00,0x00,0x00,0x6f,0xff,0xd0,0x00,0x00,0x00,0x00,0x8e,0xff,0xf4,0x00,0x00,0x6f,0xff,0xd0,0x00,0x00,
0x00,0x07,0xff,0xff,0x60,0x00,0x00,0x6f,0xff,0xd0,0x00,0x00,0x00,0x4f,0xff,0xfa,0x00,0x00,0x00,0x6f,0xff,0xd0,0x00,0x00,
0x01,0xef,0xff,0xc1,0x00,0x00,0x00,0x6f,0xff,0xd0,0x00,0x00,0x0b,0xff,0xfe,0x20,0x00,0x00,0x00,0x6f,0xff,0xd0,0x00,0x00,
0x8f,0xff,0xf4,0x00,0x00,0x00,0x00,0x6f,0xff,0xd0,0x00,0x04,0xff,0xff,0x70,0x00,0x00,0x00,0x00,0x6f,0xff,0xd0,0x00,0x2e,
0xff,0xfa,0x00,0x00,0x00,0x00,0x00,0x6f,0xff,0xd0,0x00,0xcf,0xff,0xd1,0x00,0x00,0x00,0x00,0x00,0x6f,0xff,0xd0,0x2a,0xff,
0xfe,0x20,0x00,0x00,0x00,0x00,0x00,0x6f,0xff,0xff,0xff,0xff,0xe4,0x00,0x00,0x00,0x00,0x00,0x00,0x6f,0xff,0xff,0xff,0xff,
0xd3,0x00,0x00,0x00,0x00,0x00,0x00,0x6f,0xff,0xff,0xff,0xff,0xfe,0x20,0x00,0x00,0x00,0x00,0x00,0x6f,0xff,0xd0,0x05,0xff,
0xff,0xc0,0x00,0x00,0x00,0x00,0x00,0x6f,0xff,0xd0,0x00,0x7f,0xff,0xf8,0x00,0x00,0x00,0x00,0x00,0x6f,0xff,0xd0,0x00,0x0b,
0xff,0xff,0x30,0x00,0x00,0x00,0x00,0x6f,0xff,0xd0,0x00,0x01,0xef,0xff,0xd1,0x00,0x00,0x00,0x00,0x6f,0xff,0xd0,0x00,0x00,
0x5f,0xff,0xf9,0x00,0x00,0x00,0x00,0x6f,0xff,0xd0,0x00,0x00,0x09,0xff,0xff,0x50,0x00,0x00,0x00,0x6f,0xff,0xd0,0x00,0x00,
0x01,0xdf,0xff,0xe2,0x00,0x00,0x00,0x6f,0xff,0xd0,0x00,0x00,0x00,0x3f,0xff,0xfb,0x00,0x00,0x00,0x6f,0xff,0xd0,0x00,0x00,
0x00,0x07,0xff,0xff,0x70,0x00,0x00,0x6f,0xff,0xd0,0x00,0x00,0x00,0x00,0xbf,0xff,0xf3,0x00,0x00,0x6f,0xff,0xd0,0x00,0x00,
0x00,0x00,0x2c,0xff,0xfc,0x00,0x00,0x6f,0xff,0xd0,0x00,0x00,0x00,0x00,0x00,0x00,0x6f,0xff,0xd0,0x00,0x00,0x00,0x00,0x00,
0x00,0x6f,0xff,0xd0,0x00,0x00,0x00,0x00,0x00,0x00,0x6f,0xff,0xd0,0x00,0x00,0x00,0x00,0x00,0x00,0x6f,0xff,0xd0,0x00,0x00,
0x00,0x00,0x00,0x00,0x6f,0xff,0xd0,0x00,0x00,0x00,0x00,0x00,0x00,0x6f,0xff,0xd0,0x00,0x00,0x00,0x00,0x00,0x00,0x6f,0xff,
0xd0,0x00,0x00,0x00,0x00,0x00,0x00,0x6f,0xff,0xd0,0x00,0x00,0x00,0x00,0x00,0x00,0x6f,0xff,0xd0,0x00,0x00,0x00,0x00,0x00,
0x00,0x6f,0xff,0xd0,0x00,0x00,0x00,0x00,0x00,0x00,0x6f,0xff,0xd0,0x00,0x00,0x00,0x00,0x00,0x00,0x6f,0xff,0xd0,0x00,0x00,
0x00,0x00,0x00,0x00,0x6f,0xff,0xd0,0x00,0x00,0x00,0x00,0x00,0x00,0x6f,0xff,0xd0,0x00,0x00,0x00,0x00,0x00,0x00,0x6f,0xff,
0xd0,0x00,0x00,0x00,0x00,0x00,0x00,0x6f,0xff,0xd0,0x00,0x00,0x00,0x00,0x00,0x00,0x6f,0xff,0xd0,0x00,0x00,0x00,0x00,0x00,
0x00,0x6f,0xff,0xd0,0x00,0x00,0x00,0x00,0x00,0x00,0x6f,0xff,0xd0,0x00,0x00,0x00,0x00,0x00,0x00,0x6f,0xff,0xd0,0x00,0x00,
0x00,0x00,0x00,0x00,0x6f,0xff,0xff,0xff,0xff,0xff,0xff,0x20,0x00,0x6f,0xff,0xff,0xff,0xff,0xff,0xff,0x20,0x00,0x6f,0xff,
0xff,0xff,0xff,0xff,0xff,0x20,0x00,0x6f,0xff,0xe2,0x00,0x00,0x00,0x00,0x00,0x00,0x00,0x0c,0xff,0xfa,0x00,0x00,0x6f,0xff,
0xfa,0x00,0x00,0x00,0x00,0x00,0x00,0x00,0x7f,0xff,0xfa,0x00,0x00,0x6f,0xff,0xff,0x30,0x00,0x00,0x00,0x00,0x00,0x01,0xef,
0xff,0xfa,0x00,0x00,0x6f,0xff,0xff,0xb0,0x00,0x00,0x00,0x00,0x00,0x07,0xff,0xff,0xfa,0x00,0x00,0x6f,0xff,0xff,0xf4,0x00,
0x00,0x00,0x00,0x00,0x1e,0xff,0xff,0xfa,0x00,0x00,0x6f,0xff,0xff,0xfb,0x00,0x00,0x00,0x00,0x00,0x8f,0xff,0xff,0xfa,0x00,
0x00,0x6f,0xff,0xff,0xff,0x40,0x00,0x00,0x00,0x01,0xef,0xfe,0xff,0xfa,0x00,0x00,0x6f,0xff,0xbf,0xff,0xc0,0x00,0x00,0x00,
0x08,0xff,0xf8,0xff,0xfa,0x00,0x00,0x6f,0xff,0x6d,0xff,0xf5,0x00,0x00,0x00,0x1e,0xff,0xe2,0xff,0xfa,0x00,0x00,0x6f,0xff,
0x66,0xff,0xfc,0x00,0x00,0x00,0x8f,0xff,0x72,0xff,0xfa,0x00,0x00,0x6f,0xff,0x60,0xdf,0xff,0x50,0x00,0x02,0xff,0xfd,0x02,
0xff,0xfa,0x00,0x00,0x6f,0xff,0x60,0x5f,0xff,0xd0,0x00,0x09,0xff,0xf6,0x02,0xff,0xfa,0x00,0x00,0x6f,0xff,0x60,0x0c,0xff,
0xf6,0x00,0x2f,0xff,0xd0,0x02,0xff,0xfa,0x00,0x00,0x6f,0xff,0x60,0x04,0xff,0xfd,0x00,0x9f,0xff,0x60,0x02,0xff,0xfa,0x00,
0x00,0x6f,0xff,0x60,0x00,0xbf,0xff,0x62,0xff,0xfd,0x00,0x02,0xff,0xfa,0x00,0x00,0x6f,0xff,0x60,0x00,0x3f,0xff,0xc8,0xff,
0xf5,0x00,0x02,0xff,0xfa,0x00,0x00,0x6f,0xff,0x60,0x00,0x0a,0xff,0xfe,0xff,0xc0,0x00,0x02,0xff,0xfa,0x00,0x00,0x6f,0xff,
0x60,0x00,0x02,0xff,0xff,0xff,0x50,0x00,0x02,0xff,0xfa,0x00,0x00,0x6f,0xff,0x60,0x00,0x00,0x8f,0xff,0xfc,0x00,0x00,0x02,
0xff,0xfa,0x00,0x00,0x6f,0xff,0x60,0x00,0x00,0x1e,0xff,0xf4,0x00,0x00,0x02,0xff,0xfa,0x00,0x00,0x6f,0xff,0x60,0x00,0x00,
0x06,0xff,0x90,0x00,0x00,0x02,0xff,0xfa,0x00,0x00,0x6f,0xff,0x60,0x00,0x00,0x00,0x11,0x00,0x00,0x00,0x02,0xff,0xfa,0x00,
0x00,0x6f,0xff,0x60,0x00,0x00,0x00,0x00,0x00,0x00,0x00,0x02,0xff,0xfa,0x00,0x00,0x6f,0xff,0x60,0x00,0x00,0x00,0x00,0x00,
0x00,0x00,0x02,0xff,0xfa,0x00,0x00,0x6f,0xfd,0x20,0x00,0x00,0x00,0x00,0x00,0xbf,0xff,0x10,0x00,0x00,0x6f,0xff,0xd1,0x00,
0x00,0x00,0x00,0x00,0xbf,0xff,0x10,0x00,0x00,0x6f,0xff,0xfa,0x00,0x00,0x00,0x00,0x00,0xbf,0xff,0x10,0x00,0x00,0x6f,0xff,
0xff,0x70,0x00,0x00,0x00,0x00,0xbf,0xff,0x10,0x00,0x00,0x6f,0xff,0xff,0xf4,0x00,0x00,0x00,0x00,0xbf,0xff,0x10,0x00,0x00,
0x6f,0xff,0xff,0xfe,0x20,0x00,0x00,0x00,0xbf,0xff,0x10,0x00,0x00,0x6f,0xff,0xff,0xff,0xc0,0x00,0x00,0x00,0xbf,0xff,0x10,
0x00,0x00,0x6f,0xff,0xcf,0xff,0xf9,0x00,0x00,0x00,0xbf,0xff,0x10,0x00,0x00,0x6f,0xff,0x5c,0xff,0xff,0x60,0x00,0x00,0xbf,
0xff,0x10,0x00,0x00,0x6f,0xff,0x62,0xef,0xff,0xf3,0x00,0x00,0xbf,0xff,0x10,0x00,0x00,0x6f,0xff,0x60,0x5f,0xff,0xfd,0x10,
0x00,0xbf,0xff,0x10,0x00,0x00,0x6f,0xff,0x60,0x08,0xff,0xff,0xb0,0x00,0xbf,0xff,0x10,0x00,0x00,0x6f,0xff,0x60,0x00,0xbf,
0xff,0xf8,0x00,0xbf,0xff,0x10,0x00,0x00,0x6f,0xff,0x60,0x00,0x2e,0xff,0xff,0x50,0xbf,0xff,0x10,0x00,0x00,0x6f,0xff,0x60,
0x00,0x04,0xff,0xff,0xe2,0xbf,0xff,0x10,0x00,0x00,0x6f,0xff,0x60,0x00,0x00,0x8f,0xff,0xfc,0xaf,0xff,0x10,0x00,0x00,0x6f,
0xff,0x60,0x00,0x00,0x0b,0xff,0xff,0xff,0xff,0x10,0x00,0x00,0x6f,0xff,0x60,0x00,0x00,0x01,0xef,0xff,0xff,0xff,0x10,0x00,
0x00,0x6f,0xff,0x60,0x00,0x00,0x00,0x4f,0xff,0xff,0xff,0x10,0x00,0x00,0x6f,0xff,0x60,0x00,0x00,0x00,0x07,0xff,0xff,0xff,
0x10,0x00,0x00,0x6f,0xff,0x60,0x00,0x00,0x00,0x00,0xbf,0xff,0xff,0x10,0x00,0x00,0x6f,0xff,0x60,0x00,0x00,0x00,0x00,0x1d,
0xff,0xff,0x10,0x00,0x00,0x6f,0xff,0x60,0x00,0x00,0x00,0x00,0x03,0xff,0xff,0x10,0x00,0x00,0x6f,0xff,0x60,0x00,0x00,0x00,
0x00,0x00,0x5e,0xff,0x10,0x00,0x00,0x00,0x00,0x00,0x37,0xbd,0xee,0xdb,0x72,0x00,0x00,0x00,0x00,0x00,0x00,0x00,0x3b,0xff,
0xff,0xff,0xff,0xff,0xa2,0x00,0x00,0x00,0x00,0x00,0x07,0xff,0xff,0xff,0xff,0xff,0xff,0xff,0x60,0x00,0x00,0x00,0x00,0x9f,
0xff,0xfd,0x62,0x11,0x37,0xdf,0xff,0xf7,0x00,0x00,0x00,0x06,0xff,0xff,0x80,0x00,0x00,0x00,0x1a,0xff,0xff,0x50,0x00,0x00,
0x2f,0xff,0xf8,0x00,0x00,0x00,0x00,0x00,0xaf,0xff,0xe1,0x00,0x00,0x9f,0xff,0xd0,0x00,0x00,0x00,0x00,0x00,0x1e,0xff,0xf7,
0x00,0x01,0xff,0xff,0x60,0x00,0x00,0x00,0x00,0x00,0x09,0xff,0xfd,0x00,0x05,0xff,0xff,0x10,0x00,0x00,0x00,0x00,0x00,0x03,
0xff,0xff,0x30,0x08,0xff,0xfd,0x00,0x00,0x00,0x00,0x00,0x00,0x00,0xff,0xff,0x60,0x0a,0xff,0xfa,0x00,0x00,0x00,0x00,0x00,
0x00,0x00,0xdf,0xff,0x80,0x0b,0xff,0xf9,0x00,0x00,0x00,0x00,0x00,0x00,0x00,0xcf,0xff,0x90,0x0b,0xff,0xf9,0x00,0x00,0x00,
0x00,0x00,0x00,0x00,0xcf,0xff,0x90,0x0a,0xff,0xfa,0x00,0x00,0x00,0x00,0x00,0x00,0x00,0xdf,0xff,0x80,0x08,0xff,0xfc,0x00,
0x00,0x00,0x00,0x00,0x00,0x00,0xff,0xff,0x60,0x05,0xff,0xff,0x10,0x00,0x00,0x00,0x00,0x00,0x03,0xff,0xff,0x20,0x01,0xff,
0xff,0x60,0x00,0x00,0x00,0x00,0x00,0x09,0xff,0xfd,0x00,0x00,0x9f,0xff,0xd0,0x00,0x00,0x00,0x00,0x00,0x1e,0xff,0xf7,0x00,
0x00,0x2f,0xff,0xf8,0x00,0x00,0x00,0x00,0x00,0xaf,0xff,0xe1,0x00,0x00,0x06,0xff,0xff,0x80,0x00,0x00,0x00,0x1a,0xff,0xff,
0x40,0x00,0x00,0x00,0x9f,0xff,0xfc,0x62,0x11,0x37,0xdf,0xff,0xf7,0x00,0x00,0x00,0x00,0x07,0xff,0xff,0xff,0xff,0xff,0xff,
0xff,0x60,0x00,0x00,0x00,0x00,0x00,0x3b,0xff,0xff,0xff,0xff,0xff,0xa2,0x00,0x00,0x00,0x00,0x00,0x00,0x00,0x38,0xcd,0xee,
0xdb,0x72,0x00,0x00,0x00,0x00,0x00,0x6f,0xff,0xff,0xff,0xfe,0xc9,0x40,0x00,0x00,0x00,0x6f,0xff,0xff,0xff,0xff,0xff,0xfd,
0x30,0x00,0x00,0x6f,0xff,0xff,0xff,0xff,0xff,0xff,0xf5,0x00,0x00,0x6f,0xff,0xd0,0x00,0x02,0x7e,0xff,0xfe,0x10,0x00,0x6f,
0xff,0xd0,0x00,0x00,0x03,0xef,0xff,0x80,0x00,0x6f,0xff,0xd0,0x00,0x00,0x00,0x9f,0xff,0xd0,0x00,0x6f,0xff,0xd0,0x00,0x00,
0x00,0x5f,0xff,0xf0,0x00,0x6f,0xff,0xd0,0x00,0x00,0x00,0x4f,0xff,0xf1,0x00,0x6f,0xff,0xd0,0x00,0x00,0x00,0x5f,0xff,0xf0,
0x00,0x6f,0xff,0xd0,0x00,0x00,0x00,0x9f,0xff,0xc0,0x00,0x6f,0xff,0xd0,0x00,0x00,0x03,0xff,0xff,0x70,0x00,0x6f,0xff,0xd0,
0x00,0x02,0x7e,0xff,0xfe,0x10,0x00,0x6f,0xff,0xff,0xff,0xff,0xff,0xff,0xe3,0x00,0x00,0x6f,0xff,0xff,0xff,0xff,0xff,0xfc,
0x20,0x00,0x00,0x6f,0xff,0xff,0xff,0xfe,0xc8,0x40,0x00,0x00,0x00,0x6f,0xff,0xd0,0x00,0x00,0x00,0x00,0x00,0x00,0x00,0x6f,
0xff,0xd0,0x00,0x00,0x00,0x00,0x00,0x00,0x00,0x6f,0xff,0xd0,0x00,0x00,0x00,0x00,0x00,0x00,0x00,0x6f,0xff,0xd0,0x00,0x00,
0x00,0x00,0x00,0x00,0x00,0x6f,0xff,0xd0,0x00,0x00,0x00,0x00,0x00,0x00,0x00,0x6f,0xff,0xd0,0x00,0x00,0x00,0x00,0x00,0x00,
0x00,0x6f,0xff,0xd0,0x00,0x00,0x00,0x00,0x00,0x00,0x00,0x6f,0xff,0xd0,0x00,0x00,0x00,0x00,0x00,0x00,0x00,0x6f,0xff,0xd0,
0x00,0x00,0x00,0x00,0x00,0x00,0x00,0x00,0x00,0x00,0x37,0xbd,0xef,0xdb,0x72,0x00,0x00,0x00,0x00,0x00,0x00,0x00,0x3b,0xff,
0xff,0xff,0xff,0xff,0xa2,0x00,0x00,0x00,0x00,0x00,0x07,0xff,0xff,0xff,0xff,0xff,0xff,0xfe,0x50,0x00,0x00,0x00,0x00,0x9f,
0xff,0xfd,0x62,0x11,0x37,0xdf,0xff,0xf6,0x00,0x00,0x00,0x06,0xff,0xff,0x80,0x00,0x00,0x00,0x1a,0xff,0xff,0x40,0x00,0x00,
0x2f,0xff,0xf8,0x00,0x00,0x00,0x00,0x00,0xaf,0xff,0xd1,0x00,0x00,0x9f,0xff,0xd0,0x00,0x00,0x00,0x00,0x00,0x1e,0xff,0xf6,
0x00,0x01,0xff,0xff,0x60,0x00,0x00,0x00,0x00,0x00,0x08,0xff,0xfd,0x00,0x04,0xff,0xff,0x10,0x00,0x00,0x00,0x00,0x00,0x03,
0xff,0xff,0x20,0x08,0xff,0xfd,0x00,0x00,0x00,0x00,0x00,0x00,0x00,0xff,0xff,0x60,0x0a,0xff,0xfb,0x00,0x00,0x00,0x00,0x00,
0x00,0x00,0xdf,0xff,0x80,0x0b,0xff,0xfa,0x00,0x00,0x00,0x00,0x00,0x00,0x00,0xcf,0xff,0x90,0x0b,0xff,0xfa,0x00,0x00,0x00,
0x00,0x00,0x00,0x00,0xcf,0xff,0xa0,0x0a,0xff,0xfb,0x00,0x00,0x00,0x00,0x00,0x00,0x00,0xdf,0xff,0x90,0x08,0xff,0xfd,0x00,
0x00,0x00,0x00,0x00,0x00,0x00,0xff,0xff,0x70,0x04,0xff,0xff,0x10,0x00,0x00,0x00,0x00,0x00,0x03,0xff,0xff,0x40,0x01,0xff,
0xff,0x60,0x00,0x00,0x00,0x00,0x00,0x08,0xff,0xff,0x10,0x00,0x9f,0xff,0xd0,0x00,0x00,0x00,0x00,0x00,0x1e,0xff,0xfa,0x00,
0x00,0x2f,0xff,0xf8,0x00,0x00,0x00,0x00,0x00,0xaf,0xff,0xf3,0x00,0x00,0x06,0xff,0xff,0x80,0x00,0x00,0x00,0x19,0xff,0xff,
0x90,0x00,0x00,0x00,0x9f,0xff,0xfc,0x62,0x11,0x37,0xdf,0xff,0xfc,0x10,0x00,0x00,0x00,0x07,0xff,0xff,0xff,0xff,0xff,0xff,
0xff,0xb1,0x00,0x00,0x00,0x00,0x00,0x3b,0xff,0xff,0xff,0xff,0xff,0xff,0x40,0x00,0x00,0x00,0x00,0x00,0x00,0x38,0xbd,0xef,
0xec,0xcf,0xff,0xe3,0x00,0x00,0x00,0x00,0x00,0x00,0x00,0x00,0x00,0x00,0x1c,0xff,0xfe,0x20,0x00,0x00,0x00,0x00,0x00,0x00,
0x00,0x00,0x00,0x01,0xdf,0xff,0xd2,0x00,0x00,0x00,0x00,0x00,0x00,0x00,0x00,0x00,0x00,0x2e,0xff,0xfd,0x20,0x00,0x00,0x00,
0x00,0x00,0x00,0x00,0x00,0x00,0x03,0xef,0xff,0xd1,0x00,0x00,0x00,0x00,0x00,0x00,0x00,0x00,0x00,0x00,0x26,0x77,0x75,0x00,
0x6f,0xff,0xff,0xff,0xed,0xb7,0x20,0x00,0x00,0x00,0x00,0x6f,0xff,0xff,0xff,0xff,0xff,0xfa,0x10,0x00,0x00,0x00,0x6f,0xff,
0xff,0xff,0xff,0xff,0xff,0xc1,0x00,0x00,0x00,0x6f,0xff,0xd0,0x00,0x14,0xaf,0xff,0xf9,0x00,0x00,0x00,0x6f,0xff,0xd0,0x00,
0x00,0x08,0xff,0xff,0x20,0x00,0x00,0x6f,0xff,0xd0,0x00,0x00,0x00,0xef,0xff,0x60,0x00,0x00,0x6f,0xff,0xd0,0x00,0x00,0x00,
0xbf,0xff,0x70,0x00,0x00,0x6f,0xff,0xd0,0x00,0x00,0x00,0xaf,0xff,0x80,0x00,0x00,0x6f,0xff,0xd0,0x00,0x00,0x00,0xcf,0xff,
0x60,0x00,0x00,0x6f,0xff,0xd0,0x00,0x00,0x02,0xff,0xff,0x30,0x00,0x00,0x6f,0xff,0xd0,0x00,0x00,0x0b,0xff,0xfc,0x00,0x00,
0x00,0x6f,0xff,0xd0,0x00,0x15,0xcf,0xff,0xf3,0x00,0x00,0x00,0x6f,0xff,0xff,0xff,0xff,0xff,0xff,0x50,0x00,0x00,0x00,0x6f,
0xff,0xff,0xff,0xff,0xff,0xb3,0x00,0x00,0x00,0x00,0x6f,0xff,0xff,0xff,0xff,0xfc,0x10,0x00,0x00,0x00,0x00,0x6f,0xff,0xd0,
0x02,0xdf,0xff,0xc0,0x00,0x00,0x00,0x00,0x6f,0xff,0xd0,0x00,0x4f,0xff,0xf8,0x00,0x00,0x00,0x00,0x6f,0xff,0xd0,0x00,0x09,
0xff,0xff,0x30,0x00,0x00,0x00,0x6f,0xff,0xd0,0x00,0x01,0xdf,0xff,0xd1,0x00,0x00,0x00,0x6f,0xff,0xd0,0x00,0x00,0x4f,0xff,
0xf8,0x00,0x00,0x00,0x6f,0xff,0xd0,0x00,0x00,0x09,0xff,0xff,0x40,0x00,0x00,0x6f,0xff,0xd0,0x00,0x00,0x01,0xdf,0xff,0xd1,
0x00,0x00,0x6f,0xff,0xd0,0x00,0x00,0x00,0x4f,0xff,0xf9,0x00,0x00,0x6f,0xff,0xd0,0x00,0x00,0x00,0x07,0xef,0xff,0x40,0x00,
0x00,0x02,0x8c,0xef,0xec,0x84,0x00,0x00,0x00,0x00,0x8f,0xff,0xff,0xff,0xff,0xc3,0x00,0x00,0x0a,0xff,0xff,0xff,0xff,0xff,
0xfb,0x00,0x00,0x5f,0xff,0xd6,0x20,0x28,0xef,0xf3,0x00,0x00,0xdf,0xff,0x30,0x00,0x00,0x19,0x70,0x00,0x02,0xff,0xfc,0x00,
0x00,0x00,0x00,0x00,0x00,0x04,0xff,0xfc,0x00,0x00,0x00,0x00,0x00,0x00,0x04,0xff,0xff,0x40,0x00,0x00,0x00,0x00,0x00,0x02,
0xff,0xff,0xf8,0x20,0x00,0x00,0x00,0x00,0x00,0xef,0xff,0xff,0xfb,0x61,0x00,0x00,0x00,0x00,0x7f,0xff,0xff,0xff,0xfe,0x81,
0x00,0x00,0x00,0x0a,0xff,0xff,0xff,0xff,0xfe,0x50,0x00,0x00,0x00,0x7e,0xff,0xff,0xff,0xff,0xf4,0x00,0x00,0x00,0x01,0x6c,
0xff,0xff,0xff,0xfd,0x00,0x00,0x00,0x00,0x00,0x17,0xdf,0xff,0xff,0x30,0x00,0x00,0x00,0x00,0x00,0x08,0xff,0xff,0x50,0x00,
0x00,0x00,0x00,0x00,0x00,0xdf,0xff,0x50,0x00,0x00,0x00,0x00,0x00,0x00,0xaf,0xff,0x40,0x00,0x22,0x00,0x00,0x00,0x00,0xcf,
0xff,0x10,0x02,0xee,0x60,0x00,0x00,0x03,0xff,0xfb,0x00,0x0b,0xff,0xfc,0x51,0x02,0x7e,0xff,0xf3,0x00,0x1e,0xff,0xff,0xff,
0xff,0xff,0xff,0x70,0x00,0x01,0x9f,0xff,0xff,0xff,0xff,0xe5,0x00,0x00,0x00,0x01,0x6a,0xde,0xfe,0xb7,0x10,0x00,0x00,0x8f,
0xff,0xff,0xff,0xff,0xff,0xff,0xff,0xff,0xb0,0x8f,0xff,0xff,0xff,0xff,0xff,0xff,0xff,0xff,0xb0,0x8f,0xff,0xff,0xff,0xff,
0xff,0xff,0xff,0xff,0xb0,0x00,0x00,0x00,0x08,0xff,0xfc,0x00,0x00,0x00,0x00,0x00,0x00,0x00,0x08,0xff,0xfc,0x00,0x00,0x00,
0x00,0x00,0x00,0x00,0x08,0xff,0xfc,0x00,0x00,0x00,0x00,0x00,0x00,0x00,0x08,0xff,0xfc,0x00,0x00,0x00,0x00,0x00,0x00,0x00,
0x08,0xff,0xfc,0x00,0x00,0x00,0x00,0x00,0x00,0x00,0x08,0xff,0xfc,0x00,0x00,0x00,0x00,0x00,0x00,0x00,0x08,0xff,0xfc,0x00,
0x00,0x00,0x00,0x00,0x00,0x00,0x08,0xff,0xfc,0x00,0x00,0x00,0x00,0x00,0x00,0x00,0x08,0xff,0xfc,0x00,0x00,0x00,0x00,0x00,
0x00,0x00,0x08,0xff,0xfc,0x00,0x00,0x00,0x00,0x00,0x00,0x00,0x08,0xff,0xfc,0x00,0x00,0x00,0x00,0x00,0x00,0x00,0x08,0xff,
0xfc,0x00,0x00,0x00,0x00,0x00,0x00,0x00,0x08,0xff,0xfc,0x00,0x00,0x00,0x00,0x00,0x00,0x00,0x08,0xff,0xfc,0x00,0x00,0x00,
0x00,0x00,0x00,0x00,0x08,0xff,0xfc,0x00,0x00,0x00,0x00,0x00,0x00,0x00,0x08,0xff,0xfc,0x00,0x00,0x00,0x00,0x00,0x00,0x00,
0x08,0xff,0xfc,0x00,0x00,0x00,0x00,0x00,0x00,0x00,0x08,0xff,0xfc,0x00,0x00,0x00,0x00,0x00,0x00,0x00,0x08,0xff,0xfc,0x00,
0x00,0x00,0x00,0x00,0x00,0x00,0x08,0xff,0xfc,0x00,0x00,0x00,0x00,0x00,0x00,0x00,0x08,0xff,0xfc,0x00,0x00,0x00,0x00,0x00,
0xbf,0xff,0x90,0x00,0x00,0x00,0x00,0x0c,0xff,0xf7,0x00,0x00,0xbf,0xff,0x90,0x00,0x00,0x00,0x00,0x0c,0xff,0xf7,0x00,0x00,
0xbf,0xff,0x90,0x00,0x00,0x00,0x00,0x0c,0xff,0xf7,0x00,0x00,0xbf,0xff,0x90,0x00,0x00,0x00,0x00,0x0c,0xff,0xf7,0x00,0x00,
0xbf,0xff,0x90,0x00,0x00,0x00,0x00,0x0c,0xff,0xf7,0x00,0x00,0xbf,0xff,0x90,0x00,0x00,0x00,0x00,0x0c,0xff,0xf7,0x00,0x00,
0xbf,0xff,0x90,0x00,0x00,0x00,0x00,0x0c,0xff,0xf7,0x00,0x00,0xbf,0xff,0x90,0x00,0x00,0x00,0x00,0x0c,0xff,0xf7,0x00,0x00,
0xbf,0xff,0x90,0x00,0x00,0x00,0x00,0x0c,0xff,0xf7,0x00,0x00,0xbf,0xff,0x90,0x00,0x00,0x00,0x00,0x0c,0xff,0xf7,0x00,0x00,
0xbf,0xff,0x90,0x00,0x00,0x00,0x00,0x0c,0xff,0xf7,0x00,0x00,0xbf,0xff,0x90,0x00,0x00,0x00,0x00,0x0c,0xff,0xf7,0x00,0x00,
0xbf,0xff,0x90,0x00,0x00,0x00,0x00,0x0c,0xff,0xf7,0x00,0x00,0xbf,0xff,0x90,0x00,0x00,0x00,0x00,0x0c,0xff,0xf7,0x00,0x00,
0xaf,0xff,0x90,0x00,0x00,0x00,0x00,0x0d,0xff,0xf7,0x00,0x00,0x9f,0xff,0xb0,0x00,0x00,0x00,0x00,0x0e,0xff,0xf5,0x00,0x00,
0x7f,0xff,0xe0,0x00,0x00,0x00,0x00,0x3f,0xff,0xf3,0x00,0x00,0x3f,0xff,0xf6,0x00,0x00,0x00,0x00,0xaf,0xff,0xe0,0x00,0x00,
0x0d,0xff,0xfe,0x30,0x00,0x00,0x06,0xff,0xff,0x90,0x00,0x00,0x06,0xff,0xff,0xe8,0x31,0x13,0xaf,0xff,0xff,0x20,0x00,0x00,
0x00,0xbf,0xff,0xff,0xff,0xff,0xff,0xff,0xf7,0x00,0x00,0x00,0x00,0x1b,0xff,0xff,0xff,0xff,0xff,0xff,0x80,0x00,0x00,0x00,
0x00,0x00,0x8f,0xff,0xff,0xff,0xff,0xd5,0x00,0x00,0x00,0x00,0x00,0x00,0x02,0x7b,0xdf,0xed,0xa6,0x10,0x00,0x00,0x00,0x1e,
0xff,0xe5,0x00,0x00,0x00,0x00,0x00,0x00,0x3d,0xff,0xf3,0x09,0xff,0xfd,0x00,0x00,0x00,0x00,0x00,0x00,0xaf,0xff,0xc0,0x03,
0xff,0xff,0x40,0x00,0x00,0x00,0x00,0x01,0xff,0xff,0x60,0x00,0xcf,0xff,0xa0,0x00,0x00,0x00,0x00,0x06,0xff,0xff,0x10,0x00,
0x6f,0xff,0xe1,0x00,0x00,0x00,0x00,0x0c,0xff,0xfa,0x00,0x00,0x1f,0xff,0xf6,0x00,0x00,0x00,0x00,0x2f,0xff,0xf4,0x00,0x00,
0x0a,0xff,0xfb,0x00,0x00,0x00,0x00,0x8f,0xff,0xd0,0x00,0x00,0x04,0xff,0xff,0x20,0x00,0x00,0x00,0xdf,0xff,0x70,0x00,0x00,
0x00,0xdf,0xff,0x80,0x00,0x00,0x04,0xff,0xff,0x20,0x00,0x00,0x00,0x7f,0xff,0xd0,0x00,0x00,0x0a,0xff,0xfb,0x00,0x00,0x00,
0x00,0x1f,0xff,0xf4,0x00,0x00,0x1e,0xff,0xf5,0x00,0x00,0x00,0x00,0x0a,0xff,0xf9,0x00,0x00,0x6f,0xff,0xe0,0x00,0x00,0x00,
0x00,0x05,0xff,0xfe,0x10,0x00,0xbf,0xff,0x80,0x00,0x00,0x00,0x00,0x00,0xef,0xff,0x60,0x02,0xff,0xff,0x20,0x00,0x00,0x00,
0x00,0x00,0x8f,0xff,0xb0,0x07,0xff,0xfb,0x00,0x00,0x00,0x00,0x00,0x00,0x2f,0xff,0xf2,0x0d,0xff,0xf6,0x00,0x00,0x00,0x00,
0x00,0x00,0x0b,0xff,0xf7,0x3f,0xff,0xe1,0x00,0x00,0x00,0x00,0x00,0x00,0x05,0xff,0xfb,0x7f,0xff,0x90,0x00,0x00,0x00,0x00,
0x00,0x00,0x01,0xef,0xff,0xbf,0xff,0x30,0x00,0x00,0x00,0x00,0x00,0x00,0x00,0x9f,0xff,0xff,0xfc,0x00,0x00,0x00,0x00,0x00,
0x00,0x00,0x00,0x3f,0xff,0xff,0xf6,0x00,0x00,0x00,0x00,0x00,0x00,0x00,0x00,0x0c,0xff,0xff,0xf1,0x00,0x00,0x00,0x00,0x00,
0x00,0x00,0x00,0x06,0xff,0xff,0xa0,0x00,0x00,0x00,0x00,0x00,0x00,0x00,0x00,0x01,0xef,0xff,0x40,0x00,0x00,0x00,0x00,0x9f,
0xff,0xc1,0x00,0x00,0x00,0x00,0x0a,0xff,0x90,0x00,0x00,0x00,0x00,0x3d,0xff,0xf3,0x4f,0xff,0xf7,0x00,0x00,0x00,0x00,0x4f,
0xff,0xf3,0x00,0x00,0x00,0x00,0x9f,0xff,0xe0,0x0e,0xff,0xfb,0x00,0x00,0x00,0x00,0x9f,0xff,0xf7,0x00,0x00,0x00,0x00,0xdf,
0xff,0x90,0x0a,0xff,0xfe,0x00,0x00,0x00,0x00,0xdf,0xff,0xfc,0x00,0x00,0x00,0x02,0xff,0xff,0x50,0x06,0xff,0xff,0x40,0x00,
0x00,0x03,0xff,0xff,0xff,0x20,0x00,0x00,0x06,0xff,0xff,0x10,0x01,0xff,0xff,0x80,0x00,0x00,0x08,0xff,0xff,0xff,0x70,0x00,
0x00,0x0a,0xff,0xfb,0x00,0x00,0xcf,0xff,0xc0,0x00,0x00,0x0d,0xff,0xdf,0xff,0xb0,0x00,0x00,0x0e,0xff,0xf6,0x00,0x00,0x7f,
0xff,0xf1,0x00,0x00,0x2f,0xff,0x7c,0xff,0xf1,0x00,0x00,0x3f,0xff,0xf2,0x00,0x00,0x3f,0xff,0xf5,0x00,0x00,0x7f,0xff,0x37,
0xff,0xf6,0x00,0x00,0x7f,0xff,0xc0,0x00,0x00,0x0d,0xff,0xfa,0x00,0x00,0xcf,0xfd,0x03,0xff,0xfa,0x00,0x00,0xbf,0xff,0x80,
0x00,0x00,0x09,0xff,0xfe,0x00,0x02,0xff,0xf8,0x00,0xdf,0xff,0x10,0x01,0xff,0xff,0x30,0x00,0x00,0x05,0xff,0xff,0x30,0x06,
0xff,0xf4,0x00,0x9f,0xff,0x50,0x05,0xff,0xfe,0x00,0x00,0x00,0x01,0xef,0xff,0x70,0x0b,0xff,0xe0,0x00,0x4f,0xff,0xa0,0x09,
0xff,0xf9,0x00,0x00,0x00,0x00,0xbf,0xff,0xb0,0x1f,0xff,0x90,0x00,0x0e,0xff,0xe0,0x0d,0xff,0xf5,0x00,0x00,0x00,0x00,0x6f,
0xff,0xf1,0x5f,0xff,0x50,0x00,0x0a,0xff,0xf4,0x2f,0xff,0xf1,0x00,0x00,0x00,0x00,0x2f,0xff,0xf4,0xaf,0xfe,0x10,0x00,0x05,
0xff,0xf9,0x6f,0xff,0xb0,0x00,0x00,0x00,0x00,0x0c,0xff,0xf7,0xef,0xfa,0x00,0x00,0x01,0xff,0xfd,0x9f,0xff,0x60,0x00,0x00,
0x00,0x00,0x08,0xff,0xfd,0xff,0xf6,0x00,0x00,0x00,0xbf,0xff,0xdf,0xff,0x20,0x00,0x00,0x00,0x00,0x03,0xff,0xff,0xff,0xf1,
0x00,0x00,0x00,0x6f,0xff,0xff,0xfc,0x00,0x00,0x00,0x00,0x00,0x00,0xef,0xff,0xff,0xb0,0x00,0x00,0x00,0x2f,0xff,0xff,0xf8,
0x00,0x00,0x00,0x00,0x00,0x00,0x9f,0xff,0xff,0x70,0x00,0x00,0x00,0x0c,0xff,0xff,0xf3,0x00,0x00,0x00,0x00,0x00,0x00,0x5f,
0xff,0xff,0x20,0x00,0x00,0x00,0x07,0xff,0xff,0xe0,0x00,0x00,0x00,0x00,0x00,0x00,0x1f,0xff,0xfc,0x00,0x00,0x00,0x00,0x03,
0xff,0xff,0x90,0x00,0x00,0x00,0x00,0x00,0x00,0x0b,0xff,0xf7,0x00,0x00,0x00,0x00,0x00,0xdf,0xff,0x50,0x00,0x00,0x00,0x5f,
0xff,0xf9,0x00,0x00,0x00,0x00,0x00,0xbf,0xff,0xc0,0x0a,0xff,0xff,0x40,0x00,0x00,0x00,0x06,0xff,0xff,0x30,0x02,0xef,0xff,
0xc0,0x00,0x00,0x00,0x1e,0xff,0xf8,0x00,0x00,0x7f,0xff,0xf6,0x00,0x00,0x00,0x9f,0xff,0xd1,0x00,0x00,0x0c,0xff,0xfe,0x10,
0x00,0x03,0xff,0xff,0x40,0x00,0x00,0x03,0xff,0xff,0x90,0x00,0x0c,0xff,0xf9,0x00,0x00,0x00,0x00,0x8f,0xff,0xf3,0x00,0x7f,
0xff,0xe1,0x00,0x00,0x00,0x00,0x1d,0xff,0xfc,0x02,0xef,0xff,0x50,0x00,0x00,0x00,0x00,0x04,0xff,0xff,0x6a,0xff,0xfa,0x00,
0x00,0x00,0x00,0x00,0x00,0xaf,0xff,0xef,0xff,0xe1,0x00,0x00,0x00,0x00,0x00,0x00,0x1e,0xff,0xff,0xff,0x60,0x00,0x00,0x00,
0x00,0x00,0x00,0x07,0xff,0xff,0xfd,0x00,0x00,0x00,0x00,0x00,0x00,0x00,0x0c,0xff,0xff,0xff,0x50,0x00,0x00,0x00,0x00,0x00,
0x00,0x6f,0xff,0xff,0xff,0xe1,0x00,0x00,0x00,0x00,0x00,0x01,0xef,0xff,0x8f,0xff,0xf9,0x00,0x00,0x00,0x00,0x00,0x0a,0xff,
0xfc,0x08,0xff,0xff,0x30,0x00,0x00,0x00,0x00,0x4f,0xff,0xf4,0x01,0xef,0xff,0xc0,0x00,0x00,0x00,0x00,0xdf,0xff,0x90,0x00,
0x6f,0xff,0xf6,0x00,0x00,0x00,0x08,0xff,0xfe,0x10,0x00,0x0c,0xff,0xfe,0x10,0x00,0x00,0x2f,0xff,0xf6,0x00,0x00,0x03,0xff,
0xff,0x90,0x00,0x00,0xbf,0xff,0xc0,0x00,0x00,0x00,0xaf,0xff,0xf4,0x00,0x06,0xff,0xff,0x30,0x00,0x00,0x00,0x2e,0xff,0xfc,
0x00,0x1e,0xff,0xf9,0x00,0x00,0x00,0x00,0x07,0xff,0xff,0x70,0xaf,0xff,0xc1,0x00,0x00,0x00,0x00,0x00,0xbf,0xff,0xe2,0x1d,
0xff,0xf9,0x00,0x00,0x00,0x00,0x00,0x1c,0xff,0xfa,0x05,0xff,0xff,0x40,0x00,0x00,0x00,0x00,0x8f,0xff,0xe2,0x00,0xcf,0xff,
0xc0,0x00,0x00,0x00,0x02,0xef,0xff,0x80,0x00,0x3f,0xff,0xf5,0x00,0x00,0x00,0x09,0xff,0xfd,0x10,0x00,0x0a,0xff,0xfd,0x00,
0x00,0x00,0x2f,0xff,0xf5,0x00,0x00,0x02,0xef,0xff,0x60,0x00,0x00,0xaf,0xff,0xc0,0x00,0x00,0x00,0x7f,0xff,0xd0,0x00,0x03,
0xff,0xff,0x30,0x00,0x00,0x00,0x1d,0xff,0xf7,0x00,0x0a,0xff,0xfa,0x00,0x00,0x00,0x00,0x05,0xff,0xfe,0x10,0x3f,0xff,0xe2,
0x00,0x00,0x00,0x00,0x00,0xcf,0xff,0x70,0xbf,0xff,0x80,0x00,0x00,0x00,0x00,0x00,0x3f,0xff,0xe3,0xff,0xfd,0x10,0x00,0x00,
0x00,0x00,0x00,0x0a,0xff,0xfd,0xff,0xf5,0x00,0x00,0x00,0x00,0x00,0x00,0x02,0xef,0xff,0xff,0xc0,0x00,0x00,0x00,0x00,0x00,
0x00,0x00,0x7f,0xff,0xff,0x30,0x00,0x00,0x00,0x00,0x00,0x00,0x00,0x1e,0xff,0xfa,0x00,0x00,0x00,0x00,0x00,0x00,0x00,0x00,
0x0c,0xff,0xf8,0x00,0x00,0x00,0x00,0x00,0x00,0x00,0x00,0x0c,0xff,0xf8,0x00,0x00,0x00,0x00,0x00,0x00,0x00,0x00,0x0c,0xff,
0xf8,0x00,0x00,0x00,0x00,0x00,0x00,0x00,0x00,0x0c,0xff,0xf8,0x00,0x00,0x00,0x00,0x00,0x00,0x00,0x00,0x0c,0xff,0xf8,0x00,
0x00,0x00,0x00,0x00,0x00,0x00,0x00,0x0c,0xff,0xf8,0x00,0x00,0x00,0x00,0x00,0x00,0x00,0x00,0x0c,0xff,0xf8,0x00,0x00,0x00,
0x00,0x00,0x00,0x00,0x00,0x0c,0xff,0xf8,0x00,0x00,0x00,0x00,0x00,0x00,0x00,0x00,0x0c,0xff,0xf8,0x00,0x00,0x00,0x00,0x09,
0xff,0xff,0xff,0xff,0xff,0xff,0xff,0xff,0x80,0x09,0xff,0xff,0xff,0xff,0xff,0xff,0xff,0xff,0x80,0x09,0xff,0xff,0xff,0xff,
0xff,0xff,0xff,0xff,0x50,0x00,0x00,0x00,0x00,0x00,0x00,0x6f,0xff,0xfc,0x00,0x00,0x00,0x00,0x00,0x00,0x02,0xef,0xff,0xf3,
0x00,0x00,0x00,0x00,0x00,0x00,0x0b,0xff,0xff,0x80,0x00,0x00,0x00,0x00,0x00,0x00,0x6f,0xff,0xfc,0x00,0x00,0x00,0x00,0x00,
0x00,0x02,0xef,0xff,0xf3,0x00,0x00,0x00,0x00,0x00,0x00,0x0b,0xff,0xff,0x80,0x00,0x00,0x00,0x00,0x00,0x00,0x6f,0xff,0xfc,
0x00,0x00,0x00,0x00,0x00,0x00,0x01,0xef,0xff,0xf3,0x00,0x00,0x00,0x00,0x00,0x00,0x0a,0xff,0xff,0x80,0x00,0x00,0x00,0x00,
0x00,0x00,0x5f,0xff,0xfd,0x00,0x00,0x00,0x00,0x00,0x00,0x01,0xef,0xff,0xf3,0x00,0x00,0x00,0x00,0x00,0x00,0x0a,0xff,0xff,
0x80,0x00,0x00,0x00,0x00,0x00,0x00,0x5f,0xff,0xfd,0x00,0x00,0x00,0x00,0x00,0x00,0x01,0xef,0xff,0xf3,0x00,0x00,0x00,0x00,
0x00,0x00,0x0a,0xff,0xff,0x80,0x00,0x00,0x00,0x00,0x00,0x00,0x5f,0xff,0xfd,0x00,0x00,0x00,0x00,0x00,0x00,0x01,0xef,0xff,
0xf3,0x00,0x00,0x00,0x00,0x00,0x00,0x0a,0xff,0xff,0x80,0x00,0x00,0x00,0x00,0x00,0x00,0x3f,0xff,0xff,0xff,0xff,0xff,0xff,
0xff,0xff,0x40,0x5f,0xff,0xff,0xff,0xff,0xff,0xff,0xff,0xff,0x40,0x5f,0xff,0xff,0xff,0xff,0xff,0xff,0xff,0xff,0x40,0x00,
0x5f,0xff,0xff,0xf3,0x00,0x5f,0xff,0xff,0xf3,0x00,0x5f,0xff,0xff,0xd1,0x00,0x5f,0xfe,0x00,0x00,0x00,0x5f,0xfe,0x00,0x00,
0x00,0x5f,0xfe,0x00,0x00,0x00,0x5f,0xfe,0x00,0x00,0x00,0x5f,0xfe,0x00,0x00,0x00,0x5f,0xfe,0x00,0x00,0x00,0x5f,0xfe,0x00,
0x00,0x00,0x5f,0xfe,0x00,0x00,0x00,0x5f,0xfe,0x00,0x00,0x00,0x5f,0xfe,0x00,0x00,0x00,0x5f,0xfe,0x00,0x00,0x00,0x5f,0xfe,
0x00,0x00,0x00,0x5f,0xfe,0x00,0x00,0x00,0x5f,0xfe,0x00,0x00,0x00,0x5f,0xfe,0x00,0x00,0x00,0x5f,0xfe,0x00,0x00,0x00,0x5f,
0xfe,0x00,0x00,0x00,0x5f,0xfe,0x00,0x00,0x00,0x5f,0xfe,0x00,0x00,0x00,0x5f,0xfe,0x00,0x00,0x00,0x5f,0xfe,0x00,0x00,0x00,
0x5f,0xfe,0x00,0x00,0x00,0x5f,0xfe,0x00,0x00,0x00,0x5f,0xfe,0x00,0x00,0x00,0x5f,0xff,0xff,0xd1,0x00,0x5f,0xff,0xff,0xf3,
0x00,0x5f,0xff,0xff,0xf3,0x0d,0xfc,0x20,0x00,0x00,0x00,0x00,0x00,0x08,0xff,0xa0,0x00,0x00,0x00,0x00,0x00,0x02,0xff,0xf1,
0x00,0x00,0x00,0x00,0x00,0x00,0xbf,0xf7,0x00,0x00,0x00,0x00,0x00,0x00,0x5f,0xfd,0x00,0x00,0x00,0x00,0x00,0x00,0x0e,0xff,
0x30,0x00,0x00,0x00,0x00,0x00,0x09,0xff,0x90,0x00,0x00,0x00,0x00,0x00,0x03,0xff,0xe1,0x00,0x00,0x00,0x00,0x00,0x00,0xcf,
0xf6,0x00,0x00,0x00,0x00,0x00,0x00,0x6f,0xfc,0x00,0x00,0x00,0x00,0x00,0x00,0x1e,0xff,0x30,0x00,0x00,0x00,0x00,0x00,0x0a,
0xff,0x80,0x00,0x00,0x00,0x00,0x00,0x04,0xff,0xe0,0x00,0x00,0x00,0x00,0x00,0x00,0xdf,0xf5,0x00,0x00,0x00,0x00,0x00,0x00,
0x7f,0xfb,0x00,0x00,0x00,0x00,0x00,0x00,0x1f,0xff,0x20,0x00,0x00,0x00,0x00,0x00,0x0b,0xff,0x70,0x00,0x00,0x00,0x00,0x00,
0x05,0xff,0xd0,0x00,0x00,0x00,0x00,0x00,0x00,0xef,0xf4,0x00,0x00,0x00,0x00,0x00,0x00,0x8f,0xfa,0x00,0x00,0x00,0x00,0x00,
0x00,0x2f,0xff,0x10,0x00,0x00,0x00,0x00,0x00,0x0c,0xff,0x70,0x00,0x00,0x00,0x00,0x00,0x06,0xff,0xc0,0x00,0x00,0x00,0x00,
0x00,0x01,0xef,0xf3,0x00,0x00,0x00,0x00,0x00,0x00,0x7f,0xf9,0x00,0x00,0x00,0x00,0x00,0x00,0x04,0x76,0x00,0x3f,0xff,0xff,
0xf6,0x00,0x3f,0xff,0xff,0xf6,0x00,0x1d,0xff,0xff,0xf6,0x00,0x00,0x00,0xef,0xf6,0x00,0x00,0x00,0xef,0xf6,0x00,0x00,0x00,
0xef,0xf6,0x00,0x00,0x00,0xef,0xf6,0x00,0x00,0x00,0xef,0xf6,0x00,0x00,0x00,0xef,0xf6,0x00,0x00,0x00,0xef,0xf6,0x00,0x00,
0x00,0xef,0xf6,0x00,0x00,0x00,0xef,0xf6,0x00,0x00,0x00,0xef,0xf6,0x00,0x00,0x00,0xef,0xf6,0x00,0x00,0x00,0xef,0xf6,0x00,
0x00,0x00,0xef,0xf6,0x00,0x00,0x00,0xef,0xf6,0x00,0x00,0x00,0xef,0xf6,0x00,0x00,0x00,0xef,0xf6,0x00,0x00,0x00,0xef,0xf6,
0x00,0x00,0x00,0xef,0xf6,0x00,0x00,0x00,0xef,0xf6,0x00,0x00,0x00,0xef,0xf6,0x00,0x00,0x00,0xef,0xf6,0x00,0x00,0x00,0xef,
0xf6,0x00,0x00,0x00,0xef,0xf6,0x00,0x00,0x00,0xef,0xf6,0x00,0x1d,0xff,0xff,0xf6,0x00,0x3f,0xff,0xff,0xf6,0x00,0x3f,0xff,
0xff,0xf6,0x00,0x00,0x00,0x00,0x05,0xff,0xb0,0x00,0x00,0x00,0x00,0x00,0x00,0x00,0x0c,0xff,0xf4,0x00,0x00,0x00,0x00,0x00,
0x00,0x00,0x5f,0xff,0xfc,0x00,0x00,0x00,0x00,0x00,0x00,0x00,0xdf,0xff,0xff,0x50,0x00,0x00,0x00,0x00,0x00,0x05,0xff,0xe7,
0xff,0xc0,0x00,0x00,0x00,0x00,0x00,0x0d,0xff,0x91,0xef,0xf5,0x00,0x00,0x00,0x00,0x00,0x6f,0xff,0x20,0x8f,0xfd,0x00,0x00,
0x00,0x00,0x00,0xdf,0xfa,0x00,0x1e,0xff,0x60,0x00,0x00,0x00,0x06,0xff,0xf3,0x00,0x08,0xff,0xd0,0x00,0x00,0x00,0x0d,0xff,
0xb0,0x00,0x01,0xef,0xf6,0x00,0x00,0x00,0x6f,0xff,0x40,0x00,0x00,0x8f,0xfe,0x10,0x00,0x00,0xdf,0xfc,0x00,0x00,0x00,0x1e,
0xff,0x70,0x00,0x02,0x77,0x72,0x00,0x00,0x00,0x04,0x77,0x60,0x00,0x00,0x00,0x00,0x00,0x00,0x00,0x00,0x00,0x00,0x00,0x00,
0x00,0x00,0x00,0x00,0x00,0x00,0x00,0x00,0x00,0x00,0x00,0x00,0x00,0x00,0x00,0x00,0x00,0x00,0x00,0x00,0x00,0x00,0x00,0x00,
0x00,0x00,0x00,0x00,0x00,0x00,0x00,0x00,0x00,0x00,0x00,0x00,0x00,0x00,0x00,0x00,0x00,0x00,0x00,0x00,0x00,0x00,0x00,0x00,
0x00,0x00,0x00,0x00,0x00,0x00,0x00,0x00,0x00,0x00,0x00,0x00,0x00,0x00,0x00,0x00,0x00,0x00,0x00,0x00,0x00,0x00,0x00,0x00,
0x00,0x00,0x00,0x00,0x00,0x00,0x00,0x00,0x00,0x00,0x00,0x00,0x00,0x00,0x00,0x00,0x00,0x00,0x00,0x00,0x00,0x00,0x00,0x00,
0x00,0x00,0x00,0x00,0x00,0x00,0x00,0x00,0x00,0x00,0x00,0x00,0x00,0x00,0x00,0x00,0x00,0x00,0x00,0x0d,0xff,0xff,0xff,0xff,
0xff,0xfc,0x00,0x0d,0xff,0xff,0xff,0xff,0xff,0xfc,0x00,0x0d,0xff,0xff,0xff,0xff,0xff,0xfc,0x00,0x04,0xff,0xfe,0x30,0x00,
0x00,0x00,0x00,0x6f,0xff,0xc0,0x00,0x00,0x00,0x00,0x07,0xff,0xf6,0x00,0x00,0x00,0x00,0x00,0x9f,0xfe,0x10,0x00,0x00,0x00,
0x00,0x09,0xef,0x70,0x00,0x00,0x00,0x00,0x00,0x00,0x00,0x00,0x00,0x00,0x00,0x00,0x00,0x00,0x00,0x00,0x00,0x00,0x00,0x00,
0x00,0x00,0x00,0x00,0x00,0x00,0x00,0x00,0x00,0x00,0x00,0x00,0x00,0x00,0x00,0x00,0x00,0x00,0x00,0x00,0x00,0x00,0x00,0x00,
0x00,0x00,0x00,0x00,0x00,0x00,0x00,0x00,0x00,0x00,0x00,0x00,0x00,0x00,0x00,0x00,0x00,0x00,0x00,0x00,0x00,0x00,0x00,0x00,
0x00,0x00,0x00,0x00,0x00,0x00,0x00,0x00,0x00,0x00,0x00,0x00,0x00,0x00,0x00,0x00,0x00,0x00,0x00,0x00,0x00,0x00,0x00,0x00,
0x00,0x00,0x00,0x00,0x00,0x00,0x00,0x00,0x00,0x00,0x00,0x00,0x00,0x00,0x00,0x00,0x00,0x00,0x00,0x00,0x00,0x00,0x00,0x00,
0x00,0x00,0x00,0x00,0x00,0x00,0x00,0x00,0x00,0x00,0x00,0x00,0x00,0x00,0x00,0x00,0x00,0x00,0x00,0x00,0x00,0x49,0xce,0xfd,
0xa3,0x00,0x00,0x00,0x3c,0xff,0xff,0xff,0xff,0x80,0x00,0x03,0xff,0xff,0xff,0xff,0xff,0xf6,0x00,0x00,0xcf,0xe8,0x30,0x27,
0xff,0xfd,0x00,0x00,0x15,0x10,0x00,0x00,0xaf,0xff,0x30,0x00,0x00,0x00,0x00,0x00,0x7f,0xff,0x60,0x00,0x00,0x00,0x00,0x00,
0x6f,0xff,0x70,0x00,0x00,0x15,0x9c,0xde,0xff,0xff,0x70,0x00,0x19,0xef,0xff,0xff,0xff,0xff,0x70,0x02,0xdf,0xff,0xff,0xff,
0xff,0xff,0x70,0x0a,0xff,0xfd,0x74,0x21,0x6f,0xff,0x70,0x1f,0xff,0xc1,0x00,0x00,0x6f,0xff,0x70,0x3f,0xff,0x90,0x00,0x00,
0x8f,0xff,0x70,0x1f,0xff,0xe4,0x01,0x4b,0xff,0xff,0x70,0x0c,0xff,0xff,0xff,0xff,0xdf,0xff,0x70,0x03,0xef,0xff,0xff,0xfc,
0x1c,0xff,0x70,0x00,0x2a,0xef,0xeb,0x50,0x06,0xef,0x70,0x01,0xff,0xfe,0x00,0x00,0x00,0x00,0x00,0x00,0x01,0xff,0xfe,0x00,
0x00,0x00,0x00,0x00,0x00,0x01,0xff,0xfe,0x00,0x00,0x00,0x00,0x00,0x00,0x01,0xff,0xfe,0x00,0x00,0x00,0x00,0x00,0x00,0x01,
0xff,0xfe,0x00,0x00,0x00,0x00,0x00,0x00,0x01,0xff,0xfe,0x00,0x00,0x00,0x00,0x00,0x00,0x01,0xff,0xfe,0x00,0x00,0x00,0x00,
0x00,0x00,0x01,0xff,0xfe,0x01,0x8d,0xee,0xb5,0x00,0x00,0x01,0xff,0xfe,0x5e,0xff,0xff,0xff,0xa0,0x00,0x01,0xff,0xff,0xff,
0xff,0xff,0xff,0xf8,0x00,0x01,0xff,0xff,0xf9,0x20,0x2a,0xff,0xff,0x20,0x01,0xff,0xff,0x70,0x00,0x00,0xcf,0xff,0x80,0x01,
0xff,0xfe,0x00,0x00,0x00,0x5f,0xff,0xc0,0x01,0xff,0xfe,0x00,0x00,0x00,0x2f,0xff,0xe0,0x01,0xff,0xfe,0x00,0x00,0x00,0x1f,
0xff,0xf0,0x01,0xff,0xfe,0x00,0x00,0x00,0x1f,0xff,0xf0,0x01,0xff,0xfe,0x00,0x00,0x00,0x1f,0xff,0xf0,0x01,0xff,0xfe,0x00,
0x00,0x00,0x4f,0xff,0xc0,0x01,0xff,0xfe,0x00,0x00,0x00,0x8f,0xff,0x90,0x01,0xff,0xfe,0x10,0x00,0x01,0xef,0xff,0x40,0x01,
0xff,0xff,0xd5,0x11,0x4d,0xff,0xfc,0x00,0x01,0xff,0xff,0xff,0xff,0xff,0xff,0xe3,0x00,0x01,0xff,0xfa,0xbf,0xff,0xff,0xfe,
0x40,0x00,0x01,0xff,0xf5,0x06,0xce,0xec,0x81,0x00,0x00,0x00,0x00,0x04,0x9d,0xee,0xd9,0x40,0x00,0x00,0x01,0xbf,0xff,0xff,
0xff,0xfb,0x10,0x00,0x1d,0xff,0xff,0xff,0xff,0xff,0x80,0x00,0xaf,0xff,0xe6,0x10,0x39,0xfc,0x10,0x02,0xff,0xff,0x30,0x00,
0x00,0x11,0x00,0x07,0xff,0xf9,0x00,0x00,0x00,0x00,0x00,0x0b,0xff,0xf5,0x00,0x00,0x00,0x00,0x00,0x0d,0xff,0xf3,0x00,0x00,
0x00,0x00,0x00,0x0e,0xff,0xf2,0x00,0x00,0x00,0x00,0x00,0x0d,0xff,0xf3,0x00,0x00,0x00,0x00,0x00,0x0b,0xff,0xf5,0x00,0x00,
0x00,0x00,0x00,0x07,0xff,0xfa,0x00,0x00,0x00,0x00,0x00,0x02,0xff,0xff,0x30,0x00,0x00,0x45,0x00,0x00,0xaf,0xff,0xe6,0x10,
0x3a,0xff,0x40,0x00,0x1d,0xff,0xff,0xff,0xff,0xff,0x90,0x00,0x02,0xcf,0xff,0xff,0xff,0xf8,0x00,0x00,0x00,0x05,0xbe,0xfe,
0xc8,0x20,0x00,0x00,0x00,0x00,0x00,0x00,0x00,0xbf,0xff,0x30,0x00,0x00,0x00,0x00,0x00,0x00,0xbf,0xff,0x30,0x00,0x00,0x00,
0x00,0x00,0x00,0xbf,0xff,0x30,0x00,0x00,0x00,0x00,0x00,0x00,0xbf,0xff,0x30,0x00,0x00,0x00,0x00,0x00,0x00,0xbf,0xff,0x30,
0x00,0x00,0x00,0x00,0x00,0x00,0xbf,0xff,0x30,0x00,0x00,0x00,0x00,0x00,0x00,0xbf,0xff,0x30,0x00,0x00,0x06,0xce,0xfd,0x81,
0xbf,0xff,0x30,0x00,0x02,0xdf,0xff,0xff,0xfd,0xdf,0xff,0x30,0x00,0x1d,0xff,0xff,0xff,0xff,0xff,0xff,0x30,0x00,0xaf,0xff,
0xe6,0x11,0x4c,0xff,0xff,0x30,0x02,0xff,0xff,0x30,0x00,0x01,0xdf,0xff,0x30,0x07,0xff,0xfa,0x00,0x00,0x00,0xbf,0xff,0x30,
0x0a,0xff,0xf6,0x00,0x00,0x00,0xbf,0xff,0x30,0x0c,0xff,0xf4,0x00,0x00,0x00,0xbf,0xff,0x30,0x0d,0xff,0xf3,0x00,0x00,0x00,
0xbf,0xff,0x30,0x0d,0xff,0xf3,0x00,0x00,0x00,0xbf,0xff,0x30,0x0b,0xff,0xf5,0x00,0x00,0x00,0xbf,0xff,0x30,0x09,0xff,0xf8,
0x00,0x00,0x00,0xbf,0xff,0x30,0x05,0xff,0xfd,0x10,0x00,0x04,0xef,0xff,0x30,0x00,0xef,0xff,0xb3,0x02,0x7f,0xff,0xff,0x30,
0x00,0x6f,0xff,0xff,0xff,0xff,0xef,0xff,0x30,0x00,0x08,0xff,0xff,0xff,0xf7,0x5f,0xff,0x30,0x00,0x00,0x4b,0xef,0xd9,0x20,
0x1d,0xff,0x30,0x00,0x00,0x04,0x9d,0xee,0xd9,0x20,0x00,0x00,0x00,0x01,0xbf,0xff,0xff,0xff,0xf8,0x00,0x00,0x00,0x1d,0xff,
0xff,0xff,0xff,0xff,0x70,0x00,0x00,0xaf,0xff,0xb4,0x11,0x4c,0xff,0xf2,0x00,0x03,0xff,0xfb,0x00,0x00,0x01,0xdf,0xf9,0x00,
0x08,0xff,0xf4,0x00,0x00,0x00,0x8f,0xfd,0x00,0x0c,0xff,0xff,0xff,0xff,0xff,0xff,0xff,0x00,0x0d,0xff,0xff,0xff,0xff,0xff,
0xff,0xff,0x10,0x0e,0xff,0xff,0xff,0xff,0xff,0xff,0xfd,0x00,0x0d,0xff,0xf1,0x00,0x00,0x00,0x00,0x00,0x00,0x0b,0xff,0xf4,
0x00,0x00,0x00,0x00,0x00,0x00,0x07,0xff,0xf9,0x00,0x00,0x00,0x00,0x00,0x00,0x02,0xff,0xff,0x30,0x00,0x00,0x04,0x40,0x00,
0x00,0x8f,0xff,0xe6,0x20,0x16,0xcf,0xf4,0x00,0x00,0x0c,0xff,0xff,0xff,0xff,0xff,0xf9,0x00,0x00,0x01,0xaf,0xff,0xff,0xff,
0xff,0x80,0x00,0x00,0x00,0x03,0x9d,0xef,0xeb,0x72,0x00,0x00,0x00,0x00,0x01,0x8c,0xef,0xd4,0x00,0x00,0x3e,0xff,0xff,0xf4,
0x00,0x01,0xef,0xff,0xff,0xe2,0x00,0x07,0xff,0xfc,0x41,0x00,0x00,0x0b,0xff,0xf3,0x00,0x00,0x00,0x0d,0xff,0xe0,0x00,0x00,
0x00,0x0d,0xff,0xe0,0x00,0x00,0x5f,0xff,0xff,0xff,0xff,0xf3,0x5f,0xff,0xff,0xff,0xff,0xf3,0x2b,0xff,0xff,0xff,0xff,0xf3,
0x00,0x0e,0xff,0xf1,0x00,0x00,0x00,0x0d,0xff,0xf1,0x00,0x00,0x00,0x0d,0xff,0xf1,0x00,0x00,0x00,0x0d,0xff,0xf1,0x00,0x00,
0x00,0x0d,0xff,0xf1,0x00,0x00,0x00,0x0d,0xff,0xf1,0x00,0x00,0x00,0x0d,0xff,0xf1,0x00,0x00,0x00,0x0d,0xff,0xf1,0x00,0x00,
0x00,0x0d,0xff,0xf1,0x00,0x00,0x00,0x0d,0xff,0xf1,0x00,0x00,0x00,0x0d,0xff,0xf1,0x00,0x00,0x00,0x0d,0xff,0xf1,0x00,0x00,
0x00,0x0d,0xff,0xf1,0x00,0x00,0x00,0x0d,0xff,0xf1,0x00,0x00,0x00,0x00,0x5a,0xdf,0xec,0x82,0x11,0x11,0x00,0x00,0x1c,0xff,
0xff,0xff,0xff,0xff,0xff,0x50,0x00,0xcf,0xff,0xff,0xff,0xff,0xff,0xff,0x40,0x05,0xff,0xfc,0x31,0x14,0xdf,0xff,0x73,0x00,
0x08,0xff,0xf2,0x00,0x00,0x4f,0xff,0x40,0x00,0x07,0xff,0xf2,0x00,0x00,0x4f,0xff,0x50,0x00,0x03,0xff,0xfc,0x41,0x14,0xdf,
0xff,0x20,0x00,0x00,0xaf,0xff,0xff,0xff,0xff,0xfa,0x00,0x00,0x00,0x08,0xff,0xff,0xff,0xff,0xa1,0x00,0x00,0x00,0x0a,0xff,
0xdf,0xfd,0x94,0x00,0x00,0x00,0x00,0x9f,0xf8,0x00,0x00,0x00,0x00,0x00,0x00,0x00,0xef,0xfb,0x31,0x00,0x00,0x00,0x00,0x00,
0x00,0xef,0xff,0xff,0xff,0xec,0xa5,0x00,0x00,0x00,0x7f,0xff,0xff,0xff,0xff,0xff,0xd2,0x00,0x00,0x5e,0xfe,0xef,0xff,0xff,
0xff,0xfb,0x00,0x07,0xff,0xd2,0x00,0x01,0x27,0xff,0xff,0x00,0x1f,0xff,0x50,0x00,0x00,0x00,0xaf,0xff,0x00,0x3f,0xff,0x60,
0x00,0x00,0x00,0xcf,0xfc,0x00,0x1f,0xff,0xe6,0x20,0x01,0x4b,0xff,0xf6,0x00,0x08,0xff,0xff,0xff,0xff,0xff,0xff,0xa0,0x00,
0x00,0x8f,0xff,0xff,0xff,0xff,0xf7,0x00,0x00,0x00,0x02,0x7b,0xef,0xfe,0xb7,0x10,0x00,0x00,0x01,0xff,0xfe,0x00,0x00,0x00,
0x00,0x00,0x00,0x01,0xff,0xfe,0x00,0x00,0x00,0x00,0x00,0x00,0x01,0xff,0xfe,0x00,0x00,0x00,0x00,0x00,0x00,0x01,0xff,0xfe,
0x00,0x00,0x00,0x00,0x00,0x00,0x01,0xff,0xfe,0x00,0x00,0x00,0x00,0x00,0x00,0x01,0xff,0xfe,0x00,0x00,0x00,0x00,0x00,0x00,
0x01,0xff,0xfe,0x00,0x00,0x00,0x00,0x00,0x00,0x01,0xff,0xfe,0x03,0x9d,0xfe,0xb4,0x00,0x00,0x01,0xff,0xfe,0x7f,0xff,0xff,
0xff,0x80,0x00,0x01,0xff,0xff,0xff,0xff,0xff,0xff,0xf4,0x00,0x01,0xff,0xff,0xf9,0x31,0x3c,0xff,0xfc,0x00,0x01,0xff,0xff,
0x50,0x00,0x01,0xff,0xff,0x10,0x01,0xff,0xfe,0x00,0x00,0x00,0xcf,0xff,0x30,0x01,0xff,0xfe,0x00,0x00,0x00,0xbf,0xff,0x40,
0x01,0xff,0xfe,0x00,0x00,0x00,0xbf,0xff,0x40,0x01,0xff,0xfe,0x00,0x00,0x00,0xbf,0xff,0x40,0x01,0xff,0xfe,0x00,0x00,0x00,
0xbf,0xff,0x40,0x01,0xff,0xfe,0x00,0x00,0x00,0xbf,0xff,0x40,0x01,0xff,0xfe,0x00,0x00,0x00,0xbf,0xff,0x40,0x01,0xff,0xfe,
0x00,0x00,0x00,0xbf,0xff,0x40,0x01,0xff,0xfe,0x00,0x00,0x00,0xbf,0xff,0x40,0x01,0xff,0xfe,0x00,0x00,0x00,0xbf,0xff,0x40,
0x01,0xff,0xfe,0x00,0x00,0x00,0xbf,0xff,0x40,0x01,0xff,0xfe,0x00,0x00,0x00,0xbf,0xff,0x40,0x00,0x6d,0xe7,0x00,0x03,0xff,
0xff,0x50,0x06,0xff,0xff,0x80,0x03,0xff,0xff,0x50,0x00,0x6d,0xe7,0x00,0x00,0x00,0x00,0x00,0x00,0x00,0x00,0x00,0x00,0xef,
0xff,0x10,0x00,0xef,0xff,0x10,0x00,0xef,0xff,0x10,0x00,0xef,0xff,0x10,0x00,0xef,0xff,0x10,0x00,0xef,0xff,0x10,0x00,0xef,
0xff,0x10,0x00,0xef,0xff,0x10,0x00,0xef,0xff,0x10,0x00,0xef,0xff,0x10,0x00,0xef,0xff,0x10,0x00,0xef,0xff,0x10,0x00,0xef,
0xff,0x10,0x00,0xef,0xff,0x10,0x00,0xef,0xff,0x10,0x00,0xef,0xff,0x10,0x00,0xef,0xff,0x10,0x00,0x00,0x6d,0xe7,0x00,0x00,
0x03,0xff,0xff,0x50,0x00,0x06,0xff,0xff,0x80,0x00,0x03,0xff,0xff,0x50,0x00,0x00,0x6d,0xe7,0x00,0x00,0x00,0x00,0x00,0x00,
0x00,0x00,0x00,0x00,0x00,0x00,0x00,0xef,0xff,0x10,0x00,0x00,0xef,0xff,0x10,0x00,0x00,0xef,0xff,0x10,0x00,0x00,0xef,0xff,
0x10,0x00,0x00,0xef,0xff,0x10,0x00,0x00,0xef,0xff,0x10,0x00,0x00,0xef,0xff,0x10,0x00,0x00,0xef,0xff,0x10,0x00,0x00,0xef,
0xff,0x10,0x00,0x00,0xef,0xff,0x10,0x00,0x00,0xef,0xff,0x10,0x00,0x00,0xef,0xff,0x10,0x00,0x00,0xef,0xff,0x10,0x00,0x00,
0xef,0xff,0x10,0x00,0x00,0xef,0xff,0x10,0x00,0x00,0xef,0xff,0x10,0x00,0x00,0xef,0xff,0x10,0x00,0x00,0xff,0xff,0x00,0x00,
0x18,0xff,0xfd,0x00,0x1e,0xff,0xff,0xf7,0x00,0x2f,0xff,0xff,0xb0,0x00,0x2d,0xfe,0xc7,0x00,0x00,0x01,0xff,0xfe,0x00,0x00,
0x00,0x00,0x00,0x00,0x01,0xff,0xfe,0x00,0x00,0x00,0x00,0x00,0x00,0x01,0xff,0xfe,0x00,0x00,0x00,0x00,0x00,0x00,0x01,0xff,
0xfe,0x00,0x00,0x00,0x00,0x00,0x00,0x01,0xff,0xfe,0x00,0x00,0x00,0x00,0x00,0x00,0x01,0xff,0xfe,0x00,0x00,0x00,0x00,0x00,
0x00,0x01,0xff,0xfe,0x00,0x00,0x00,0x00,0x00,0x00,0x01,0xff,0xfe,0x00,0x00,0x01,0xbf,0xff,0x70,0x01,0xff,0xfe,0x00,0x00,
0x0b,0xff,0xfa,0x00,0x01,0xff,0xfe,0x00,0x00,0x6f,0xff,0xd1,0x00,0x01,0xff,0xfe,0x00,0x03,0xff,0xff,0x30,0x00,0x01,0xff,
0xfe,0x00,0x1d,0xff,0xf7,0x00,0x00,0x01,0xff,0xfe,0x00,0x9f,0xff,0xb0,0x00,0x00,0x01,0xff,0xfe,0x06,0xff,0xfd,0x10,0x00,
0x00,0x01,0xff,0xff,0xff,0xff,0xe3,0x00,0x00,0x00,0x01,0xff,0xff,0xff,0xff,0xd2,0x00,0x00,0x00,0x01,0xff,0xff,0xff,0xff,
0xfb,0x00,0x00,0x00,0x01,0xff,0xfe,0x03,0xef,0xff,0x70,0x00,0x00,0x01,0xff,0xfe,0x00,0x5f,0xff,0xf3,0x00,0x00,0x01,0xff,
0xfe,0x00,0x09,0xff,0xfd,0x10,0x00,0x01,0xff,0xfe,0x00,0x01,0xdf,0xff,0x90,0x00,0x01,0xff,0xfe,0x00,0x00,0x3f,0xff,0xf5,
0x00,0x01,0xff,0xfe,0x00,0x00,0x07,0xff,0xfe,0x20,0x01,0xff,0xfe,0x00,0x00,0x00,0x9f,0xff,0xb0,0x00,0xff,0xfe,0x00,0x00,
0xff,0xfe,0x00,0x00,0xff,0xfe,0x00,0x00,0xff,0xfe,0x00,0x00,0xff,0xfe,0x00,0x00,0xff,0xfe,0x00,0x00,0xff,0xfe,0x00,0x00,
0xff,0xfe,0x00,0x00,0xff,0xfe,0x00,0x00,0xff,0xfe,0x00,0x00,0xff,0xfe,0x00,0x00,0xff,0xfe,0x00,0x00,0xff,0xfe,0x00,0x00,
0xff,0xfe,0x00,0x00,0xff,0xfe,0x00,0x00,0xff,0xfe,0x00,0x00,0xff,0xfe,0x00,0x00,0xff,0xfe,0x00,0x00,0xff,0xfe,0x00,0x00,
0xff,0xfe,0x00,0x00,0xff,0xfe,0x00,0x00,0xff,0xfe,0x00,0x00,0xff,0xfe,0x00,0x00,0xff,0xfe,0x00,0x01,0xff,0xe3,0x05,0xbe,
0xeb,0x30,0x00,0x5b,0xef,0xda,0x30,0x00,0x00,0x01,0xff,0xf8,0xbf,0xff,0xff,0xf4,0x0a,0xff,0xff,0xff,0xf5,0x00,0x00,0x01,
0xff,0xff,0xff,0xff,0xff,0xfc,0x8f,0xff,0xff,0xff,0xfe,0x20,0x00,0x01,0xff,0xff,0xe6,0x12,0x8f,0xff,0xff,0xb3,0x14,0xdf,
0xff,0x80,0x00,0x01,0xff,0xff,0x30,0x00,0x0c,0xff,0xfd,0x00,0x00,0x4f,0xff,0xc0,0x00,0x01,0xff,0xfe,0x00,0x00,0x09,0xff,
0xf9,0x00,0x00,0x0f,0xff,0xe0,0x00,0x01,0xff,0xfe,0x00,0x00,0x08,0xff,0xf7,0x00,0x00,0x0e,0xff,0xf0,0x00,0x01,0xff,0xfe,
0x00,0x00,0x08,0xff,0xf7,0x00,0x00,0x0e,0xff,0xf0,0x00,0x01,0xff,0xfe,0x00,0x00,0x08,0xff,0xf7,0x00,0x00,0x0e,0xff,0xf0,
0x00,0x01,0xff,0xfe,0x00,0x00,0x08,0xff,0xf7,0x00,0x00,0x0e,0xff,0xf0,0x00,0x01,0xff,0xfe,0x00,0x00,0x08,0xff,0xf7,0x00,
0x00,0x0e,0xff,0xf0,0x00,0x01,0xff,0xfe,0x00,0x00,0x08,0xff,0xf7,0x00,0x00,0x0e,0xff,0xf0,0x00,0x01,0xff,0xfe,0x00,0x00,
0x08,0xff,0xf7,0x00,0x00,0x0e,0xff,0xf0,0x00,0x01,0xff,0xfe,0x00,0x00,0x08,0xff,0xf7,0x00,0x00,0x0e,0xff,0xf0,0x00,0x01,
0xff,0xfe,0x00,0x00,0x08,0xff,0xf7,0x00,0x00,0x0e,0xff,0xf0,0x00,0x01,0xff,0xfe,0x00,0x00,0x08,0xff,0xf7,0x00,0x00,0x0e,
0xff,0xf0,0x00,0x01,0xff,0xfe,0x00,0x00,0x08,0xff,0xf7,0x00,0x00,0x0e,0xff,0xf0,0x00,0x01,0xff,0xe3,0x06,0xce,0xfe,0xb4,
0x00,0x00,0x01,0xff,0xf9,0xbf,0xff,0xff,0xff,0x80,0x00,0x01,0xff,0xff,0xff,0xff,0xff,0xff,0xf4,0x00,0x01,0xff,0xff,0xf9,
0x31,0x3c,0xff,0xfc,0x00,0x01,0xff,0xff,0x50,0x00,0x01,0xff,0xff,0x10,0x01,0xff,0xfe,0x00,0x00,0x00,0xcf,0xff,0x30,0x01,
0xff,0xfe,0x00,0x00,0x00,0xbf,0xff,0x40,0x01,0xff,0xfe,0x00,0x00,0x00,0xbf,0xff,0x40,0x01,0xff,0xfe,0x00,0x00,0x00,0xbf,
0xff,0x40,0x01,0xff,0xfe,0x00,0x00,0x00,0xbf,0xff,0x40,0x01,0xff,0xfe,0x00,0x00,0x00,0xbf,0xff,0x40,0x01,0xff,0xfe,0x00,
0x00,0x00,0xbf,0xff,0x40,0x01,0xff,0xfe,0x00,0x00,0x00,0xbf,0xff,0x40,0x01,0xff,0xfe,0x00,0x00,0x00,0xbf,0xff,0x40,0x01,
0xff,0xfe,0x00,0x00,0x00,0xbf,0xff,0x40,0x01,0xff,0xfe,0x00,0x00,0x00,0xbf,0xff,0x40,0x01,0xff,0xfe,0x00,0x00,0x00,0xbf,
0xff,0x40,0x00,0x00,0x03,0x9d,0xef,0xda,0x60,0x00,0x00,0x00,0x01,0xaf,0xff,0xff,0xff,0xfd,0x30,0x00,0x00,0x1c,0xff,0xff,
0xff,0xff,0xff,0xf4,0x00,0x00,0x9f,0xff,0xd5,0x10,0x3a,0xff,0xfe,0x10,0x02,0xff,0xff,0x20,0x00,0x00,0xbf,0xff,0x80,0x07,
0xff,0xf9,0x00,0x00,0x00,0x3f,0xff,0xd0,0x0b,0xff,0xf5,0x00,0x00,0x00,0x0e,0xff,0xf2,0x0d,0xff,0xf3,0x00,0x00,0x00,0x0c,
0xff,0xf4,0x0e,0xff,0xf2,0x00,0x00,0x00,0x0c,0xff,0xf4,0x0d,0xff,0xf3,0x00,0x00,0x00,0x0c,0xff,0xf3,0x0b,0xff,0xf5,0x00,
0x00,0x00,0x0e,0xff,0xf2,0x07,0xff,0xf9,0x00,0x00,0x00,0x3f,0xff,0xd0,0x02,0xff,0xff,0x20,0x00,0x00,0xbf,0xff,0x80,0x00,
0x9f,0xff,0xd5,0x10,0x3a,0xff,0xfe,0x10,0x00,0x1c,0xff,0xff,0xff,0xff,0xff,0xf4,0x00,0x00,0x01,0xaf,0xff,0xff,0xff,0xfd,
0x30,0x00,0x00,0x00,0x03,0x9d,0xef,0xdb,0x60,0x00,0x00,0x01,0xff,0xe3,0x03,0x9d,0xee,0xc6,0x00,0x00,0x01,0xff,0xf8,0x7f,
0xff,0xff,0xff,0xa0,0x00,0x01,0xff,0xfe,0xff,0xff,0xff,0xff,0xf8,0x00,0x01,0xff,0xff,0xf9,0x30,0x2a,0xff,0xff,0x20,0x01,
0xff,0xff,0x70,0x00,0x00,0xcf,0xff,0x70,0x01,0xff,0xfe,0x00,0x00,0x00,0x6f,0xff,0xb0,0x01,0xff,0xfe,0x00,0x00,0x00,0x3f,
0xff,0xe0,0x01,0xff,0xfe,0x00,0x00,0x00,0x1f,0xff,0xf0,0x01,0xff,0xfe,0x00,0x00,0x00,0x1f,0xff,0xf1,0x01,0xff,0xfe,0x00,
0x00,0x00,0x1f,0xff,0xf0,0x01,0xff,0xfe,0x00,0x00,0x00,0x4f,0xff,0xd0,0x01,0xff,0xfe,0x00,0x00,0x00,0x8f,0xff,0xa0,0x01,
0xff,0xfe,0x10,0x00,0x01,0xef,0xff,0x40,0x01,0xff,0xff,0xd5,0x11,0x4d,0xff,0xfc,0x00,0x01,0xff,0xff,0xff,0xff,0xff,0xff,
0xe3,0x00,0x01,0xff,0xfe,0xdf,0xff,0xff,0xfe,0x40,0x00,0x01,0xff,0xfe,0x18,0xce,0xec,0x81,0x00,0x00,0x01,0xff,0xfe,0x00,
0x00,0x00,0x00,0x00,0x00,0x01,0xff,0xfe,0x00,0x00,0x00,0x00,0x00,0x00,0x01,0xff,0xfe,0x00,0x00,0x00,0x00,0x00,0x00,0x01,
0xff,0xfe,0x00,0x00,0x00,0x00,0x00,0x00,0x01,0xff,0xfe,0x00,0x00,0x00,0x00,0x00,0x00,0x00,0x00,0x06,0xce,0xfd,0x81,0x1d,
0xff,0x30,0x00,0x02,0xdf,0xff,0xff,0xfe,0x9f,0xff,0x30,0x00,0x1d,0xff,0xff,0xff,0xff,0xff,0xff,0x30,0x00,0xaf,0xff,0xe6,
0x11,0x4c,0xff,0xff,0x30,0x02,0xff,0xff,0x30,0x00,0x01,0xdf,0xff,0x30,0x07,0xff,0xfa,0x00,0x00,0x00,0xbf,0xff,0x30,0x0a,
0xff,0xf6,0x00,0x00,0x00,0xbf,0xff,0x30,0x0c,0xff,0xf4,0x00,0x00,0x00,0xbf,0xff,0x30,0x0d,0xff,0xf3,0x00,0x00,0x00,0xbf,
0xff,0x30,0x0d,0xff,0xf3,0x00,0x00,0x00,0xbf,0xff,0x30,0x0b,0xff,0xf5,0x00,0x00,0x00,0xbf,0xff,0x30,0x09,0xff,0xf8,0x00,
0x00,0x00,0xbf,0xff,0x30,0x05,0xff,0xfd,0x10,0x00,0x04,0xef,0xff,0x30,0x00,0xef,0xff,0xb3,0x02,0x7f,0xff,0xff,0x30,0x00,
0x6f,0xff,0xff,0xff,0xff,0xff,0xff,0x30,0x00,0x08,0xff,0xff,0xff,0xf7,0xbf,0xff,0x30,0x00,0x00,0x4b,0xef,0xd9,0x20,0xbf,
0xff,0x30,0x00,0x00,0x00,0x00,0x00,0x00,0xbf,0xff,0x30,0x00,0x00,0x00,0x00,0x00,0x00,0xbf,0xff,0x30,0x00,0x00,0x00,0x00,
0x00,0x00,0xbf,0xff,0x30,0x00,0x00,0x00,0x00,0x00,0x00,0xbf,0xff,0x30,0x00,0x00,0x00,0x00,0x00,0x00,0xbf,0xff,0x30,0x01,
0xff,0xe4,0x04,0xbe,0xfa,0x01,0xff,0xf8,0x5f,0xff,0xfb,0x01,0xff,0xfb,0xef,0xff,0xfa,0x01,0xff,0xff,0xff,0xff,0xf7,0x01,
0xff,0xff,0xf9,0x20,0x00,0x01,0xff,0xff,0x90,0x00,0x00,0x01,0xff,0xfe,0x10,0x00,0x00,0x01,0xff,0xfe,0x00,0x00,0x00,0x01,
0xff,0xfe,0x00,0x00,0x00,0x01,0xff,0xfe,0x00,0x00,0x00,0x01,0xff,0xfe,0x00,0x00,0x00,0x01,0xff,0xfe,0x00,0x00,0x00,0x01,
0xff,0xfe,0x00,0x00,0x00,0x01,0xff,0xfe,0x00,0x00,0x00,0x01,0xff,0xfe,0x00,0x00,0x00,0x01,0xff,0xfe,0x00,0x00,0x00,0x01,
0xff,0xfe,0x00,0x00,0x00,0x00,0x01,0x7c,0xef,0xeb,0x60,0x00,0x00,0x3e,0xff,0xff,0xff,0xfd,0x30,0x01,0xef,0xff,0xff,0xff,
0xff,0x90,0x07,0xff,0xfb,0x20,0x26,0xcd,0x10,0x0a,0xff,0xf2,0x00,0x00,0x00,0x00,0x0a,0xff,0xf5,0x00,0x00,0x00,0x00,0x07,
0xff,0xff,0x93,0x00,0x00,0x00,0x01,0xdf,0xff,0xff,0xd8,0x20,0x00,0x00,0x2b,0xff,0xff,0xff,0xf7,0x00,0x00,0x00,0x39,0xef,
0xff,0xff,0x60,0x00,0x00,0x00,0x04,0xbf,0xff,0xd0,0x00,0x00,0x00,0x00,0x0c,0xff,0xf0,0x00,0x31,0x00,0x00,0x0c,0xff,0xe0,
0x06,0xfe,0x82,0x02,0x8f,0xff,0xa0,0x1e,0xff,0xff,0xff,0xff,0xff,0x30,0x06,0xef,0xff,0xff,0xff,0xe5,0x00,0x00,0x17,0xbe,
0xfe,0xc7,0x10,0x00,0x00,0x00,0xcf,0xe0,0x00,0x00,0x00,0x02,0xff,0xe0,0x00,0x00,0x00,0x05,0xff,0xe0,0x00,0x00,0x00,0x08,
0xff,0xe0,0x00,0x00,0x00,0x0b,0xff,0xe0,0x00,0x00,0x4a,0xdf,0xff,0xff,0xff,0xf5,0x7f,0xff,0xff,0xff,0xff,0xf5,0x4f,0xff,
0xff,0xff,0xff,0xf5,0x00,0x0f,0xff,0xe0,0x00,0x00,0x00,0x0f,0xff,0xe0,0x00,0x00,0x00,0x0f,0xff,0xe0,0x00,0x00,0x00,0x0f,
0xff,0xe0,0x00,0x00,0x00,0x0f,0xff,0xe0,0x00,0x00,0x00,0x0f,0xff,0xe0,0x00,0x00,0x00,0x0f,0xff,0xe0,0x00,0x00,0x00,0x0f,
0xff,0xe0,0x00,0x00,0x00,0x0f,0xff,0xe0,0x00,0x00,0x00,0x0f,0xff,0xf0,0x00,0x00,0x00,0x0e,0xff,0xf6,0x15,0x40,0x00,0x09,
0xff,0xff,0xff,0xe1,0x00,0x02,0xef,0xff,0xff,0xf8,0x00,0x00,0x2a,0xef,0xeb,0x50,0x03,0xff,0xfb,0x00,0x00,0x00,0xdf,0xff,
0x10,0x03,0xff,0xfb,0x00,0x00,0x00,0xdf,0xff,0x10,0x03,0xff,0xfb,0x00,0x00,0x00,0xdf,0xff,0x10,0x03,0xff,0xfb,0x00,0x00,
0x00,0xdf,0xff,0x10,0x03,0xff,0xfb,0x00,0x00,0x00,0xdf,0xff,0x10,0x03,0xff,0xfb,0x00,0x00,0x00,0xdf,0xff,0x10,0x03,0xff,
0xfb,0x00,0x00,0x00,0xdf,0xff,0x10,0x03,0xff,0xfb,0x00,0x00,0x00,0xdf,0xff,0x10,0x03,0xff,0xfb,0x00,0x00,0x00,0xdf,0xff,
0x10,0x03,0xff,0xfb,0x00,0x00,0x00,0xdf,0xff,0x10,0x03,0xff,0xfb,0x00,0x00,0x00,0xdf,0xff,0x10,0x02,0xff,0xfd,0x00,0x00,
0x00,0xdf,0xff,0x10,0x00,0xff,0xff,0x20,0x00,0x03,0xef,0xff,0x10,0x00,0xbf,0xff,0xc3,0x12,0x8f,0xff,0xff,0x10,0x00,0x4f,
0xff,0xff,0xff,0xff,0xff,0xff,0x10,0x00,0x07,0xff,0xff,0xff,0xf9,0x7f,0xff,0x10,0x00,0x00,0x4b,0xef,0xda,0x40,0x2e,0xff,
0x10,0xaf,0xfe,0x50,0x00,0x00,0x00,0x4e,0xff,0x80,0x4f,0xff,0xc0,0x00,0x00,0x00,0xbf,0xff,0x30,0x0d,0xff,0xf2,0x00,0x00,
0x01,0xff,0xfc,0x00,0x08,0xff,0xf7,0x00,0x00,0x06,0xff,0xf6,0x00,0x02,0xff,0xfd,0x00,0x00,0x0c,0xff,0xe1,0x00,0x00,0xbf,
0xff,0x30,0x00,0x2f,0xff,0xa0,0x00,0x00,0x6f,0xff,0x80,0x00,0x7f,0xff,0x40,0x00,0x00,0x1e,0xff,0xd0,0x00,0xdf,0xfd,0x00,
0x00,0x00,0x09,0xff,0xf4,0x03,0xff,0xf7,0x00,0x00,0x00,0x03,0xff,0xf9,0x08,0xff,0xf2,0x00,0x00,0x00,0x00,0xdf,0xfd,0x0d,
0xff,0xb0,0x00,0x00,0x00,0x00,0x7f,0xff,0x5f,0xff,0x50,0x00,0x00,0x00,0x00,0x1f,0xff,0xcf,0xfe,0x00,0x00,0x00,0x00,0x00,
0x0a,0xff,0xff,0xf9,0x00,0x00,0x00,0x00,0x00,0x05,0xff,0xff,0xf3,0x00,0x00,0x00,0x00,0x00,0x00,0xef,0xff,0xc0,0x00,0x00,
0x00,0x00,0x00,0x00,0x8f,0xff,0x60,0x00,0x00,0x00,0x9f,0xfe,0x50,0x00,0x00,0x0b,0xff,0xa0,0x00,0x00,0x07,0xff,0xf4,0x4f,
0xff,0xc0,0x00,0x00,0x4f,0xff,0xf2,0x00,0x00,0x0e,0xff,0xe0,0x0e,0xff,0xf1,0x00,0x00,0x8f,0xff,0xf6,0x00,0x00,0x3f,0xff,
0x90,0x0a,0xff,0xf4,0x00,0x00,0xdf,0xff,0xfa,0x00,0x00,0x7f,0xff,0x50,0x05,0xff,0xf8,0x00,0x02,0xff,0xef,0xfe,0x00,0x00,
0xbf,0xff,0x10,0x01,0xff,0xfc,0x00,0x07,0xff,0x9e,0xff,0x40,0x00,0xef,0xfb,0x00,0x00,0xbf,0xff,0x10,0x0b,0xff,0x5a,0xff,
0x80,0x04,0xff,0xf6,0x00,0x00,0x6f,0xff,0x50,0x1f,0xff,0x16,0xff,0xd0,0x08,0xff,0xf1,0x00,0x00,0x2f,0xff,0x90,0x5f,0xfb,
0x01,0xff,0xf2,0x0c,0xff,0xc0,0x00,0x00,0x0c,0xff,0xd0,0x9f,0xf7,0x00,0xcf,0xf6,0x1f,0xff,0x70,0x00,0x00,0x08,0xff,0xf1,
0xef,0xf2,0x00,0x7f,0xfb,0x4f,0xff,0x20,0x00,0x00,0x03,0xff,0xf7,0xff,0xd0,0x00,0x3f,0xfe,0x7f,0xfd,0x00,0x00,0x00,0x00,
0xdf,0xfd,0xff,0x80,0x00,0x0d,0xff,0xdf,0xf8,0x00,0x00,0x00,0x00,0x9f,0xff,0xff,0x30,0x00,0x09,0xff,0xff,0xf4,0x00,0x00,
0x00,0x00,0x4f,0xff,0xfe,0x00,0x00,0x04,0xff,0xff,0xe0,0x00,0x00,0x00,0x00,0x0e,0xff,0xf9,0x00,0x00,0x00,0xef,0xff,0x90,
0x00,0x00,0x00,0x00,0x0a,0xff,0xe3,0x00,0x00,0x00,0x9f,0xff,0x50,0x00,0x00,0x5f,0xff,0xe2,0x00,0x00,0x02,0xdf,0xfe,0x20,
0x0b,0xff,0xfb,0x00,0x00,0x0b,0xff,0xf6,0x00,0x02,0xef,0xff,0x50,0x00,0x5f,0xff,0xb0,0x00,0x00,0x6f,0xff,0xd1,0x01,0xdf,
0xfe,0x20,0x00,0x00,0x0b,0xff,0xf8,0x09,0xff,0xf6,0x00,0x00,0x00,0x02,0xef,0xff,0x5f,0xff,0xb0,0x00,0x00,0x00,0x00,0x6f,
0xff,0xff,0xfe,0x10,0x00,0x00,0x00,0x00,0x0b,0xff,0xff,0xf5,0x00,0x00,0x00,0x00,0x00,0x07,0xff,0xff,0xf4,0x00,0x00,0x00,
0x00,0x00,0x2e,0xff,0xff,0xfd,0x00,0x00,0x00,0x00,0x00,0xbf,0xff,0xcf,0xff,0x80,0x00,0x00,0x00,0x06,0xff,0xfa,0x2f,0xff,
0xf3,0x00,0x00,0x00,0x1e,0xff,0xe1,0x08,0xff,0xfc,0x00,0x00,0x00,0xaf,0xff,0x60,0x01,0xef,0xff,0x60,0x00,0x04,0xff,0xfc,
0x00,0x00,0x5f,0xff,0xe1,0x00,0x1d,0xff,0xf3,0x00,0x00,0x0c,0xff,0xfa,0x00,0x9f,0xff,0x70,0x00,0x00,0x02,0xdf,0xff,0x40,
0xaf,0xff,0x70,0x00,0x00,0x00,0x3e,0xff,0xa0,0x4f,0xff,0xe1,0x00,0x00,0x00,0xaf,0xff,0x30,0x0c,0xff,0xf6,0x00,0x00,0x01,
0xff,0xfc,0x00,0x06,0xff,0xfc,0x00,0x00,0x07,0xff,0xf6,0x00,0x01,0xef,0xff,0x30,0x00,0x0c,0xff,0xe0,0x00,0x00,0x8f,0xff,
0x90,0x00,0x3f,0xff,0x80,0x00,0x00,0x2f,0xff,0xe1,0x00,0x9f,0xff,0x20,0x00,0x00,0x0a,0xff,0xf6,0x00,0xef,0xfa,0x00,0x00,
0x00,0x04,0xff,0xfc,0x05,0xff,0xf4,0x00,0x00,0x00,0x00,0xcf,0xff,0x3b,0xff,0xd0,0x00,0x00,0x00,0x00,0x6f,0xff,0x9f,0xff,
0x60,0x00,0x00,0x00,0x00,0x0e,0xff,0xff,0xfe,0x10,0x00,0x00,0x00,0x00,0x08,0xff,0xff,0xf9,0x00,0x00,0x00,0x00,0x00,0x02,
0xff,0xff,0xf2,0x00,0x00,0x00,0x00,0x00,0x00,0xaf,0xff,0xb0,0x00,0x00,0x00,0x00,0x00,0x00,0x6f,0xff,0x50,0x00,0x00,0x00,
0x00,0x00,0x00,0xcf,0xfd,0x00,0x00,0x00,0x00,0x00,0x00,0x04,0xff,0xf7,0x00,0x00,0x00,0x00,0x00,0x00,0x0b,0xff,0xe1,0x00,
0x00,0x00,0x00,0x00,0x00,0x3f,0xff,0x90,0x00,0x00,0x00,0x00,0x00,0x00,0xaf,0xff,0x30,0x00,0x00,0x00,0x00,0x00,0x02,0xff,
0xf9,0x00,0x00,0x00,0x00,0x00,0x0b,0xff,0xff,0xff,0xff,0xff,0xfb,0x00,0x0b,0xff,0xff,0xff,0xff,0xff,0xfb,0x00,0x0b,0xff,
0xff,0xff,0xff,0xff,0xf9,0x00,0x00,0x00,0x00,0x00,0x3f,0xff,0xe2,0x00,0x00,0x00,0x00,0x00,0xcf,0xff,0x50,0x00,0x00,0x00,
0x00,0x09,0xff,0xf9,0x00,0x00,0x00,0x00,0x00,0x5f,0xff,0xc0,0x00,0x00,0x00,0x00,0x01,0xef,0xff,0x30,0x00,0x00,0x00,0x00,
0x0b,0xff,0xf6,0x00,0x00,0x00,0x00,0x00,0x7f,0xff,0xa0,0x00,0x00,0x00,0x00,0x03,0xff,0xfd,0x10,0x00,0x00,0x00,0x00,0x1d,
0xff,0xf4,0x00,0x00,0x00,0x00,0x00,0x9f,0xff,0x80,0x00,0x00,0x00,0x00,0x05,0xff,0xfc,0x00,0x00,0x00,0x00,0x00,0x0e,0xff,
0xff,0xff,0xff,0xff,0xf8,0x00,0x2f,0xff,0xff,0xff,0xff,0xff,0xf8,0x00,0x3f,0xff,0xff,0xff,0xff,0xff,0xf8,0x00,0x00,0x00,
0x39,0xde,0xd0,0x00,0x07,0xff,0xff,0xd0,0x00,0x3f,0xff,0xff,0xa0,0x00,0x9f,0xff,0x71,0x00,0x00,0xcf,0xfb,0x00,0x00,0x00,
0xdf,0xf9,0x00,0x00,0x00,0xbf,0xfa,0x00,0x00,0x00,0x9f,0xfb,0x00,0x00,0x00,0x7f,0xfd,0x00,0x00,0x00,0x4f,0xff,0x00,0x00,
0x00,0x3f,0xff,0x20,0x00,0x00,0x4f,0xff,0x20,0x00,0x02,0xbf,0xfe,0x00,0x00,0x1f,0xff,0xf5,0x00,0x00,0x1f,0xfe,0x40,0x00,
0x00,0x1f,0xff,0xe3,0x00,0x00,0x02,0xcf,0xfd,0x00,0x00,0x00,0x4f,0xff,0x10,0x00,0x00,0x3f,0xff,0x20,0x00,0x00,0x4f,0xff,
0x10,0x00,0x00,0x6f,0xfe,0x00,0x00,0x00,0x8f,0xfc,0x00,0x00,0x00,0xaf,0xfa,0x00,0x00,0x00,0xcf,0xf9,0x00,0x00,0x00,0xdf,
0xf9,0x00,0x00,0x00,0xcf,0xfc,0x00,0x00,0x00,0x8f,0xff,0x71,0x00,0x00,0x2f,0xff,0xff,0xa0,0x00,0x06,0xff,0xff,0xd0,0x00,
0x00,0x39,0xdf,0xd0,0x00,0x5f,0xfb,0x00,0x00,0x5f,0xfb,0x00,0x00,0x5f,0xfb,0x00,0x00,0x5f,0xfb,0x00,0x00,0x5f,0xfb,0x00,
0x00,0x5f,0xfb,0x00,0x00,0x5f,0xfb,0x00,0x00,0x5f,0xfb,0x00,0x00,0x5f,0xfb,0x00,0x00,0x5f,0xfb,0x00,0x00,0x5f,0xfb,0x00,
0x00,0x5f,0xfb,0x00,0x00,0x5f,0xfb,0x00,0x00,0x5f,0xfb,0x00,0x00,0x5f,0xfb,0x00,0x00,0x5f,0xfb,0x00,0x00,0x5f,0xfb,0x00,
0x00,0x5f,0xfb,0x00,0x00,0x5f,0xfb,0x00,0x00,0x5f,0xfb,0x00,0x00,0x5f,0xfb,0x00,0x00,0x5f,0xfb,0x00,0x00,0x5f,0xfb,0x00,
0x00,0x5f,0xfb,0x00,0x00,0x5f,0xfb,0x00,0x00,0x5f,0xfb,0x00,0x00,0x5f,0xfb,0x00,0x00,0x5f,0xfb,0x00,0x00,0x5f,0xfb,0x00,
0x00,0x5f,0xfb,0x00,0x00,0x5f,0xfb,0x00,0x1f,0xec,0x82,0x00,0x00,0x1f,0xff,0xfe,0x40,0x00,0x0d,0xff,0xff,0xe1,0x00,0x00,
0x29,0xff,0xf6,0x00,0x00,0x01,0xef,0xf9,0x00,0x00,0x00,0xdf,0xf9,0x00,0x00,0x00,0xdf,0xf8,0x00,0x00,0x00,0xef,0xf6,0x00,
0x00,0x01,0xff,0xf3,0x00,0x00,0x04,0xff,0xf1,0x00,0x00,0x05,0xff,0xf0,0x00,0x00,0x05,0xff,0xf1,0x00,0x00,0x02,0xff,0xf9,
0x10,0x00,0x00,0x8f,0xff,0xd0,0x00,0x00,0x07,0xff,0xd0,0x00,0x00,0x6f,0xff,0xd0,0x00,0x01,0xff,0xf9,0x10,0x00,0x05,0xff,
0xf1,0x00,0x00,0x05,0xff,0xf0,0x00,0x00,0x04,0xff,0xf1,0x00,0x00,0x03,0xff,0xf3,0x00,0x00,0x01,0xff,0xf5,0x00,0x00,0x00,
0xef,0xf7,0x00,0x00,0x00,0xdf,0xf9,0x00,0x00,0x00,0xdf,0xf9,0x00,0x00,0x01,0xff,0xf8,0x00,0x00,0x2a,0xff,0xf5,0x00,0x0d,
0xff,0xff,0xd0,0x00,0x1f,0xff,0xfe,0x30,0x00,0x1f,0xec,0x81,0x00,0x00,0x00,0x00,0x00,0x00,0x00,0x00,0x01,0x88,0x80,0x00,
0x00,0x01,0x9d,0xfd,0x71,0x00,0x04,0xff,0xf0,0x00,0x00,0x1d,0xff,0xff,0xfe,0x71,0x2c,0xff,0xc0,0x00,0x00,0xaf,0xff,0xff,
0xff,0xff,0xff,0xff,0x60,0x00,0x01,0xff,0xf9,0x13,0xaf,0xff,0xff,0xfb,0x00,0x00,0x04,0xff,0xf1,0x00,0x03,0xae,0xfc,0x70,
0x00,0x00,0x05,0xff,0xc0,0x00,0x00,0x00,0x00,0x00,0x00,0x00,0x00,0x00,0x00,0x00,0x00,0x00,0x00,0x00,0x00,0x00,0x00,0x00,
0x00,0x00,0x00,0x00,0x00,0x00,0x00,0x00,0x00,0x00,0x00,0x00,0x00,0x00,0x00,0x00,0x00,0x00,0x00,0x00,0x00,0x00,0x00,0x00,
0x00,0x00,0x00,0x00,0x00,0x00,0x00,0x00,0x00,0x00,0x00,0x00,0x00,0x00,0x00,0x00,0x00,0x00,0x00,0x00,0x00,0x00,0x00,0x00,
};
#endif

static const lv_font_fmt_txt_glyph_dsc_t product_text_32_glyphs[]={
{.bitmap_index=0,.adv_w=0,.box_w=0,.box_h=0,.ofs_x=0,.ofs_y=0},
{.bitmap_index=0,.adv_w=128,.box_w=8,.box_h=0,.ofs_x=0,.ofs_y=0},
{.bitmap_index=0,.adv_w=144,.box_w=9,.box_h=24,.ofs_x=0,.ofs_y=0},
{.bitmap_index=120,.adv_w=208,.box_w=13,.box_h=24,.ofs_x=0,.ofs_y=0},
{.bitmap_index=288,.adv_w=304,.box_w=19,.box_h=24,.ofs_x=0,.ofs_y=0},
{.bitmap_index=528,.adv_w=304,.box_w=19,.box_h=30,.ofs_x=0,.ofs_y=-3},
{.bitmap_index=828,.adv_w=416,.box_w=26,.box_h=24,.ofs_x=0,.ofs_y=0},
{.bitmap_index=1140,.adv_w=368,.box_w=24,.box_h=24,.ofs_x=0,.ofs_y=0},
{.bitmap_index=1428,.adv_w=112,.box_w=7,.box_h=24,.ofs_x=0,.ofs_y=0},
{.bitmap_index=1524,.adv_w=144,.box_w=9,.box_h=32,.ofs_x=0,.ofs_y=-6},
{.bitmap_index=1684,.adv_w=144,.box_w=9,.box_h=32,.ofs_x=0,.ofs_y=-6},
{.bitmap_index=1844,.adv_w=224,.box_w=14,.box_h=25,.ofs_x=0,.ofs_y=0},
{.bitmap_index=2019,.adv_w=304,.box_w=19,.box_h=19,.ofs_x=0,.ofs_y=0},
{.bitmap_index=2209,.adv_w=112,.box_w=7,.box_h=10,.ofs_x=0,.ofs_y=-5},
{.bitmap_index=2249,.adv_w=192,.box_w=12,.box_h=11,.ofs_x=0,.ofs_y=0},
{.bitmap_index=2315,.adv_w=128,.box_w=8,.box_h=5,.ofs_x=0,.ofs_y=0},
{.bitmap_index=2335,.adv_w=240,.box_w=15,.box_h=26,.ofs_x=0,.ofs_y=-2},
{.bitmap_index=2543,.adv_w=304,.box_w=19,.box_h=24,.ofs_x=0,.ofs_y=0},
{.bitmap_index=2783,.adv_w=304,.box_w=19,.box_h=24,.ofs_x=0,.ofs_y=0},
{.bitmap_index=3023,.adv_w=304,.box_w=19,.box_h=24,.ofs_x=0,.ofs_y=0},
{.bitmap_index=3263,.adv_w=304,.box_w=19,.box_h=24,.ofs_x=0,.ofs_y=0},
{.bitmap_index=3503,.adv_w=304,.box_w=19,.box_h=24,.ofs_x=0,.ofs_y=0},
{.bitmap_index=3743,.adv_w=304,.box_w=19,.box_h=24,.ofs_x=0,.ofs_y=0},
{.bitmap_index=3983,.adv_w=304,.box_w=19,.box_h=24,.ofs_x=0,.ofs_y=0},
{.bitmap_index=4223,.adv_w=304,.box_w=19,.box_h=24,.ofs_x=0,.ofs_y=0},
{.bitmap_index=4463,.adv_w=304,.box_w=19,.box_h=24,.ofs_x=0,.ofs_y=0},
{.bitmap_index=4703,.adv_w=304,.box_w=19,.box_h=24,.ofs_x=0,.ofs_y=0},
{.bitmap_index=4943,.adv_w=128,.box_w=8,.box_h=16,.ofs_x=0,.ofs_y=0},
{.bitmap_index=5007,.adv_w=144,.box_w=9,.box_h=21,.ofs_x=0,.ofs_y=-5},
{.bitmap_index=5112,.adv_w=304,.box_w=19,.box_h=19,.ofs_x=0,.ofs_y=0},
{.bitmap_index=5302,.adv_w=304,.box_w=19,.box_h=16,.ofs_x=0,.ofs_y=0},
{.bitmap_index=5462,.adv_w=304,.box_w=19,.box_h=19,.ofs_x=0,.ofs_y=0},
{.bitmap_index=5652,.adv_w=240,.box_w=15,.box_h=24,.ofs_x=0,.ofs_y=0},
{.bitmap_index=5844,.adv_w=432,.box_w=27,.box_h=27,.ofs_x=0,.ofs_y=-4},
{.bitmap_index=6222,.adv_w=352,.box_w=24,.box_h=24,.ofs_x=-1,.ofs_y=0},
{.bitmap_index=6510,.adv_w=336,.box_w=21,.box_h=24,.ofs_x=0,.ofs_y=0},
{.bitmap_index=6774,.adv_w=336,.box_w=21,.box_h=24,.ofs_x=0,.ofs_y=0},
{.bitmap_index=7038,.adv_w=384,.box_w=24,.box_h=24,.ofs_x=0,.ofs_y=0},
{.bitmap_index=7326,.adv_w=288,.box_w=18,.box_h=24,.ofs_x=0,.ofs_y=0},
{.bitmap_index=7542,.adv_w=288,.box_w=18,.box_h=24,.ofs_x=0,.ofs_y=0},
{.bitmap_index=7758,.adv_w=368,.box_w=23,.box_h=24,.ofs_x=0,.ofs_y=0},
{.bitmap_index=8046,.adv_w=400,.box_w=25,.box_h=24,.ofs_x=0,.ofs_y=0},
{.bitmap_index=8358,.adv_w=144,.box_w=9,.box_h=24,.ofs_x=0,.ofs_y=0},
{.bitmap_index=8478,.adv_w=224,.box_w=14,.box_h=24,.ofs_x=0,.ofs_y=0},
{.bitmap_index=8646,.adv_w=352,.box_w=23,.box_h=24,.ofs_x=0,.ofs_y=0},
{.bitmap_index=8934,.adv_w=272,.box_w=17,.box_h=24,.ofs_x=0,.ofs_y=0},
{.bitmap_index=9150,.adv_w=480,.box_w=30,.box_h=24,.ofs_x=0,.ofs_y=0},
{.bitmap_index=9510,.adv_w=400,.box_w=25,.box_h=24,.ofs_x=0,.ofs_y=0},
{.bitmap_index=9822,.adv_w=416,.box_w=26,.box_h=24,.ofs_x=0,.ofs_y=0},
{.bitmap_index=10134,.adv_w=320,.box_w=20,.box_h=24,.ofs_x=0,.ofs_y=0},
{.bitmap_index=10374,.adv_w=416,.box_w=26,.box_h=29,.ofs_x=0,.ofs_y=-5},
{.bitmap_index=10751,.adv_w=336,.box_w=21,.box_h=24,.ofs_x=0,.ofs_y=0},
{.bitmap_index=11015,.adv_w=288,.box_w=18,.box_h=24,.ofs_x=0,.ofs_y=0},
{.bitmap_index=11231,.adv_w=304,.box_w=19,.box_h=24,.ofs_x=0,.ofs_y=0},
{.bitmap_index=11471,.adv_w=384,.box_w=24,.box_h=24,.ofs_x=0,.ofs_y=0},
{.bitmap_index=11759,.adv_w=352,.box_w=24,.box_h=24,.ofs_x=-1,.ofs_y=0},
{.bitmap_index=12047,.adv_w=544,.box_w=34,.box_h=24,.ofs_x=0,.ofs_y=0},
{.bitmap_index=12455,.adv_w=336,.box_w=22,.box_h=24,.ofs_x=0,.ofs_y=0},
{.bitmap_index=12719,.adv_w=336,.box_w=22,.box_h=24,.ofs_x=-1,.ofs_y=0},
{.bitmap_index=12983,.adv_w=304,.box_w=19,.box_h=24,.ofs_x=0,.ofs_y=0},
{.bitmap_index=13223,.adv_w=160,.box_w=10,.box_h=30,.ofs_x=0,.ofs_y=-5},
{.bitmap_index=13373,.adv_w=240,.box_w=15,.box_h=26,.ofs_x=0,.ofs_y=-2},
{.bitmap_index=13581,.adv_w=160,.box_w=10,.box_h=30,.ofs_x=0,.ofs_y=-5},
{.bitmap_index=13731,.adv_w=304,.box_w=19,.box_h=24,.ofs_x=0,.ofs_y=0},
{.bitmap_index=13971,.adv_w=240,.box_w=15,.box_h=5,.ofs_x=0,.ofs_y=-5},
{.bitmap_index=14011,.adv_w=208,.box_w=13,.box_h=24,.ofs_x=0,.ofs_y=0},
{.bitmap_index=14179,.adv_w=256,.box_w=16,.box_h=17,.ofs_x=0,.ofs_y=0},
{.bitmap_index=14315,.adv_w=288,.box_w=18,.box_h=24,.ofs_x=0,.ofs_y=0},
{.bitmap_index=14531,.adv_w=240,.box_w=15,.box_h=17,.ofs_x=0,.ofs_y=0},
{.bitmap_index=14667,.adv_w=288,.box_w=18,.box_h=24,.ofs_x=0,.ofs_y=0},
{.bitmap_index=14883,.adv_w=272,.box_w=17,.box_h=17,.ofs_x=0,.ofs_y=0},
{.bitmap_index=15036,.adv_w=176,.box_w=12,.box_h=24,.ofs_x=0,.ofs_y=0},
{.bitmap_index=15180,.adv_w=272,.box_w=17,.box_h=22,.ofs_x=0,.ofs_y=-5},
{.bitmap_index=15378,.adv_w=288,.box_w=18,.box_h=24,.ofs_x=0,.ofs_y=0},
{.bitmap_index=15594,.adv_w=128,.box_w=8,.box_h=24,.ofs_x=0,.ofs_y=0},
{.bitmap_index=15690,.adv_w=128,.box_w=10,.box_h=29,.ofs_x=-2,.ofs_y=-5},
{.bitmap_index=15835,.adv_w=272,.box_w=18,.box_h=24,.ofs_x=0,.ofs_y=0},
{.bitmap_index=16051,.adv_w=128,.box_w=8,.box_h=24,.ofs_x=0,.ofs_y=0},
{.bitmap_index=16147,.adv_w=432,.box_w=27,.box_h=17,.ofs_x=0,.ofs_y=0},
{.bitmap_index=16385,.adv_w=288,.box_w=18,.box_h=17,.ofs_x=0,.ofs_y=0},
{.bitmap_index=16538,.adv_w=288,.box_w=18,.box_h=17,.ofs_x=0,.ofs_y=0},
{.bitmap_index=16691,.adv_w=288,.box_w=18,.box_h=22,.ofs_x=0,.ofs_y=-5},
{.bitmap_index=16889,.adv_w=288,.box_w=18,.box_h=22,.ofs_x=0,.ofs_y=-5},
{.bitmap_index=17087,.adv_w=192,.box_w=12,.box_h=17,.ofs_x=0,.ofs_y=0},
{.bitmap_index=17189,.adv_w=224,.box_w=14,.box_h=17,.ofs_x=0,.ofs_y=0},
{.bitmap_index=17308,.adv_w=192,.box_w=12,.box_h=22,.ofs_x=0,.ofs_y=0},
{.bitmap_index=17440,.adv_w=288,.box_w=18,.box_h=17,.ofs_x=0,.ofs_y=0},
{.bitmap_index=17593,.adv_w=272,.box_w=17,.box_h=17,.ofs_x=0,.ofs_y=0},
{.bitmap_index=17746,.adv_w=416,.box_w=26,.box_h=17,.ofs_x=0,.ofs_y=0},
{.bitmap_index=17967,.adv_w=272,.box_w=17,.box_h=17,.ofs_x=0,.ofs_y=0},
{.bitmap_index=18120,.adv_w=272,.box_w=17,.box_h=22,.ofs_x=0,.ofs_y=-5},
{.bitmap_index=18318,.adv_w=240,.box_w=15,.box_h=17,.ofs_x=0,.ofs_y=0},
{.bitmap_index=18454,.adv_w=160,.box_w=10,.box_h=30,.ofs_x=0,.ofs_y=-5},
{.bitmap_index=18604,.adv_w=128,.box_w=8,.box_h=31,.ofs_x=0,.ofs_y=-5},
{.bitmap_index=18728,.adv_w=160,.box_w=10,.box_h=30,.ofs_x=0,.ofs_y=-5},
{.bitmap_index=18878,.adv_w=304,.box_w=19,.box_h=13,.ofs_x=0,.ofs_y=0},
};

static lv_font_fmt_txt_dsc_t product_text_32_dsc={
#if !NOODOE_PRODUCT
.glyph_bitmap=product_text_32_bitmap,
#endif
.glyph_dsc=product_text_32_glyphs,.cmaps=product_text_16_map,.cmap_num=1,.bpp=4,.bitmap_format=0,.stride=1};

const lv_font_t product_text_32={.get_glyph_dsc=lv_font_get_glyph_dsc_fmt_txt,.get_glyph_bitmap=lv_font_get_bitmap_fmt_txt,.line_height=37,.base_line=8,.dsc=&product_text_32_dsc};

/* Return a prebuilt font; unsupported sizes return NULL, never a scaled substitute. */
const lv_font_t *Product_TextFont(uint32_t pixels)
{
    switch(pixels){
    case 16U:return &product_text_16;
    case 20U:return &product_text_20;
    case 24U:return &product_text_24;
    case 32U:return &product_text_32;
    default:return NULL;
    }
}

uint32_t Product_TextFontsBind(void)
{
#if NOODOE_PRODUCT
    extern uint32_t Product_AuxAssetsBind(void);
    if(!Product_AuxAssetsBind())return 0;
    static const ProductFontBinding bindings[]={{RESOURCE_PRODUCT_TEXT_16,&product_text_16_dsc},{RESOURCE_PRODUCT_TEXT_20,&product_text_20_dsc},{RESOURCE_PRODUCT_TEXT_24,&product_text_24_dsc},{RESOURCE_PRODUCT_TEXT_32,&product_text_32_dsc}};
    return Product_FontsBindTable(bindings,sizeof(bindings)/sizeof(bindings[0]));
#endif
    return 1;
}
